Date,Department,Outpatient_Count,Emergency_Count,Temperature,Rainfall,Humidity,Air_Quality
2024-01-01,Cardiology,94.0,29.0,17.3,0.0,52.4,219.0
2024-01-01,Dermatology,39.0,7.0,17.3,0.0,52.4,219.0
2024-01-01,ENT,116.0,6.0,17.3,0.0,52.4,219.0
2024-01-01,Emergency,41.0,107.0,17.3,0.0,52.4,219.0
2024-01-01,General Medicine,229.0,,17.3,0.0,52.4,219.0
2024-01-01,Orthopedics,100.0,37.0,17.3,0.0,52.4,219.0
2024-01-01,Pediatrics,149.0,29.0,17.3,0.0,52.4,219.0
2024-01-01,Pulmonology,137.0,34.0,17.3,0.0,52.4,219.0
2024-01-02,Cardiology,83.0,27.0,17.9,0.0,,200.0
2024-01-02,Dermatology,32.0,5.0,17.9,0.0,52.3,200.0
2024-01-02,ENT,78.0,8.0,17.9,0.0,52.3,200.0
2024-01-02,Emergency,44.0,101.0,17.9,0.0,52.3,200.0
2024-01-02,General Medicine,198.0,24.0,17.9,0.0,52.3,200.0
2024-01-02,Orthopedics,102.0,33.0,17.9,0.0,52.3,200.0
2024-01-02,Pediatrics,144.0,38.0,17.9,0.0,52.3,200.0
2024-01-02,Pulmonology,103.0,24.0,17.9,0.0,52.3,200.0
2024-01-03,Cardiology,84.0,26.0,17.5,0.0,49.1,210.0
2024-01-03,Dermatology,30.0,7.0,17.5,0.0,49.1,210.0
2024-01-03,ENT,86.0,11.0,17.5,0.0,49.1,210.0
2024-01-03,Emergency,32.0,121.0,,0.0,49.1,210.0
2024-01-03,General Medicine,191.0,32.0,17.5,0.0,49.1,210.0
2024-01-03,Orthopedics,101.0,29.0,17.5,0.0,49.1,210.0
2024-01-03,Pediatrics,126.0,33.0,17.5,0.0,49.1,210.0
2024-01-03,Pulmonology,131.0,21.0,17.5,0.0,49.1,210.0
2024-01-04,Cardiology,81.0,23.0,18.1,0.0,51.0,222.0
2024-01-04,Dermatology,32.0,4.0,18.1,0.0,51.0,222.0
2024-01-04,ENT,102.0,12.0,18.1,0.0,51.0,222.0
2024-01-04,Emergency,44.0,107.0,18.1,0.0,51.0,222.0
2024-01-04,General Medicine,194.0,31.0,18.1,0.0,51.0,222.0
2024-01-04,Orthopedics,103.0,29.0,18.1,0.0,51.0,222.0
2024-01-04,Pediatrics,146.0,34.0,18.1,0.0,51.0,222.0
2024-01-04,Pulmonology,117.0,35.0,18.1,0.0,51.0,222.0
2024-01-05,Cardiology,76.0,29.0,19.6,0.0,54.3,218.0
2024-01-05,Dermatology,40.0,6.0,19.6,0.0,54.3,218.0
2024-01-05,ENT,98.0,8.0,19.6,0.0,54.3,218.0
2024-01-05,Emergency,38.0,92.0,19.6,0.0,54.3,218.0
2024-01-05,General Medicine,188.0,29.0,19.6,0.0,54.3,218.0
2024-01-05,Orthopedics,102.0,35.0,19.6,0.0,54.3,218.0
2024-01-05,Pediatrics,145.0,31.0,19.6,0.0,54.3,218.0
2024-01-05,Pulmonology,125.0,26.0,19.6,0.0,54.3,218.0
2024-01-06,Cardiology,73.0,28.0,18.4,0.0,55.4,239.0
2024-01-06,Dermatology,34.0,5.0,18.4,0.0,55.4,239.0
2024-01-06,ENT,92.0,17.0,18.4,0.0,55.4,239.0
2024-01-06,Emergency,33.0,121.0,18.4,0.0,55.4,239.0
2024-01-06,General Medicine,185.0,26.0,18.4,0.0,55.4,239.0
2024-01-06,Orthopedics,72.0,38.0,18.4,0.0,55.4,239.0
2024-01-06,Pediatrics,144.0,37.0,18.4,0.0,55.4,239.0
2024-01-06,Pulmonology,125.0,50.0,18.4,0.0,55.4,239.0
2024-01-07,Cardiology,19.0,34.0,17.7,0.0,54.9,214.0
2024-01-07,Dermatology,10.0,4.0,17.7,0.0,54.9,214.0
2024-01-07,ENT,28.0,17.0,17.7,0.0,54.9,214.0
2024-01-07,Emergency,8.0,128.0,17.7,0.0,54.9,214.0
2024-01-07,General Medicine,57.0,34.0,17.7,0.0,54.9,214.0
2024-01-07,Orthopedics,28.0,42.0,17.7,0.0,54.9,214.0
2024-01-07,Pediatrics,37.0,38.0,17.7,0.0,54.9,214.0
2024-01-07,Pulmonology,36.0,36.0,17.7,0.0,54.9,214.0
2024-01-08,Cardiology,102.0,27.0,19.3,0.0,56.8,225.0
2024-01-08,Dermatology,,6.0,19.3,0.0,56.8,225.0
2024-01-08,ENT,110.0,8.0,19.3,0.0,56.8,225.0
2024-01-08,Emergency,46.0,128.0,19.3,0.0,56.8,225.0
2024-01-08,General Medicine,224.0,28.0,19.3,0.0,56.8,225.0
2024-01-08,Orthopedics,108.0,34.0,19.3,0.0,56.8,225.0
2024-01-08,Pediatrics,154.0,38.0,19.3,0.0,56.8,225.0
2024-01-08,Pulmonology,137.0,26.0,19.3,0.0,56.8,225.0
2024-01-09,Cardiology,74.0,21.0,19.4,0.0,45.2,215.0
2024-01-09,Dermatology,29.0,4.0,19.4,0.0,45.2,215.0
2024-01-09,ENT,94.0,8.0,19.4,0.0,45.2,215.0
2024-01-09,Emergency,43.0,112.0,19.4,0.0,45.2,215.0
2024-01-09,General Medicine,171.0,34.0,19.4,0.0,45.2,215.0
2024-01-09,Orthopedics,104.0,33.0,19.4,0.0,45.2,215.0
2024-01-09,Pediatrics,136.0,38.0,19.4,0.0,45.2,215.0
2024-01-09,Pulmonology,112.0,29.0,19.4,0.0,45.2,215.0
2024-01-10,Cardiology,83.0,30.0,18.0,0.0,50.7,240.0
2024-01-10,Dermatology,25.0,8.0,18.0,0.0,50.7,240.0
2024-01-10,ENT,103.0,9.0,18.0,0.0,50.7,240.0
2024-01-10,Emergency,36.0,105.0,18.0,0.0,50.7,240.0
2024-01-10,General Medicine,215.0,33.0,18.0,0.0,50.7,240.0
2024-01-10,Orthopedics,94.0,30.0,18.0,0.0,50.7,240.0
2024-01-10,Pediatrics,147.0,34.0,18.0,0.0,50.7,240.0
2024-01-10,Pulmonology,144.0,36.0,18.0,0.0,50.7,240.0
2024-01-11,Cardiology,90.0,33.0,18.3,0.0,48.8,262.0
2024-01-11,Dermatology,36.0,4.0,18.3,0.0,48.8,262.0
2024-01-11,ENT,117.0,13.0,18.3,0.0,48.8,262.0
2024-01-11,Emergency,41.0,144.0,18.3,0.0,48.8,262.0
2024-01-11,General Medicine,190.0,30.0,18.3,0.0,48.8,262.0
2024-01-11,Orthopedics,89.0,36.0,18.3,0.0,48.8,262.0
2024-01-11,Pediatrics,175.0,38.0,18.3,0.0,48.8,262.0
2024-01-11,Pulmonology,170.0,49.0,18.3,0.0,48.8,262.0
2024-01-12,Cardiology,89.0,32.0,17.3,0.0,44.1,238.0
2024-01-12,Dermatology,23.0,3.0,17.3,0.0,44.1,238.0
2024-01-12,ENT,98.0,12.0,17.3,0.0,44.1,238.0
2024-01-12,Emergency,40.0,148.0,17.3,0.0,44.1,238.0
2024-01-12,General Medicine,186.0,39.0,17.3,0.0,44.1,238.0
2024-01-12,Orthopedics,95.0,33.0,17.3,0.0,44.1,238.0
2024-01-12,Pediatrics,150.0,37.0,17.3,0.0,44.1,238.0
2024-01-12,Pulmonology,133.0,33.0,17.3,0.0,44.1,238.0
2024-01-13,Cardiology,70.0,31.0,16.6,0.0,49.4,225.0
2024-01-13,Dermatology,15.0,8.0,16.6,0.0,49.4,225.0
2024-01-13,ENT,86.0,11.0,16.6,0.0,49.4,225.0
2024-01-13,Emergency,40.0,119.0,16.6,0.0,49.4,225.0
2024-01-13,General Medicine,155.0,33.0,16.6,0.0,49.4,225.0
2024-01-13,Orthopedics,83.0,34.0,16.6,0.0,49.4,225.0
2024-01-13,Pediatrics,132.0,46.0,16.6,0.0,49.4,225.0
2024-01-13,Pulmonology,113.0,34.0,16.6,0.0,49.4,225.0
2024-01-14,Cardiology,23.0,35.0,17.0,0.0,55.4,235.0
2024-01-14,Dermatology,9.0,8.0,17.0,0.0,55.4,235.0
2024-01-14,ENT,32.0,9.0,17.0,0.0,55.4,235.0
2024-01-14,Emergency,14.0,145.0,17.0,0.0,55.4,235.0
2024-01-14,General Medicine,54.0,43.0,17.0,0.0,55.4,235.0
2024-01-14,Orthopedics,25.0,32.0,17.0,0.0,55.4,235.0
2024-01-14,Pediatrics,39.0,38.0,17.0,0.0,55.4,235.0
2024-01-14,Pulmonology,40.0,37.0,17.0,0.0,55.4,235.0
2024-01-15,Cardiology,126.0,43.0,14.7,0.0,54.5,225.0
2024-01-15,Dermatology,37.0,4.0,14.7,0.0,54.5,225.0
2024-01-15,ENT,127.0,15.0,14.7,0.0,54.5,225.0
2024-01-15,Emergency,42.0,139.0,14.7,,54.5,225.0
2024-01-15,General Medicine,253.0,36.0,14.7,0.0,54.5,225.0
2024-01-15,Orthopedics,124.0,32.0,14.7,0.0,54.5,225.0
2024-01-15,Pediatrics,193.0,44.0,14.7,0.0,54.5,225.0
2024-01-15,Pulmonology,163.0,51.0,14.7,0.0,54.5,225.0
2024-01-16,Cardiology,120.0,52.0,13.5,0.0,57.8,222.0
2024-01-16,Dermatology,45.0,0.0,13.5,0.0,57.8,222.0
2024-01-16,ENT,136.0,21.0,13.5,0.0,57.8,222.0
2024-01-16,Emergency,37.0,154.0,13.5,0.0,57.8,222.0
2024-01-16,General Medicine,244.0,41.0,13.5,0.0,57.8,222.0
2024-01-16,Orthopedics,107.0,30.0,13.5,0.0,57.8,222.0
2024-01-16,Pediatrics,170.0,49.0,13.5,0.0,57.8,222.0
2024-01-16,Pulmonology,159.0,44.0,13.5,0.0,57.8,222.0
2024-01-17,Cardiology,123.0,49.0,14.0,0.0,61.6,222.0
2024-01-17,Dermatology,47.0,6.0,14.0,0.0,61.6,222.0
2024-01-17,ENT,120.0,16.0,14.0,0.0,61.6,222.0
2024-01-17,Emergency,35.0,137.0,14.0,0.0,61.6,222.0
2024-01-17,General Medicine,206.0,44.0,14.0,0.0,61.6,222.0
2024-01-17,Orthopedics,112.0,28.0,14.0,0.0,61.6,222.0
2024-01-17,Pediatrics,196.0,47.0,14.0,0.0,61.6,222.0
2024-01-17,Pulmonology,146.0,42.0,14.0,0.0,61.6,222.0
2024-01-18,Cardiology,127.0,47.0,13.9,0.0,63.0,194.0
2024-01-18,Dermatology,48.0,9.0,13.9,0.0,63.0,194.0
2024-01-18,ENT,116.0,14.0,13.9,0.0,63.0,194.0
2024-01-18,Emergency,33.0,142.0,13.9,0.0,63.0,194.0
2024-01-18,General Medicine,206.0,41.0,13.9,0.0,63.0,194.0
2024-01-18,Orthopedics,111.0,26.0,13.9,0.0,63.0,194.0
2024-01-18,Pediatrics,158.0,53.0,13.9,0.0,63.0,194.0
2024-01-18,Pulmonology,123.0,39.0,13.9,0.0,63.0,194.0
2024-01-19,Cardiology,100.0,36.0,15.4,0.0,64.4,201.0
2024-01-19,Dermatology,40.0,6.0,15.4,0.0,64.4,201.0
2024-01-19,ENT,102.0,11.0,15.4,0.0,64.4,201.0
2024-01-19,Emergency,34.0,128.0,15.4,0.0,64.4,201.0
2024-01-19,General Medicine,202.0,32.0,15.4,0.0,64.4,201.0
2024-01-19,Orthopedics,98.0,35.0,15.4,0.0,64.4,201.0
2024-01-19,Pediatrics,153.0,38.0,15.4,0.0,64.4,201.0
2024-01-19,Pulmonology,125.0,32.0,15.4,0.0,64.4,201.0
2024-01-20,Cardiology,84.0,49.0,14.9,0.0,62.6,197.0
2024-01-20,Dermatology,39.0,9.0,14.9,0.0,62.6,197.0
2024-01-20,ENT,80.0,16.0,14.9,0.0,62.6,197.0
2024-01-20,Emergency,26.0,130.0,14.9,0.0,62.6,197.0
2024-01-20,General Medicine,184.0,37.0,14.9,0.0,62.6,197.0
2024-01-20,Orthopedics,94.0,29.0,14.9,0.0,62.6,197.0
2024-01-20,Pediatrics,140.0,49.0,14.9,0.0,62.6,197.0
2024-01-20,Pulmonology,103.0,40.0,14.9,0.0,62.6,197.0
2024-01-21,Cardiology,39.0,45.0,13.9,0.0,59.5,197.0
2024-01-21,Cardiology,39.0,45.0,13.9,0.0,59.5,197.0
2024-01-21,Dermatology,9.0,11.0,13.9,0.0,59.5,197.0
2024-01-21,ENT,36.0,21.0,13.9,0.0,59.5,197.0
2024-01-21,Emergency,8.0,168.0,13.9,0.0,59.5,197.0
2024-01-21,General Medicine,67.0,39.0,13.9,,59.5,197.0
2024-01-21,Orthopedics,37.0,34.0,13.9,0.0,59.5,197.0
2024-01-21,Pediatrics,46.0,,13.9,0.0,59.5,197.0
2024-01-21,Pulmonology,37.0,54.0,13.9,0.0,59.5,197.0
2024-01-22,Cardiology,85.0,31.0,16.8,0.0,50.5,223.0
2024-01-22,Dermatology,30.0,5.0,16.8,0.0,50.5,223.0
2024-01-22,ENT,98.0,11.0,16.8,0.0,50.5,223.0
2024-01-22,Emergency,51.0,97.0,16.8,0.0,50.5,223.0
2024-01-22,General Medicine,212.0,30.0,16.8,0.0,50.5,223.0
2024-01-22,Orthopedics,115.0,26.0,16.8,0.0,50.5,223.0
2024-01-22,Pediatrics,167.0,36.0,16.8,0.0,50.5,223.0
2024-01-22,Pulmonology,139.0,33.0,16.8,0.0,50.5,223.0
2024-01-23,Cardiology,74.0,27.0,16.7,0.0,50.5,204.0
2024-01-23,Dermatology,27.0,6.0,16.7,0.0,50.5,204.0
2024-01-23,ENT,93.0,11.0,16.7,0.0,50.5,204.0
2024-01-23,Emergency,41.0,112.0,16.7,0.0,50.5,204.0
2024-01-23,General Medicine,189.0,30.0,16.7,0.0,50.5,204.0
2024-01-23,Orthopedics,101.0,34.0,16.7,0.0,50.5,204.0
2024-01-23,Pediatrics,137.0,32.0,16.7,0.0,50.5,204.0
2024-01-23,Pulmonology,106.0,19.0,16.7,0.0,50.5,204.0
2024-01-24,Cardiology,81.0,23.0,16.9,0.0,48.3,220.0
2024-01-24,Dermatology,29.0,10.0,16.9,0.0,48.3,220.0
2024-01-24,ENT,86.0,10.0,16.9,0.0,48.3,220.0
2024-01-24,Emergency,,108.0,16.9,0.0,48.3,220.0
2024-01-24,General Medicine,202.0,29.0,16.9,0.0,48.3,220.0
2024-01-24,Orthopedics,89.0,38.0,16.9,0.0,48.3,220.0
2024-01-24,Pediatrics,136.0,27.0,16.9,0.0,48.3,220.0
2024-01-24,Pulmonology,113.0,25.0,16.9,0.0,48.3,220.0
2024-01-25,Cardiology,96.0,43.0,15.3,0.0,58.1,216.0
2024-01-25,Dermatology,40.0,7.0,15.3,0.0,58.1,216.0
2024-01-25,ENT,102.0,10.0,15.3,0.0,58.1,216.0
2024-01-25,Emergency,36.0,149.0,15.3,0.0,58.1,216.0
2024-01-25,General Medicine,192.0,36.0,15.3,0.0,58.1,216.0
2024-01-25,Orthopedics,107.0,26.0,15.3,0.0,58.1,216.0
2024-01-25,Pediatrics,150.0,42.0,15.3,0.0,58.1,216.0
2024-01-25,Pulmonology,121.0,40.0,15.3,0.0,58.1,216.0
2024-01-26,Cardiology,98.0,28.0,15.3,0.0,55.5,213.0
2024-01-26,Dermatology,35.0,7.0,15.3,0.0,55.5,213.0
2024-01-26,ENT,105.0,10.0,15.3,0.0,55.5,213.0
2024-01-26,Emergency,37.0,139.0,15.3,0.0,55.5,213.0
2024-01-26,General Medicine,201.0,34.0,15.3,0.0,55.5,213.0
2024-01-26,Orthopedics,101.0,29.0,15.3,0.0,55.5,213.0
2024-01-26,Pediatrics,145.0,33.0,15.3,0.0,55.5,213.0
2024-01-26,Pulmonology,125.0,33.0,15.3,0.0,55.5,213.0
2024-01-27,Cardiology,72.0,36.0,16.2,0.0,54.6,
2024-01-27,Dermatology,24.0,8.0,16.2,0.0,54.6,226.0
2024-01-27,ENT,86.0,11.0,16.2,0.0,54.6,226.0
2024-01-27,Emergency,36.0,133.0,16.2,0.0,54.6,226.0
2024-01-27,General Medicine,179.0,26.0,16.2,0.0,54.6,226.0
2024-01-27,Orthopedics,87.0,26.0,16.2,0.0,54.6,226.0
2024-01-27,Pediatrics,129.0,27.0,16.2,0.0,54.6,226.0
2024-01-27,Pulmonology,107.0,32.0,16.2,0.0,54.6,226.0
2024-01-28,Cardiology,28.0,39.0,15.2,0.0,56.2,228.0
2024-01-28,Dermatology,7.0,8.0,15.2,0.0,56.2,228.0
2024-01-28,ENT,32.0,17.0,15.2,0.0,56.2,228.0
2024-01-28,Emergency,10.0,157.0,15.2,0.0,56.2,228.0
2024-01-28,General Medicine,58.0,36.0,15.2,0.0,56.2,228.0
2024-01-28,Orthopedics,28.0,31.0,15.2,0.0,56.2,228.0
2024-01-28,Pediatrics,45.0,44.0,15.2,0.0,56.2,228.0
2024-01-28,Pulmonology,40.0,40.0,15.2,0.0,56.2,228.0
2024-01-29,Cardiology,95.0,28.0,16.4,0.0,54.7,234.0
2024-01-29,Dermatology,32.0,7.0,16.4,0.0,54.7,234.0
2024-01-29,ENT,122.0,14.0,16.4,0.0,54.7,234.0
2024-01-29,Emergency,41.0,131.0,16.4,0.0,54.7,234.0
2024-01-29,General Medicine,228.0,31.0,16.4,0.0,54.7,234.0
2024-01-29,Orthopedics,119.0,29.0,16.4,0.0,54.7,234.0
2024-01-29,Orthopedics,119.0,29.0,16.4,0.0,54.7,234.0
2024-01-29,Pediatrics,158.0,35.0,16.4,0.0,54.7,234.0
2024-01-29,Pulmonology,137.0,38.0,16.4,0.0,54.7,234.0
2024-01-30,Cardiology,89.0,25.0,16.1,0.0,59.9,243.0
2024-01-30,Dermatology,34.0,9.0,16.1,0.0,59.9,243.0
2024-01-30,ENT,116.0,10.0,16.1,0.0,59.9,243.0
2024-01-30,Emergency,40.0,130.0,16.1,0.0,59.9,243.0
2024-01-30,General Medicine,211.0,30.0,16.1,0.0,59.9,243.0
2024-01-30,Orthopedics,95.0,30.0,16.1,0.0,59.9,243.0
2024-01-30,Pediatrics,160.0,41.0,16.1,0.0,59.9,243.0
2024-01-30,Pulmonology,159.0,42.0,16.1,0.0,59.9,243.0
2024-01-31,Cardiology,84.0,32.0,16.2,0.0,54.8,231.0
2024-01-31,Dermatology,33.0,8.0,16.2,0.0,54.8,231.0
2024-01-31,ENT,103.0,10.0,16.2,0.0,54.8,231.0
2024-01-31,Emergency,41.0,131.0,16.2,0.0,54.8,231.0
2024-01-31,General Medicine,210.0,32.0,16.2,0.0,54.8,231.0
2024-01-31,Orthopedics,99.0,35.0,16.2,0.0,54.8,231.0
2024-01-31,Pediatrics,140.0,45.0,16.2,0.0,54.8,231.0
2024-01-31,Pulmonology,133.0,38.0,16.2,0.0,54.8,231.0
2024-02-01,Cardiology,76.0,25.0,16.0,0.0,54.8,219.0
2024-02-01,Dermatology,29.0,3.0,16.0,0.0,54.8,219.0
2024-02-01,ENT,89.0,11.0,16.0,0.0,54.8,219.0
2024-02-01,Emergency,32.0,126.0,16.0,0.0,54.8,219.0
2024-02-01,General Medicine,190.0,32.0,16.0,0.0,54.8,219.0
2024-02-01,Orthopedics,102.0,32.0,16.0,0.0,54.8,219.0
2024-02-01,Pediatrics,152.0,28.0,16.0,0.0,54.8,219.0
2024-02-01,Pulmonology,123.0,28.0,16.0,0.0,54.8,219.0
2024-02-02,Cardiology,,30.0,18.8,0.0,50.4,204.0
2024-02-02,Dermatology,35.0,7.0,18.8,0.0,50.4,204.0
2024-02-02,ENT,93.0,7.0,18.8,0.0,50.4,204.0
2024-02-02,Emergency,31.0,124.0,18.8,0.0,50.4,204.0
2024-02-02,General Medicine,188.0,40.0,18.8,0.0,50.4,204.0
2024-02-02,Orthopedics,86.0,28.0,18.8,0.0,50.4,204.0
2024-02-02,Pediatrics,154.0,31.0,18.8,0.0,50.4,204.0
2024-02-02,Pulmonology,121.0,21.0,18.8,0.0,50.4,204.0
2024-02-03,Cardiology,70.0,26.0,18.4,0.0,46.5,197.0
2024-02-03,Dermatology,26.0,7.0,18.4,0.0,46.5,197.0
2024-02-03,ENT,74.0,8.0,18.4,0.0,46.5,197.0
2024-02-03,Emergency,33.0,99.0,18.4,0.0,46.5,197.0
2024-02-03,General Medicine,157.0,22.0,18.4,0.0,46.5,197.0
2024-02-03,Orthopedics,77.0,29.0,18.4,0.0,46.5,197.0
2024-02-03,Pediatrics,118.0,38.0,18.4,0.0,46.5,197.0
2024-02-03,Pulmonology,91.0,26.0,18.4,0.0,46.5,197.0
2024-02-04,Cardiology,25.0,39.0,16.9,0.0,47.1,245.0
2024-02-04,Dermatology,13.0,9.0,16.9,0.0,47.1,245.0
2024-02-04,ENT,31.0,15.0,16.9,0.0,47.1,245.0
2024-02-04,Emergency,12.0,137.0,16.9,0.0,47.1,245.0
2024-02-04,General Medicine,56.0,42.0,16.9,0.0,47.1,245.0
2024-02-04,General Medicine,56.0,42.0,16.9,0.0,47.1,245.0
2024-02-04,Orthopedics,21.0,35.0,16.9,0.0,47.1,245.0
2024-02-04,Pediatrics,37.0,,16.9,0.0,47.1,245.0
2024-02-04,Pulmonology,40.0,43.0,16.9,0.0,47.1,245.0
2024-02-05,Cardiology,105.0,33.0,18.2,0.0,48.7,254.0
2024-02-05,Dermatology,31.0,4.0,18.2,0.0,48.7,254.0
2024-02-05,ENT,135.0,9.0,18.2,0.0,48.7,254.0
2024-02-05,Emergency,45.0,108.0,18.2,0.0,48.7,254.0
2024-02-05,General Medicine,237.0,33.0,18.2,0.0,48.7,254.0
2024-02-05,Orthopedics,103.0,27.0,18.2,0.0,48.7,254.0
2024-02-05,Pediatrics,172.0,34.0,18.2,0.0,48.7,254.0
2024-02-05,Pulmonology,173.0,51.0,18.2,0.0,48.7,254.0
2024-02-06,Cardiology,76.0,28.0,16.6,0.0,,225.0
2024-02-06,Dermatology,29.0,7.0,16.6,0.0,49.1,225.0
2024-02-06,ENT,94.0,11.0,16.6,0.0,49.1,225.0
2024-02-06,Emergency,38.0,118.0,16.6,0.0,49.1,225.0
2024-02-06,General Medicine,190.0,28.0,16.6,0.0,49.1,
2024-02-06,Orthopedics,90.0,31.0,16.6,0.0,49.1,225.0
2024-02-06,Pediatrics,136.0,29.0,16.6,0.0,49.1,225.0
2024-02-06,Pulmonology,120.0,32.0,16.6,0.0,49.1,225.0
2024-02-07,Cardiology,76.0,21.0,17.4,0.0,47.8,204.0
2024-02-07,Dermatology,28.0,6.0,17.4,0.0,47.8,204.0
2024-02-07,ENT,77.0,12.0,17.4,0.0,47.8,204.0
2024-02-07,Emergency,40.0,104.0,17.4,0.0,47.8,204.0
2024-02-07,General Medicine,185.0,27.0,17.4,0.0,47.8,204.0
2024-02-07,Orthopedics,96.0,27.0,17.4,0.0,47.8,204.0
2024-02-07,Pediatrics,136.0,28.0,17.4,0.0,47.8,204.0
2024-02-07,Pulmonology,99.0,22.0,17.4,0.0,47.8,204.0
2024-02-08,Cardiology,83.0,32.0,15.3,0.0,45.4,216.0
2024-02-08,Dermatology,25.0,6.0,15.3,0.0,45.4,216.0
2024-02-08,ENT,96.0,10.0,15.3,0.0,45.4,216.0
2024-02-08,Emergency,42.0,112.0,15.3,0.0,45.4,216.0
2024-02-08,General Medicine,200.0,27.0,15.3,0.0,45.4,216.0
2024-02-08,Orthopedics,94.0,28.0,15.3,0.0,45.4,216.0
2024-02-08,Pediatrics,143.0,31.0,15.3,0.0,45.4,216.0
2024-02-08,Pulmonology,123.0,30.0,15.3,0.0,45.4,216.0
2024-02-09,Cardiology,101.0,46.0,14.7,0.0,48.4,224.0
2024-02-09,Dermatology,31.0,4.0,14.7,0.0,48.4,224.0
2024-02-09,ENT,105.0,13.0,14.7,0.0,48.4,224.0
2024-02-09,Emergency,36.0,149.0,14.7,0.0,48.4,224.0
2024-02-09,General Medicine,211.0,39.0,14.7,0.0,48.4,224.0
2024-02-09,Orthopedics,103.0,35.0,14.7,0.0,48.4,224.0
2024-02-09,Pediatrics,161.0,41.0,14.7,0.0,48.4,224.0
2024-02-09,Pulmonology,131.0,34.0,14.7,0.0,48.4,224.0
2024-02-10,Cardiology,71.0,29.0,16.2,0.0,44.6,230.0
2024-02-10,Dermatology,14.0,6.0,16.2,0.0,44.6,230.0
2024-02-10,ENT,85.0,8.0,16.2,0.0,44.6,230.0
2024-02-10,Emergency,37.0,122.0,16.2,0.0,44.6,230.0
2024-02-10,General Medicine,155.0,38.0,16.2,0.0,44.6,230.0
2024-02-10,Orthopedics,86.0,38.0,16.2,0.0,44.6,230.0
2024-02-10,Pediatrics,126.0,42.0,16.2,0.0,44.6,230.0
2024-02-10,Pulmonology,103.0,33.0,16.2,0.0,44.6,230.0
2024-02-11,Cardiology,22.0,29.0,17.8,0.0,49.9,223.0
2024-02-11,Dermatology,11.0,4.0,17.8,0.0,49.9,223.0
2024-02-11,ENT,27.0,9.0,17.8,0.0,49.9,223.0
2024-02-11,Emergency,6.0,125.0,17.8,0.0,49.9,223.0
2024-02-11,General Medicine,53.0,31.0,17.8,0.0,49.9,223.0
2024-02-11,Orthopedics,32.0,35.0,17.8,0.0,49.9,223.0
2024-02-11,Pediatrics,,37.0,17.8,0.0,49.9,223.0
2024-02-11,Pulmonology,32.0,36.0,17.8,0.0,49.9,223.0
2024-02-12,Cardiology,89.0,27.0,18.2,0.0,51.0,220.0
2024-02-12,Dermatology,38.0,2.0,18.2,0.0,51.0,220.0
2024-02-12,ENT,104.0,10.0,18.2,0.0,51.0,220.0
2024-02-12,Emergency,45.0,122.0,18.2,0.0,51.0,220.0
2024-02-12,General Medicine,227.0,32.0,18.2,0.0,51.0,220.0
2024-02-12,Orthopedics,101.0,30.0,18.2,0.0,51.0,220.0
2024-02-12,Pediatrics,155.0,26.0,18.2,0.0,51.0,220.0
2024-02-12,Pulmonology,135.0,22.0,18.2,0.0,51.0,220.0
2024-02-13,Cardiology,85.0,32.0,18.2,0.0,46.3,224.0
2024-02-13,Dermatology,27.0,9.0,18.2,0.0,46.3,224.0
2024-02-13,ENT,89.0,14.0,18.2,0.0,46.3,224.0
2024-02-13,Emergency,38.0,132.0,18.2,0.0,46.3,224.0
2024-02-13,General Medicine,195.0,25.0,18.2,0.0,46.3,224.0
2024-02-13,Orthopedics,97.0,28.0,18.2,0.0,46.3,224.0
2024-02-13,Pediatrics,121.0,31.0,18.2,0.0,46.3,224.0
2024-02-13,Pulmonology,126.0,32.0,18.2,0.0,46.3,224.0
2024-02-14,Cardiology,82.0,30.0,18.0,0.0,47.6,224.0
2024-02-14,Dermatology,30.0,8.0,18.0,0.0,47.6,224.0
2024-02-14,ENT,94.0,15.0,18.0,0.0,47.6,224.0
2024-02-14,Emergency,39.0,113.0,18.0,0.0,47.6,224.0
2024-02-14,General Medicine,175.0,31.0,18.0,0.0,47.6,224.0
2024-02-14,Orthopedics,95.0,30.0,18.0,0.0,47.6,224.0
2024-02-14,Pediatrics,131.0,27.0,18.0,0.0,47.6,224.0
2024-02-14,Pulmonology,116.0,24.0,18.0,0.0,47.6,224.0
2024-02-15,Cardiology,82.0,22.0,16.5,0.0,47.3,191.0
2024-02-15,Dermatology,25.0,6.0,16.5,0.0,47.3,191.0
2024-02-15,ENT,83.0,13.0,16.5,0.0,47.3,191.0
2024-02-15,Emergency,34.0,111.0,16.5,0.0,47.3,191.0
2024-02-15,General Medicine,171.0,27.0,16.5,0.0,47.3,191.0
2024-02-15,Orthopedics,103.0,33.0,16.5,0.0,47.3,191.0
2024-02-15,Pediatrics,131.0,36.0,16.5,0.0,47.3,191.0
2024-02-15,Pulmonology,103.0,27.0,16.5,0.0,47.3,191.0
2024-02-16,Cardiology,69.0,25.0,16.4,0.0,50.6,196.0
2024-02-16,Dermatology,22.0,7.0,16.4,0.0,50.6,196.0
2024-02-16,ENT,82.0,15.0,16.4,0.0,50.6,196.0
2024-02-16,Emergency,40.0,109.0,16.4,0.0,50.6,196.0
2024-02-16,General Medicine,182.0,29.0,16.4,0.0,50.6,196.0
2024-02-16,Orthopedics,97.0,29.0,16.4,0.0,50.6,196.0
2024-02-16,Pediatrics,146.0,30.0,16.4,0.0,50.6,196.0
2024-02-16,Pulmonology,112.0,28.0,16.4,0.0,50.6,196.0
2024-02-17,Cardiology,71.0,25.0,16.7,0.0,56.0,191.0
2024-02-17,Dermatology,30.0,7.0,16.7,0.0,56.0,191.0
2024-02-17,ENT,69.0,16.0,16.7,0.0,56.0,191.0
2024-02-17,Emergency,37.0,120.0,16.7,0.0,56.0,191.0
2024-02-17,General Medicine,164.0,30.0,16.7,0.0,56.0,191.0
2024-02-17,Orthopedics,87.0,30.0,16.7,0.0,56.0,191.0
2024-02-17,Pediatrics,123.0,39.0,16.7,0.0,56.0,191.0
2024-02-17,Pulmonology,104.0,29.0,16.7,0.0,56.0,191.0
2024-02-18,Cardiology,23.0,32.0,18.8,0.0,47.3,202.0
2024-02-18,Dermatology,13.0,13.0,18.8,0.0,47.3,202.0
2024-02-18,ENT,21.0,12.0,18.8,0.0,47.3,202.0
2024-02-18,Emergency,4.0,139.0,18.8,0.0,47.3,202.0
2024-02-18,General Medicine,49.0,34.0,18.8,0.0,47.3,202.0
2024-02-18,Orthopedics,23.0,40.0,18.8,0.0,47.3,202.0
2024-02-18,Pediatrics,38.0,38.0,18.8,0.0,47.3,202.0
2024-02-18,Pulmonology,34.0,32.0,18.8,0.0,47.3,202.0
2024-02-19,Cardiology,94.0,22.0,19.3,0.0,49.4,249.0
2024-02-19,Dermatology,37.0,10.0,19.3,0.0,49.4,249.0
2024-02-19,ENT,131.0,11.0,19.3,0.0,49.4,249.0
2024-02-19,Emergency,47.0,131.0,19.3,0.0,49.4,249.0
2024-02-19,General Medicine,218.0,39.0,19.3,0.0,49.4,249.0
2024-02-19,Orthopedics,107.0,22.0,19.3,0.0,49.4,249.0
2024-02-19,Pediatrics,162.0,30.0,19.3,0.0,49.4,249.0
2024-02-19,Pulmonology,179.0,33.0,19.3,0.0,49.4,249.0
2024-02-20,Cardiology,83.0,27.0,17.2,0.0,50.5,245.0
2024-02-20,Dermatology,29.0,7.0,17.2,,50.5,245.0
2024-02-20,ENT,109.0,11.0,17.2,0.0,50.5,245.0
2024-02-20,Emergency,44.0,123.0,17.2,0.0,50.5,245.0
2024-02-20,General Medicine,205.0,26.0,17.2,0.0,50.5,245.0
2024-02-20,Orthopedics,88.0,26.0,17.2,0.0,50.5,245.0
2024-02-20,Pediatrics,155.0,25.0,17.2,0.0,50.5,245.0
2024-02-20,Pulmonology,154.0,42.0,17.2,0.0,50.5,245.0
2024-02-21,Cardiology,86.0,25.0,18.3,0.0,53.2,233.0
2024-02-21,Dermatology,37.0,8.0,18.3,0.0,53.2,233.0
2024-02-21,ENT,97.0,9.0,18.3,0.0,53.2,233.0
2024-02-21,Emergency,31.0,113.0,18.3,0.0,53.2,233.0
2024-02-21,General Medicine,195.0,38.0,,0.0,53.2,233.0
2024-02-21,Orthopedics,94.0,36.0,18.3,0.0,53.2,233.0
2024-02-21,Pediatrics,135.0,27.0,18.3,0.0,53.2,233.0
2024-02-21,Pulmonology,134.0,33.0,18.3,0.0,53.2,233.0
2024-02-22,Cardiology,82.0,29.0,18.3,0.0,53.5,241.0
2024-02-22,Dermatology,34.0,8.0,18.3,0.0,53.5,241.0
2024-02-22,ENT,128.0,12.0,18.3,0.0,53.5,241.0
2024-02-22,Emergency,42.0,118.0,18.3,0.0,53.5,241.0
2024-02-22,General Medicine,210.0,33.0,18.3,0.0,53.5,241.0
2024-02-22,Orthopedics,97.0,34.0,18.3,0.0,53.5,241.0
2024-02-22,Pediatrics,149.0,,18.3,0.0,53.5,241.0
2024-02-22,Pulmonology,152.0,33.0,18.3,0.0,53.5,241.0
2024-02-23,Cardiology,86.0,34.0,17.9,0.0,50.4,241.0
2024-02-23,Dermatology,31.0,5.0,17.9,0.0,50.4,241.0
2024-02-23,ENT,111.0,10.0,17.9,0.0,50.4,241.0
2024-02-23,Emergency,39.0,129.0,17.9,0.0,50.4,241.0
2024-02-23,General Medicine,200.0,32.0,17.9,0.0,50.4,241.0
2024-02-23,Orthopedics,94.0,33.0,17.9,0.0,50.4,241.0
2024-02-23,Pediatrics,150.0,32.0,17.9,0.0,50.4,241.0
2024-02-23,Pulmonology,148.0,44.0,17.9,0.0,50.4,241.0
2024-02-24,Cardiology,72.0,25.0,19.3,0.0,49.5,241.0
2024-02-24,Dermatology,24.0,7.0,19.3,0.0,49.5,241.0
2024-02-24,ENT,94.0,15.0,19.3,0.0,49.5,241.0
2024-02-24,Emergency,34.0,158.0,19.3,0.0,49.5,241.0
2024-02-24,General Medicine,177.0,28.0,19.3,0.0,49.5,241.0
2024-02-24,Orthopedics,84.0,31.0,19.3,0.0,49.5,241.0
2024-02-24,Pediatrics,137.0,42.0,19.3,0.0,49.5,241.0
2024-02-24,Pulmonology,125.0,40.0,19.3,0.0,49.5,241.0
2024-02-25,Cardiology,24.0,38.0,20.7,0.0,47.1,243.0
2024-02-25,Dermatology,11.0,11.0,20.7,0.0,47.1,243.0
2024-02-25,ENT,27.0,16.0,20.7,0.0,47.1,243.0
2024-02-25,Emergency,10.0,145.0,20.7,0.0,47.1,243.0
2024-02-25,General Medicine,49.0,41.0,20.7,0.0,47.1,243.0
2024-02-25,Orthopedics,31.0,34.0,20.7,0.0,47.1,243.0
2024-02-25,Pediatrics,40.0,46.0,20.7,0.0,47.1,243.0
2024-02-25,Pulmonology,39.0,40.0,20.7,0.0,47.1,243.0
2024-02-26,Cardiology,106.0,31.0,21.6,0.0,,264.0
2024-02-26,Dermatology,50.0,10.0,21.6,0.0,52.2,264.0
2024-02-26,ENT,137.0,19.0,21.6,0.0,52.2,264.0
2024-02-26,Emergency,45.0,160.0,21.6,0.0,52.2,264.0
2024-02-26,General Medicine,234.0,27.0,21.6,0.0,52.2,264.0
2024-02-26,Orthopedics,114.0,29.0,21.6,0.0,52.2,264.0
2024-02-26,Pediatrics,174.0,47.0,21.6,0.0,52.2,264.0
2024-02-26,Pulmonology,196.0,50.0,21.6,0.0,52.2,264.0
2024-02-27,Cardiology,79.0,26.0,20.1,0.0,52.2,235.0
2024-02-27,Dermatology,36.0,5.0,20.1,0.0,52.2,235.0
2024-02-27,ENT,116.0,10.0,20.1,0.0,52.2,235.0
2024-02-27,Emergency,45.0,120.0,20.1,0.0,52.2,235.0
2024-02-27,General Medicine,193.0,29.0,20.1,0.0,52.2,235.0
2024-02-27,Orthopedics,96.0,31.0,20.1,0.0,52.2,235.0
2024-02-27,Pediatrics,131.0,33.0,20.1,0.0,52.2,235.0
2024-02-27,Pulmonology,137.0,41.0,20.1,0.0,52.2,235.0
2024-02-28,Cardiology,82.0,28.0,19.8,0.0,58.7,237.0
2024-02-28,Dermatology,50.0,7.0,19.8,0.0,58.7,237.0
2024-02-28,ENT,114.0,8.0,19.8,0.0,58.7,237.0
2024-02-28,Emergency,33.0,129.0,19.8,0.0,58.7,237.0
2024-02-28,General Medicine,201.0,34.0,19.8,0.0,58.7,237.0
2024-02-28,Orthopedics,95.0,32.0,19.8,0.0,58.7,237.0
2024-02-28,Pediatrics,164.0,35.0,19.8,0.0,58.7,237.0
2024-02-28,Pulmonology,147.0,43.0,19.8,0.0,58.7,237.0
2024-02-29,Cardiology,85.0,26.0,20.4,0.0,55.4,218.0
2024-02-29,Dermatology,42.0,5.0,20.4,0.0,55.4,218.0
2024-02-29,ENT,97.0,10.0,20.4,0.0,55.4,218.0
2024-02-29,Emergency,39.0,112.0,20.4,0.0,55.4,218.0
2024-02-29,General Medicine,191.0,26.0,20.4,0.0,55.4,218.0
2024-02-29,Orthopedics,94.0,32.0,20.4,0.0,55.4,218.0
2024-02-29,Pediatrics,143.0,32.0,20.4,0.0,55.4,218.0
2024-02-29,Pulmonology,115.0,34.0,20.4,0.0,55.4,218.0
2024-03-01,Cardiology,79.0,30.0,21.6,0.0,50.8,156.0
2024-03-01,Dermatology,40.0,6.0,21.6,0.0,50.8,156.0
2024-03-01,ENT,74.0,10.0,21.6,0.0,50.8,156.0
2024-03-01,Emergency,39.0,134.0,21.6,0.0,50.8,156.0
2024-03-01,General Medicine,171.0,26.0,21.6,0.0,50.8,156.0
2024-03-01,Orthopedics,94.0,28.0,21.6,0.0,50.8,156.0
2024-03-01,Pediatrics,143.0,31.0,21.6,0.0,50.8,156.0
2024-03-01,Pulmonology,83.0,16.0,21.6,0.0,50.8,156.0
2024-03-02,Cardiology,68.0,26.0,20.7,0.0,45.9,141.0
2024-03-02,Dermatology,31.0,7.0,20.7,0.0,45.9,141.0
2024-03-02,ENT,57.0,14.0,20.7,0.0,45.9,141.0
2024-03-02,Emergency,26.0,97.0,20.7,0.0,45.9,141.0
2024-03-02,General Medicine,162.0,31.0,20.7,0.0,45.9,141.0
2024-03-02,Orthopedics,80.0,31.0,20.7,0.0,45.9,141.0
2024-03-02,Pediatrics,113.0,31.0,20.7,0.0,45.9,141.0
2024-03-02,Pulmonology,68.0,26.0,20.7,0.0,45.9,141.0
2024-03-03,Cardiology,24.0,31.0,20.5,4.2,42.7,135.0
2024-03-03,Dermatology,7.0,8.0,20.5,4.2,42.7,135.0
2024-03-03,ENT,8.0,9.0,20.5,4.2,42.7,135.0
2024-03-03,Emergency,8.0,138.0,20.5,4.2,42.7,135.0
2024-03-03,General Medicine,52.0,40.0,20.5,4.2,42.7,135.0
2024-03-03,Orthopedics,19.0,46.0,20.5,4.2,42.7,135.0
2024-03-03,Pediatrics,35.0,27.0,20.5,4.2,42.7,135.0
2024-03-03,Pulmonology,17.0,16.0,20.5,4.2,42.7,135.0
2024-03-04,Cardiology,92.0,33.0,19.3,0.0,40.4,137.0
2024-03-04,Dermatology,31.0,6.0,19.3,0.0,40.4,137.0
2024-03-04,ENT,70.0,7.0,19.3,0.0,40.4,137.0
2024-03-04,Emergency,44.0,135.0,19.3,0.0,40.4,137.0
2024-03-04,General Medicine,200.0,31.0,19.3,0.0,40.4,137.0
2024-03-04,Orthopedics,96.0,21.0,19.3,0.0,40.4,137.0
2024-03-04,Pediatrics,128.0,32.0,19.3,0.0,40.4,137.0
2024-03-04,Pulmonology,77.0,17.0,19.3,0.0,40.4,137.0
2024-03-05,Cardiology,86.0,24.0,18.5,0.0,46.1,154.0
2024-03-05,Dermatology,27.0,9.0,18.5,0.0,46.1,154.0
2024-03-05,ENT,68.0,6.0,18.5,0.0,46.1,154.0
2024-03-05,Emergency,41.0,109.0,18.5,0.0,46.1,154.0
2024-03-05,General Medicine,192.0,29.0,18.5,0.0,46.1,154.0
2024-03-05,Orthopedics,89.0,36.0,18.5,0.0,46.1,154.0
2024-03-05,Pediatrics,133.0,26.0,18.5,0.0,46.1,154.0
2024-03-05,Pulmonology,85.0,15.0,18.5,0.0,46.1,154.0
2024-03-06,Cardiology,90.0,28.0,20.4,0.0,49.6,165.0
2024-03-06,Dermatology,34.0,6.0,20.4,0.0,49.6,165.0
2024-03-06,ENT,78.0,8.0,20.4,0.0,49.6,165.0
2024-03-06,Emergency,42.0,114.0,20.4,0.0,49.6,165.0
2024-03-06,General Medicine,196.0,28.0,20.4,0.0,49.6,165.0
2024-03-06,Orthopedics,96.0,31.0,20.4,0.0,49.6,165.0
2024-03-06,Pediatrics,124.0,33.0,20.4,0.0,49.6,165.0
2024-03-06,Pulmonology,90.0,25.0,20.4,0.0,49.6,165.0
2024-03-07,Cardiology,79.0,26.0,22.4,0.0,44.0,143.0
2024-03-07,Dermatology,41.0,6.0,22.4,0.0,44.0,
2024-03-07,ENT,61.0,7.0,22.4,0.0,44.0,143.0
2024-03-07,Emergency,35.0,93.0,22.4,0.0,44.0,143.0
2024-03-07,General Medicine,177.0,32.0,22.4,0.0,44.0,143.0
2024-03-07,Orthopedics,85.0,26.0,22.4,0.0,44.0,
2024-03-07,Pediatrics,129.0,35.0,22.4,0.0,44.0,143.0
2024-03-07,Pulmonology,78.0,18.0,22.4,0.0,44.0,143.0
2024-03-08,Cardiology,82.0,33.0,22.0,0.0,49.9,146.0
2024-03-08,Dermatology,44.0,5.0,22.0,0.0,49.9,146.0
2024-03-08,ENT,69.0,13.0,22.0,0.0,49.9,146.0
2024-03-08,Emergency,40.0,120.0,22.0,0.0,49.9,146.0
2024-03-08,General Medicine,188.0,26.0,22.0,0.0,49.9,146.0
2024-03-08,Orthopedics,100.0,27.0,22.0,0.0,49.9,146.0
2024-03-08,Pediatrics,129.0,32.0,22.0,0.0,49.9,146.0
2024-03-08,Pulmonology,74.0,23.0,22.0,0.0,49.9,146.0
2024-03-09,Cardiology,64.0,24.0,23.1,0.0,48.2,137.0
2024-03-09,Dermatology,35.0,5.0,23.1,0.0,48.2,137.0
2024-03-09,ENT,58.0,8.0,23.1,0.0,48.2,137.0
2024-03-09,Emergency,29.0,117.0,23.1,0.0,48.2,137.0
2024-03-09,General Medicine,162.0,24.0,23.1,0.0,48.2,137.0
2024-03-09,Orthopedics,80.0,31.0,23.1,0.0,48.2,137.0
2024-03-09,Pediatrics,117.0,40.0,23.1,0.0,48.2,137.0
2024-03-09,Pulmonology,66.0,16.0,23.1,0.0,48.2,137.0
2024-03-10,Cardiology,17.0,32.0,23.1,0.0,49.5,123.0
2024-03-10,Dermatology,16.0,7.0,23.1,0.0,49.5,123.0
2024-03-10,ENT,16.0,11.0,23.1,0.0,49.5,123.0
2024-03-10,Emergency,10.0,147.0,23.1,0.0,49.5,123.0
2024-03-10,General Medicine,55.0,31.0,23.1,0.0,49.5,123.0
2024-03-10,Orthopedics,30.0,30.0,23.1,0.0,49.5,123.0
2024-03-10,Pediatrics,37.0,37.0,23.1,0.0,49.5,123.0
2024-03-10,Pulmonology,20.0,17.0,23.1,0.0,49.5,123.0
2024-03-11,Cardiology,94.0,32.0,21.9,0.0,55.9,127.0
2024-03-11,Dermatology,55.0,7.0,21.9,0.0,55.9,127.0
2024-03-11,ENT,71.0,6.0,21.9,0.0,55.9,127.0
2024-03-11,Emergency,44.0,93.0,21.9,0.0,55.9,127.0
2024-03-11,General Medicine,203.0,25.0,21.9,0.0,55.9,127.0
2024-03-11,Orthopedics,100.0,33.0,21.9,0.0,55.9,127.0
2024-03-11,Pediatrics,,30.0,21.9,0.0,55.9,127.0
2024-03-11,Pulmonology,81.0,20.0,21.9,0.0,55.9,127.0
2024-03-12,Cardiology,85.0,24.0,22.5,0.0,56.8,130.0
2024-03-12,Dermatology,50.0,2.0,22.5,,56.8,130.0
2024-03-12,ENT,67.0,9.0,22.5,0.0,56.8,130.0
2024-03-12,Emergency,33.0,119.0,22.5,0.0,56.8,130.0
2024-03-12,General Medicine,190.0,32.0,22.5,0.0,56.8,130.0
2024-03-12,Orthopedics,87.0,26.0,22.5,0.0,56.8,130.0
2024-03-12,Pediatrics,144.0,40.0,22.5,0.0,56.8,130.0
2024-03-12,Pulmonology,76.0,19.0,22.5,0.0,56.8,130.0
2024-03-13,Cardiology,83.0,27.0,24.3,0.0,52.7,169.0
2024-03-13,Dermatology,59.0,5.0,24.3,0.0,52.7,169.0
2024-03-13,ENT,78.0,8.0,24.3,0.0,52.7,169.0
2024-03-13,Emergency,39.0,96.0,24.3,0.0,52.7,169.0
2024-03-13,General Medicine,198.0,29.0,24.3,0.0,52.7,169.0
2024-03-13,Orthopedics,101.0,28.0,24.3,0.0,52.7,169.0
2024-03-13,Pediatrics,136.0,34.0,24.3,0.0,52.7,169.0
2024-03-13,Pulmonology,89.0,24.0,24.3,0.0,52.7,169.0
2024-03-14,Cardiology,83.0,18.0,23.6,0.0,48.7,169.0
2024-03-14,Dermatology,47.0,5.0,23.6,0.0,48.7,169.0
2024-03-14,ENT,76.0,9.0,23.6,0.0,48.7,169.0
2024-03-14,Emergency,37.0,108.0,23.6,0.0,48.7,169.0
2024-03-14,General Medicine,183.0,24.0,23.6,0.0,48.7,169.0
2024-03-14,Orthopedics,91.0,31.0,23.6,0.0,48.7,169.0
2024-03-14,Pediatrics,136.0,36.0,23.6,0.0,48.7,169.0
2024-03-14,Pulmonology,102.0,23.0,23.6,0.0,48.7,169.0
2024-03-15,Cardiology,84.0,27.0,25.1,0.0,41.2,144.0
2024-03-15,Dermatology,41.0,8.0,25.1,0.0,41.2,144.0
2024-03-15,ENT,65.0,11.0,25.1,0.0,41.2,144.0
2024-03-15,Emergency,41.0,106.0,25.1,0.0,41.2,144.0
2024-03-15,General Medicine,170.0,29.0,25.1,0.0,41.2,144.0
2024-03-15,Orthopedics,88.0,26.0,25.1,0.0,41.2,144.0
2024-03-15,Pediatrics,132.0,34.0,25.1,0.0,41.2,144.0
2024-03-15,Pulmonology,72.0,19.0,25.1,0.0,41.2,144.0
2024-03-16,Cardiology,69.0,30.0,21.2,15.4,46.8,127.0
2024-03-16,Dermatology,25.0,7.0,21.2,15.4,46.8,127.0
2024-03-16,ENT,54.0,11.0,21.2,15.4,46.8,127.0
2024-03-16,Emergency,33.0,134.0,21.2,15.4,46.8,127.0
2024-03-16,General Medicine,176.0,35.0,21.2,15.4,46.8,127.0
2024-03-16,Orthopedics,59.0,45.0,21.2,15.4,46.8,127.0
2024-03-16,Pediatrics,141.0,41.0,21.2,15.4,46.8,127.0
2024-03-16,Pulmonology,63.0,15.0,21.2,15.4,46.8,127.0
2024-03-17,Cardiology,25.0,26.0,22.8,0.0,45.2,155.0
2024-03-17,Dermatology,10.0,3.0,22.8,,45.2,155.0
2024-03-17,ENT,12.0,12.0,22.8,0.0,45.2,155.0
2024-03-17,Emergency,9.0,126.0,22.8,0.0,45.2,155.0
2024-03-17,General Medicine,46.0,38.0,22.8,0.0,45.2,155.0
2024-03-17,Orthopedics,24.0,35.0,22.8,0.0,45.2,155.0
2024-03-17,Pediatrics,34.0,42.0,22.8,0.0,45.2,155.0
2024-03-17,Pulmonology,20.0,23.0,22.8,0.0,45.2,155.0
2024-03-18,Cardiology,92.0,21.0,23.0,0.0,43.7,183.0
2024-03-18,Dermatology,42.0,4.0,23.0,0.0,43.7,183.0
2024-03-18,ENT,86.0,11.0,23.0,0.0,43.7,183.0
2024-03-18,Emergency,47.0,110.0,23.0,0.0,43.7,183.0
2024-03-18,General Medicine,216.0,32.0,23.0,0.0,43.7,183.0
2024-03-18,Orthopedics,110.0,22.0,23.0,0.0,43.7,183.0
2024-03-18,Pediatrics,144.0,31.0,23.0,0.0,43.7,183.0
2024-03-18,Pulmonology,109.0,24.0,23.0,0.0,43.7,183.0
2024-03-19,Cardiology,81.0,22.0,22.8,0.0,46.0,150.0
2024-03-19,Dermatology,47.0,8.0,22.8,0.0,46.0,150.0
2024-03-19,ENT,71.0,9.0,22.8,0.0,46.0,150.0
2024-03-19,Emergency,35.0,124.0,22.8,0.0,46.0,150.0
2024-03-19,General Medicine,182.0,32.0,22.8,0.0,46.0,150.0
2024-03-19,Orthopedics,98.0,35.0,22.8,0.0,46.0,150.0
2024-03-19,Pediatrics,135.0,37.0,22.8,0.0,46.0,150.0
2024-03-19,Pulmonology,74.0,14.0,22.8,0.0,46.0,150.0
2024-03-20,Cardiology,86.0,31.0,23.1,0.0,47.9,123.0
2024-03-20,Dermatology,47.0,3.0,23.1,0.0,47.9,123.0
2024-03-20,ENT,62.0,7.0,23.1,0.0,47.9,123.0
2024-03-20,Emergency,39.0,106.0,23.1,0.0,47.9,123.0
2024-03-20,General Medicine,,28.0,23.1,0.0,47.9,123.0
2024-03-20,Orthopedics,98.0,28.0,23.1,0.0,47.9,123.0
2024-03-20,Pediatrics,137.0,33.0,23.1,0.0,47.9,123.0
2024-03-20,Pulmonology,69.0,18.0,23.1,0.0,47.9,123.0
2024-03-21,Cardiology,77.0,29.0,20.9,0.0,48.9,157.0
2024-03-21,Dermatology,37.0,8.0,20.9,0.0,48.9,157.0
2024-03-21,ENT,78.0,8.0,20.9,0.0,48.9,157.0
2024-03-21,Emergency,41.0,92.0,20.9,0.0,48.9,157.0
2024-03-21,General Medicine,195.0,28.0,20.9,0.0,48.9,157.0
2024-03-21,Orthopedics,90.0,28.0,20.9,0.0,48.9,157.0
2024-03-21,Pediatrics,123.0,34.0,20.9,0.0,48.9,157.0
2024-03-21,Pulmonology,85.0,22.0,20.9,0.0,48.9,157.0
2024-03-22,Cardiology,82.0,25.0,21.7,0.0,47.2,160.0
2024-03-22,Dermatology,39.0,4.0,21.7,0.0,47.2,160.0
2024-03-22,ENT,75.0,9.0,21.7,0.0,47.2,160.0
2024-03-22,Emergency,35.0,113.0,21.7,0.0,47.2,160.0
2024-03-22,General Medicine,176.0,24.0,21.7,0.0,47.2,160.0
2024-03-22,Orthopedics,96.0,33.0,21.7,0.0,47.2,160.0
2024-03-22,Pediatrics,124.0,26.0,21.7,0.0,47.2,160.0
2024-03-22,Pulmonology,88.0,23.0,21.7,0.0,47.2,160.0
2024-03-23,Cardiology,67.0,26.0,22.9,0.0,48.8,145.0
2024-03-23,Dermatology,43.0,4.0,22.9,0.0,48.8,145.0
2024-03-23,ENT,61.0,11.0,22.9,0.0,48.8,145.0
2024-03-23,Emergency,32.0,126.0,22.9,0.0,48.8,145.0
2024-03-23,General Medicine,158.0,29.0,22.9,0.0,48.8,145.0
2024-03-23,Orthopedics,93.0,37.0,22.9,0.0,48.8,145.0
2024-03-23,Pediatrics,121.0,36.0,22.9,0.0,48.8,145.0
2024-03-23,Pulmonology,74.0,22.0,22.9,0.0,48.8,145.0
2024-03-24,Cardiology,20.0,31.0,25.2,0.0,50.2,153.0
2024-03-24,Dermatology,21.0,3.0,25.2,0.0,50.2,153.0
2024-03-24,ENT,18.0,12.0,25.2,0.0,50.2,153.0
2024-03-24,Emergency,12.0,131.0,25.2,0.0,50.2,153.0
2024-03-24,General Medicine,56.0,34.0,25.2,0.0,50.2,153.0
2024-03-24,Orthopedics,29.0,30.0,25.2,0.0,50.2,153.0
2024-03-24,Pediatrics,36.0,40.0,25.2,0.0,50.2,153.0
2024-03-24,Pulmonology,23.0,23.0,25.2,0.0,50.2,153.0
2024-03-25,Cardiology,94.0,29.0,24.3,0.0,46.5,115.0
2024-03-25,Dermatology,54.0,5.0,24.3,0.0,46.5,115.0
2024-03-25,ENT,64.0,8.0,24.3,0.0,46.5,115.0
2024-03-25,Emergency,48.0,105.0,24.3,0.0,46.5,115.0
2024-03-25,General Medicine,209.0,30.0,24.3,0.0,46.5,115.0
2024-03-25,Orthopedics,105.0,26.0,24.3,0.0,46.5,115.0
2024-03-25,Pediatrics,147.0,38.0,24.3,,46.5,115.0
2024-03-25,Pulmonology,66.0,14.0,24.3,0.0,46.5,115.0
2024-03-26,Cardiology,75.0,31.0,23.4,0.0,53.1,125.0
2024-03-26,Dermatology,49.0,5.0,23.4,,53.1,125.0
2024-03-26,ENT,62.0,7.0,23.4,0.0,53.1,125.0
2024-03-26,Emergency,43.0,109.0,23.4,0.0,53.1,125.0
2024-03-26,General Medicine,193.0,31.0,23.4,0.0,53.1,125.0
2024-03-26,Orthopedics,93.0,33.0,23.4,0.0,53.1,125.0
2024-03-26,Pediatrics,135.0,35.0,23.4,0.0,53.1,125.0
2024-03-26,Pulmonology,71.0,16.0,23.4,0.0,53.1,125.0
2024-03-27,Cardiology,83.0,25.0,23.3,0.0,51.6,137.0
2024-03-27,Dermatology,46.0,5.0,23.3,0.0,51.6,137.0
2024-03-27,ENT,67.0,11.0,23.3,0.0,51.6,137.0
2024-03-27,Emergency,31.0,115.0,23.3,0.0,51.6,137.0
2024-03-27,General Medicine,199.0,29.0,23.3,0.0,51.6,137.0
2024-03-27,Orthopedics,100.0,28.0,23.3,0.0,51.6,137.0
2024-03-27,Pediatrics,130.0,32.0,23.3,0.0,51.6,137.0
2024-03-27,Pulmonology,82.0,22.0,23.3,0.0,51.6,137.0
2024-03-28,Cardiology,86.0,25.0,24.9,10.1,52.8,147.0
2024-03-28,Dermatology,54.0,5.0,24.9,10.1,52.8,147.0
2024-03-28,ENT,72.0,12.0,24.9,10.1,52.8,147.0
2024-03-28,Emergency,40.0,127.0,24.9,10.1,52.8,147.0
2024-03-28,General Medicine,200.0,31.0,24.9,10.1,52.8,147.0
2024-03-28,Orthopedics,76.0,39.0,24.9,10.1,52.8,147.0
2024-03-28,Pediatrics,167.0,40.0,24.9,10.1,52.8,147.0
2024-03-28,Pulmonology,87.0,25.0,24.9,10.1,52.8,147.0
2024-03-29,Cardiology,79.0,30.0,25.4,0.0,52.5,138.0
2024-03-29,Dermatology,,4.0,25.4,0.0,52.5,138.0
2024-03-29,ENT,70.0,11.0,25.4,0.0,52.5,138.0
2024-03-29,Emergency,42.0,108.0,25.4,0.0,52.5,138.0
2024-03-29,General Medicine,170.0,33.0,25.4,0.0,52.5,138.0
2024-03-29,Orthopedics,94.0,28.0,25.4,0.0,52.5,138.0
2024-03-29,Pediatrics,134.0,32.0,,0.0,52.5,138.0
2024-03-29,Pulmonology,66.0,19.0,25.4,0.0,52.5,138.0
2024-03-30,Cardiology,68.0,30.0,24.7,0.0,52.4,142.0
2024-03-30,Dermatology,44.0,2.0,24.7,,52.4,142.0
2024-03-30,ENT,51.0,13.0,24.7,0.0,52.4,142.0
2024-03-30,Emergency,34.0,122.0,24.7,0.0,52.4,142.0
2024-03-30,General Medicine,161.0,35.0,24.7,0.0,52.4,142.0
2024-03-30,Orthopedics,70.0,35.0,24.7,0.0,52.4,142.0
2024-03-30,Pediatrics,125.0,28.0,24.7,0.0,52.4,142.0
2024-03-30,Pulmonology,73.0,19.0,24.7,0.0,52.4,142.0
2024-03-31,Cardiology,22.0,24.0,25.6,0.0,54.4,131.0
2024-03-31,Dermatology,18.0,8.0,25.6,0.0,54.4,131.0
2024-03-31,ENT,25.0,11.0,25.6,0.0,54.4,131.0
2024-03-31,Emergency,8.0,135.0,25.6,0.0,54.4,131.0
2024-03-31,General Medicine,58.0,35.0,25.6,0.0,54.4,131.0
2024-03-31,Orthopedics,28.0,35.0,25.6,0.0,54.4,131.0
2024-03-31,Pediatrics,44.0,31.0,25.6,0.0,54.4,131.0
2024-03-31,Pulmonology,20.0,20.0,25.6,0.0,54.4,131.0
2024-04-01,Cardiology,87.0,29.0,25.7,0.0,53.4,140.0
2024-04-01,Dermatology,65.0,7.0,25.7,0.0,53.4,140.0
2024-04-01,ENT,70.0,11.0,25.7,0.0,53.4,140.0
2024-04-01,Emergency,39.0,124.0,25.7,0.0,53.4,140.0
2024-04-01,General Medicine,205.0,34.0,25.7,0.0,53.4,140.0
2024-04-01,Orthopedics,116.0,27.0,25.7,0.0,53.4,140.0
2024-04-01,Pediatrics,153.0,30.0,25.7,0.0,53.4,140.0
2024-04-01,Pulmonology,88.0,17.0,25.7,0.0,53.4,140.0
2024-04-02,Cardiology,81.0,25.0,26.9,0.0,49.2,130.0
2024-04-02,Dermatology,60.0,4.0,26.9,0.0,49.2,130.0
2024-04-02,ENT,59.0,7.0,26.9,0.0,49.2,130.0
2024-04-02,Emergency,37.0,114.0,26.9,0.0,49.2,130.0
2024-04-02,General Medicine,179.0,31.0,26.9,0.0,49.2,130.0
2024-04-02,Orthopedics,91.0,26.0,26.9,0.0,49.2,130.0
2024-04-02,Pediatrics,144.0,35.0,26.9,0.0,49.2,130.0
2024-04-02,Pulmonology,69.0,21.0,26.9,0.0,49.2,130.0
2024-04-03,Cardiology,79.0,28.0,25.8,0.0,50.8,130.0
2024-04-03,Dermatology,51.0,7.0,25.8,0.0,50.8,130.0
2024-04-03,ENT,65.0,11.0,25.8,0.0,50.8,130.0
2024-04-03,Emergency,38.0,130.0,25.8,0.0,,130.0
2024-04-03,General Medicine,192.0,32.0,25.8,0.0,50.8,130.0
2024-04-03,Orthopedics,93.0,26.0,,0.0,50.8,130.0
2024-04-03,Pediatrics,141.0,31.0,25.8,0.0,50.8,130.0
2024-04-03,Pulmonology,78.0,18.0,25.8,0.0,50.8,130.0
2024-04-04,Cardiology,83.0,27.0,25.5,0.0,46.3,122.0
2024-04-04,Dermatology,54.0,7.0,25.5,0.0,46.3,122.0
2024-04-04,ENT,58.0,12.0,25.5,0.0,46.3,122.0
2024-04-04,Emergency,40.0,115.0,25.5,0.0,46.3,122.0
2024-04-04,General Medicine,182.0,32.0,25.5,0.0,46.3,122.0
2024-04-04,Orthopedics,95.0,39.0,25.5,0.0,46.3,122.0
2024-04-04,Pediatrics,133.0,30.0,25.5,0.0,46.3,122.0
2024-04-04,Pulmonology,67.0,16.0,25.5,0.0,46.3,122.0
2024-04-05,Cardiology,78.0,32.0,25.4,0.0,48.0,
2024-04-05,Dermatology,53.0,7.0,25.4,0.0,48.0,139.0
2024-04-05,ENT,68.0,8.0,25.4,0.0,48.0,139.0
2024-04-05,Emergency,38.0,100.0,25.4,0.0,48.0,139.0
2024-04-05,General Medicine,185.0,28.0,25.4,0.0,48.0,139.0
2024-04-05,Orthopedics,95.0,26.0,25.4,0.0,48.0,139.0
2024-04-05,Pediatrics,111.0,33.0,25.4,0.0,48.0,139.0
2024-04-05,Pulmonology,76.0,14.0,25.4,0.0,48.0,139.0
2024-04-06,Cardiology,72.0,34.0,24.0,0.0,49.0,154.0
2024-04-06,Dermatology,43.0,9.0,24.0,0.0,49.0,154.0
2024-04-06,ENT,61.0,10.0,24.0,0.0,49.0,154.0
2024-04-06,Emergency,32.0,118.0,24.0,0.0,49.0,154.0
2024-04-06,General Medicine,173.0,32.0,24.0,0.0,49.0,
2024-04-06,Orthopedics,79.0,29.0,24.0,0.0,49.0,154.0
2024-04-06,Pediatrics,122.0,35.0,24.0,0.0,49.0,154.0
2024-04-06,Pulmonology,73.0,22.0,24.0,0.0,49.0,154.0
2024-04-07,Cardiology,25.0,25.0,25.4,0.0,48.2,149.0
2024-04-07,Dermatology,15.0,4.0,25.4,0.0,48.2,149.0
2024-04-07,ENT,18.0,14.0,25.4,0.0,48.2,149.0
2024-04-07,Emergency,13.0,132.0,25.4,0.0,48.2,149.0
2024-04-07,General Medicine,54.0,26.0,25.4,0.0,48.2,149.0
2024-04-07,Orthopedics,28.0,30.0,25.4,0.0,48.2,149.0
2024-04-07,Pediatrics,42.0,34.0,25.4,0.0,48.2,149.0
2024-04-07,Pulmonology,25.0,24.0,25.4,0.0,48.2,149.0
2024-04-08,Cardiology,93.0,26.0,26.2,0.0,48.0,150.0
2024-04-08,Dermatology,62.0,3.0,26.2,0.0,48.0,150.0
2024-04-08,ENT,72.0,16.0,26.2,0.0,48.0,150.0
2024-04-08,Emergency,42.0,123.0,26.2,0.0,48.0,150.0
2024-04-08,General Medicine,200.0,30.0,26.2,0.0,48.0,150.0
2024-04-08,Orthopedics,88.0,31.0,26.2,0.0,48.0,150.0
2024-04-08,Pediatrics,151.0,23.0,26.2,0.0,48.0,150.0
2024-04-08,Pulmonology,97.0,16.0,,0.0,48.0,150.0
2024-04-09,Cardiology,78.0,26.0,26.6,0.0,41.8,129.0
2024-04-09,Dermatology,44.0,2.0,26.6,0.0,41.8,129.0
2024-04-09,ENT,59.0,11.0,26.6,0.0,41.8,129.0
2024-04-09,Emergency,38.0,100.0,26.6,0.0,41.8,129.0
2024-04-09,General Medicine,178.0,20.0,26.6,0.0,41.8,129.0
2024-04-09,Orthopedics,88.0,32.0,26.6,0.0,41.8,129.0
2024-04-09,Pediatrics,128.0,31.0,26.6,0.0,41.8,129.0
2024-04-09,Pulmonology,68.0,15.0,26.6,0.0,41.8,129.0
2024-04-10,Cardiology,83.0,31.0,26.6,0.0,42.8,131.0
2024-04-10,Dermatology,48.0,7.0,26.6,0.0,42.8,131.0
2024-04-10,ENT,57.0,13.0,26.6,0.0,42.8,131.0
2024-04-10,Emergency,35.0,122.0,,0.0,42.8,131.0
2024-04-10,General Medicine,178.0,27.0,,0.0,42.8,131.0
2024-04-10,Orthopedics,85.0,33.0,26.6,0.0,42.8,131.0
2024-04-10,Pediatrics,118.0,29.0,26.6,0.0,42.8,131.0
2024-04-10,Pulmonology,67.0,18.0,26.6,0.0,42.8,131.0
2024-04-11,Cardiology,80.0,26.0,25.2,0.0,46.1,136.0
2024-04-11,Dermatology,46.0,8.0,25.2,0.0,46.1,136.0
2024-04-11,ENT,58.0,11.0,25.2,0.0,46.1,136.0
2024-04-11,Emergency,40.0,95.0,25.2,0.0,46.1,136.0
2024-04-11,General Medicine,184.0,27.0,25.2,0.0,46.1,136.0
2024-04-11,Orthopedics,99.0,34.0,25.2,0.0,46.1,136.0
2024-04-11,Pediatrics,131.0,29.0,25.2,0.0,46.1,136.0
2024-04-11,Pulmonology,74.0,17.0,25.2,0.0,46.1,136.0
2024-04-12,Cardiology,77.0,23.0,25.6,0.0,47.9,176.0
2024-04-12,Dermatology,54.0,2.0,25.6,0.0,47.9,176.0
2024-04-12,ENT,75.0,9.0,25.6,0.0,47.9,176.0
2024-04-12,Emergency,39.0,87.0,25.6,0.0,47.9,176.0
2024-04-12,General Medicine,189.0,26.0,25.6,0.0,47.9,176.0
2024-04-12,Orthopedics,94.0,35.0,25.6,0.0,47.9,176.0
2024-04-12,Pediatrics,129.0,37.0,25.6,0.0,47.9,176.0
2024-04-12,Pulmonology,95.0,25.0,25.6,0.0,47.9,176.0
2024-04-13,Cardiology,79.0,31.0,26.0,0.0,44.8,152.0
2024-04-13,Dermatology,42.0,5.0,26.0,0.0,44.8,152.0
2024-04-13,ENT,54.0,11.0,26.0,0.0,44.8,152.0
2024-04-13,Emergency,28.0,126.0,26.0,0.0,44.8,152.0
2024-04-13,General Medicine,187.0,32.0,26.0,0.0,44.8,152.0
2024-04-13,Orthopedics,83.0,30.0,26.0,0.0,44.8,152.0
2024-04-13,Pediatrics,117.0,40.0,26.0,0.0,44.8,152.0
2024-04-13,Pulmonology,75.0,21.0,26.0,0.0,44.8,152.0
2024-04-14,Cardiology,26.0,25.0,25.8,0.0,51.1,172.0
2024-04-14,Dermatology,17.0,6.0,25.8,0.0,51.1,172.0
2024-04-14,ENT,25.0,14.0,25.8,0.0,51.1,172.0
2024-04-14,Emergency,15.0,122.0,25.8,0.0,51.1,172.0
2024-04-14,General Medicine,53.0,33.0,25.8,0.0,51.1,172.0
2024-04-14,Orthopedics,24.0,29.0,25.8,0.0,51.1,172.0
2024-04-14,Pediatrics,37.0,50.0,25.8,0.0,51.1,172.0
2024-04-14,Pulmonology,27.0,24.0,25.8,0.0,51.1,172.0
2024-04-15,Cardiology,98.0,27.0,26.5,0.0,47.1,179.0
2024-04-15,Dermatology,60.0,4.0,26.5,0.0,47.1,179.0
2024-04-15,ENT,87.0,6.0,26.5,0.0,47.1,179.0
2024-04-15,Emergency,39.0,122.0,26.5,0.0,47.1,179.0
2024-04-15,General Medicine,216.0,30.0,26.5,0.0,47.1,179.0
2024-04-15,Orthopedics,99.0,28.0,26.5,0.0,47.1,179.0
2024-04-15,Pediatrics,146.0,29.0,26.5,0.0,47.1,179.0
2024-04-15,Pulmonology,111.0,20.0,26.5,0.0,47.1,179.0
2024-04-16,Cardiology,78.0,28.0,27.6,0.0,51.0,174.0
2024-04-16,Dermatology,59.0,5.0,27.6,0.0,51.0,174.0
2024-04-16,ENT,84.0,12.0,27.6,0.0,51.0,174.0
2024-04-16,Emergency,38.0,101.0,27.6,0.0,51.0,174.0
2024-04-16,General Medicine,196.0,27.0,27.6,0.0,51.0,174.0
2024-04-16,Orthopedics,89.0,31.0,27.6,0.0,51.0,174.0
2024-04-16,Pediatrics,129.0,28.0,27.6,0.0,51.0,174.0
2024-04-16,Pulmonology,100.0,21.0,27.6,0.0,51.0,174.0
2024-04-17,Cardiology,86.0,32.0,30.3,0.0,50.6,191.0
2024-04-17,Dermatology,68.0,5.0,30.3,0.0,50.6,191.0
2024-04-17,ENT,85.0,7.0,30.3,0.0,50.6,191.0
2024-04-17,Emergency,38.0,127.0,30.3,0.0,50.6,191.0
2024-04-17,General Medicine,192.0,32.0,30.3,0.0,50.6,191.0
2024-04-17,Orthopedics,102.0,32.0,30.3,0.0,50.6,191.0
2024-04-17,Pediatrics,134.0,37.0,30.3,0.0,50.6,191.0
2024-04-17,Pulmonology,106.0,27.0,30.3,0.0,50.6,191.0
2024-04-18,Cardiology,82.0,26.0,30.0,0.0,47.3,184.0
2024-04-18,Dermatology,65.0,6.0,30.0,0.0,47.3,184.0
2024-04-18,ENT,76.0,14.0,30.0,0.0,47.3,184.0
2024-04-18,Emergency,41.0,107.0,30.0,0.0,47.3,184.0
2024-04-18,General Medicine,165.0,34.0,30.0,0.0,47.3,184.0
2024-04-18,Orthopedics,88.0,32.0,30.0,0.0,47.3,184.0
2024-04-18,Pediatrics,142.0,30.0,30.0,0.0,47.3,184.0
2024-04-18,Pulmonology,105.0,27.0,30.0,0.0,47.3,184.0
2024-04-19,Cardiology,86.0,29.0,30.0,0.0,53.8,179.0
2024-04-19,Dermatology,76.0,6.0,30.0,0.0,53.8,179.0
2024-04-19,ENT,84.0,9.0,30.0,0.0,53.8,179.0
2024-04-19,Emergency,35.0,114.0,30.0,0.0,53.8,179.0
2024-04-19,General Medicine,177.0,27.0,30.0,0.0,53.8,179.0
2024-04-19,Orthopedics,88.0,29.0,30.0,0.0,53.8,179.0
2024-04-19,Pediatrics,143.0,33.0,30.0,0.0,53.8,179.0
2024-04-19,Pulmonology,105.0,25.0,30.0,0.0,53.8,179.0
2024-04-20,Cardiology,75.0,27.0,29.6,0.0,47.4,169.0
2024-04-20,Dermatology,50.0,4.0,29.6,0.0,47.4,169.0
2024-04-20,ENT,60.0,14.0,29.6,0.0,47.4,169.0
2024-04-20,Emergency,34.0,129.0,29.6,0.0,47.4,169.0
2024-04-20,General Medicine,168.0,28.0,29.6,0.0,47.4,169.0
2024-04-20,Orthopedics,83.0,28.0,29.6,0.0,47.4,169.0
2024-04-20,Pediatrics,116.0,31.0,29.6,0.0,47.4,169.0
2024-04-20,Pulmonology,86.0,29.0,29.6,0.0,47.4,169.0
2024-04-21,Cardiology,22.0,32.0,27.3,0.0,51.7,180.0
2024-04-21,Dermatology,24.0,3.0,27.3,0.0,51.7,180.0
2024-04-21,ENT,25.0,11.0,27.3,0.0,51.7,180.0
2024-04-21,Emergency,12.0,124.0,27.3,0.0,51.7,180.0
2024-04-21,General Medicine,47.0,27.0,27.3,0.0,51.7,180.0
2024-04-21,Orthopedics,27.0,35.0,27.3,0.0,51.7,180.0
2024-04-21,Pediatrics,41.0,38.0,27.3,0.0,51.7,180.0
2024-04-21,Pulmonology,33.0,27.0,27.3,0.0,51.7,180.0
2024-04-22,Cardiology,85.0,24.0,28.0,0.0,53.8,186.0
2024-04-22,Dermatology,69.0,8.0,28.0,0.0,53.8,186.0
2024-04-22,ENT,97.0,8.0,28.0,0.0,53.8,186.0
2024-04-22,Emergency,42.0,132.0,28.0,0.0,53.8,186.0
2024-04-22,General Medicine,214.0,31.0,28.0,0.0,53.8,186.0
2024-04-22,Orthopedics,104.0,33.0,28.0,0.0,53.8,186.0
2024-04-22,Pediatrics,183.0,35.0,28.0,0.0,53.8,186.0
2024-04-22,Pulmonology,113.0,19.0,28.0,0.0,53.8,186.0
2024-04-23,Cardiology,78.0,18.0,28.7,0.0,49.1,166.0
2024-04-23,Dermatology,61.0,6.0,28.7,0.0,49.1,166.0
2024-04-23,ENT,68.0,15.0,28.7,0.0,49.1,166.0
2024-04-23,Emergency,34.0,104.0,28.7,0.0,49.1,166.0
2024-04-23,General Medicine,197.0,28.0,28.7,0.0,49.1,166.0
2024-04-23,Orthopedics,97.0,30.0,28.7,0.0,49.1,166.0
2024-04-23,Pediatrics,134.0,32.0,28.7,0.0,49.1,166.0
2024-04-23,Pulmonology,100.0,22.0,28.7,0.0,49.1,166.0
2024-04-24,Cardiology,86.0,29.0,32.1,0.0,52.5,142.0
2024-04-24,Dermatology,74.0,9.0,32.1,0.0,52.5,142.0
2024-04-24,ENT,70.0,11.0,32.1,0.0,52.5,142.0
2024-04-24,Emergency,,113.0,32.1,0.0,52.5,142.0
2024-04-24,General Medicine,186.0,33.0,32.1,0.0,52.5,142.0
2024-04-24,Orthopedics,108.0,39.0,32.1,0.0,52.5,142.0
2024-04-24,Pediatrics,138.0,27.0,32.1,0.0,52.5,142.0
2024-04-24,Pulmonology,82.0,21.0,32.1,0.0,52.5,142.0
2024-04-25,Cardiology,80.0,30.0,31.2,0.0,49.8,142.0
2024-04-25,Dermatology,71.0,4.0,31.2,0.0,49.8,142.0
2024-04-25,ENT,62.0,12.0,31.2,0.0,49.8,142.0
2024-04-25,Emergency,38.0,114.0,31.2,0.0,49.8,142.0
2024-04-25,General Medicine,181.0,31.0,31.2,0.0,49.8,142.0
2024-04-25,Orthopedics,97.0,31.0,31.2,0.0,49.8,142.0
2024-04-25,Pediatrics,144.0,24.0,31.2,0.0,49.8,142.0
2024-04-25,Pulmonology,77.0,21.0,31.2,0.0,49.8,142.0
2024-04-26,Cardiology,74.0,29.0,31.3,0.0,49.9,133.0
2024-04-26,Dermatology,73.0,4.0,31.3,0.0,49.9,133.0
2024-04-26,ENT,63.0,11.0,31.3,0.0,49.9,133.0
2024-04-26,Emergency,33.0,117.0,31.3,0.0,49.9,133.0
2024-04-26,General Medicine,185.0,27.0,31.3,0.0,49.9,133.0
2024-04-26,Orthopedics,103.0,30.0,31.3,0.0,49.9,133.0
2024-04-26,Pediatrics,144.0,31.0,31.3,0.0,49.9,133.0
2024-04-26,Pulmonology,73.0,18.0,31.3,0.0,49.9,133.0
2024-04-27,Cardiology,76.0,24.0,31.0,0.0,49.9,137.0
2024-04-27,Dermatology,71.0,6.0,31.0,0.0,49.9,137.0
2024-04-27,ENT,59.0,11.0,31.0,0.0,49.9,137.0
2024-04-27,Emergency,31.0,103.0,31.0,0.0,49.9,137.0
2024-04-27,General Medicine,168.0,30.0,31.0,0.0,49.9,137.0
2024-04-27,Orthopedics,79.0,36.0,31.0,0.0,49.9,137.0
2024-04-27,Pediatrics,127.0,36.0,31.0,0.0,49.9,137.0
2024-04-27,Pulmonology,67.0,20.0,31.0,0.0,49.9,137.0
2024-04-28,Cardiology,21.0,33.0,29.5,10.3,51.3,151.0
2024-04-28,Dermatology,21.0,7.0,29.5,10.3,51.3,151.0
2024-04-28,ENT,20.0,12.0,29.5,10.3,51.3,151.0
2024-04-28,Emergency,13.0,132.0,29.5,10.3,51.3,151.0
2024-04-28,General Medicine,53.0,30.0,29.5,10.3,51.3,151.0
2024-04-28,Orthopedics,20.0,57.0,29.5,,51.3,151.0
2024-04-28,Pediatrics,48.0,43.0,29.5,10.3,51.3,151.0
2024-04-28,Pulmonology,20.0,21.0,29.5,10.3,51.3,151.0
2024-04-29,Cardiology,102.0,26.0,31.4,0.0,58.7,130.0
2024-04-29,Dermatology,88.0,3.0,31.4,0.0,58.7,130.0
2024-04-29,ENT,80.0,7.0,31.4,0.0,58.7,130.0
2024-04-29,Emergency,41.0,112.0,31.4,0.0,58.7,130.0
2024-04-29,General Medicine,218.0,24.0,31.4,0.0,58.7,130.0
2024-04-29,Orthopedics,109.0,37.0,31.4,0.0,58.7,130.0
2024-04-29,Pediatrics,162.0,30.0,31.4,0.0,58.7,130.0
2024-04-29,Pulmonology,80.0,19.0,31.4,0.0,58.7,130.0
2024-04-30,Cardiology,80.0,27.0,32.2,0.0,59.8,130.0
2024-04-30,Dermatology,87.0,3.0,32.2,0.0,59.8,130.0
2024-04-30,ENT,69.0,11.0,32.2,0.0,59.8,130.0
2024-04-30,Emergency,40.0,108.0,32.2,0.0,59.8,130.0
2024-04-30,General Medicine,194.0,31.0,32.2,0.0,59.8,130.0
2024-04-30,Orthopedics,99.0,32.0,32.2,0.0,59.8,130.0
2024-04-30,Pediatrics,139.0,31.0,32.2,0.0,59.8,130.0
2024-04-30,Pulmonology,78.0,21.0,32.2,0.0,59.8,130.0
2024-05-01,Cardiology,78.0,29.0,32.8,0.0,51.6,131.0
2024-05-01,Dermatology,80.0,11.0,32.8,0.0,51.6,131.0
2024-05-01,ENT,61.0,11.0,32.8,0.0,51.6,131.0
2024-05-01,Emergency,36.0,106.0,32.8,0.0,51.6,131.0
2024-05-01,General Medicine,183.0,26.0,32.8,0.0,51.6,131.0
2024-05-01,Orthopedics,94.0,33.0,32.8,0.0,51.6,131.0
2024-05-01,Pediatrics,142.0,36.0,32.8,0.0,51.6,131.0
2024-05-01,Pulmonology,74.0,17.0,32.8,0.0,51.6,131.0
2024-05-01,Pulmonology,74.0,17.0,32.8,0.0,51.6,131.0
2024-05-02,Cardiology,75.0,27.0,31.2,0.0,58.0,142.0
2024-05-02,Dermatology,84.0,5.0,31.2,0.0,58.0,142.0
2024-05-02,ENT,71.0,8.0,31.2,0.0,58.0,142.0
2024-05-02,Emergency,35.0,118.0,31.2,0.0,58.0,142.0
2024-05-02,General Medicine,194.0,29.0,31.2,0.0,58.0,142.0
2024-05-02,Orthopedics,95.0,33.0,31.2,0.0,58.0,142.0
2024-05-02,Pediatrics,166.0,31.0,31.2,0.0,58.0,142.0
2024-05-02,Pulmonology,73.0,20.0,31.2,0.0,58.0,142.0
2024-05-03,Cardiology,88.0,21.0,33.1,0.0,50.4,107.0
2024-05-03,Dermatology,77.0,6.0,33.1,0.0,50.4,107.0
2024-05-03,ENT,56.0,12.0,33.1,0.0,50.4,107.0
2024-05-03,Emergency,32.0,111.0,33.1,0.0,50.4,107.0
2024-05-03,General Medicine,176.0,26.0,33.1,0.0,50.4,107.0
2024-05-03,Orthopedics,95.0,31.0,33.1,0.0,50.4,107.0
2024-05-03,Pediatrics,129.0,34.0,33.1,0.0,50.4,107.0
2024-05-03,Pulmonology,54.0,14.0,33.1,0.0,50.4,107.0
2024-05-04,Cardiology,70.0,30.0,30.9,1.7,56.9,105.0
2024-05-04,Dermatology,67.0,5.0,30.9,1.7,56.9,105.0
2024-05-04,ENT,54.0,10.0,30.9,1.7,56.9,105.0
2024-05-04,Emergency,34.0,131.0,30.9,1.7,56.9,105.0
2024-05-04,General Medicine,175.0,28.0,30.9,1.7,56.9,105.0
2024-05-04,Orthopedics,73.0,44.0,30.9,1.7,56.9,105.0
2024-05-04,Pediatrics,144.0,34.0,30.9,1.7,56.9,105.0
2024-05-04,Pulmonology,54.0,12.0,30.9,1.7,56.9,105.0
2024-05-05,Cardiology,21.0,26.0,32.0,4.5,60.6,113.0
2024-05-05,Dermatology,25.0,8.0,32.0,4.5,60.6,113.0
2024-05-05,ENT,19.0,12.0,32.0,4.5,60.6,113.0
2024-05-05,Emergency,10.0,135.0,32.0,4.5,60.6,113.0
2024-05-05,General Medicine,59.0,46.0,32.0,4.5,60.6,113.0
2024-05-05,Orthopedics,19.0,45.0,32.0,4.5,60.6,113.0
2024-05-05,Pediatrics,47.0,47.0,32.0,4.5,60.6,113.0
2024-05-05,Pulmonology,20.0,20.0,32.0,4.5,60.6,113.0
2024-05-06,Cardiology,85.0,37.0,34.7,0.0,53.0,137.0
2024-05-06,Dermatology,101.0,,34.7,0.0,53.0,137.0
2024-05-06,ENT,77.0,8.0,34.7,0.0,53.0,137.0
2024-05-06,Emergency,42.0,118.0,34.7,0.0,53.0,137.0
2024-05-06,General Medicine,200.0,35.0,34.7,0.0,53.0,137.0
2024-05-06,Orthopedics,109.0,32.0,34.7,0.0,53.0,137.0
2024-05-06,Pediatrics,156.0,31.0,34.7,0.0,53.0,137.0
2024-05-06,Pulmonology,82.0,17.0,34.7,0.0,53.0,137.0
2024-05-07,Cardiology,84.0,26.0,32.7,0.0,52.7,128.0
2024-05-07,Dermatology,79.0,5.0,32.7,0.0,52.7,128.0
2024-05-07,ENT,58.0,12.0,32.7,0.0,52.7,128.0
2024-05-07,Emergency,39.0,105.0,32.7,0.0,52.7,128.0
2024-05-07,General Medicine,213.0,23.0,32.7,0.0,52.7,128.0
2024-05-07,Orthopedics,98.0,34.0,32.7,0.0,52.7,128.0
2024-05-07,Pediatrics,148.0,33.0,32.7,0.0,52.7,128.0
2024-05-07,Pulmonology,69.0,20.0,32.7,0.0,52.7,128.0
2024-05-08,Cardiology,75.0,25.0,31.9,0.0,50.0,103.0
2024-05-08,Dermatology,71.0,7.0,31.9,0.0,50.0,103.0
2024-05-08,ENT,54.0,13.0,31.9,0.0,50.0,103.0
2024-05-08,Emergency,36.0,127.0,31.9,0.0,50.0,103.0
2024-05-08,General Medicine,184.0,26.0,31.9,0.0,50.0,103.0
2024-05-08,Orthopedics,106.0,35.0,31.9,0.0,50.0,103.0
2024-05-08,Pediatrics,125.0,29.0,31.9,0.0,50.0,103.0
2024-05-08,Pulmonology,56.0,10.0,31.9,0.0,50.0,103.0
2024-05-09,Cardiology,91.0,22.0,32.3,0.0,51.1,120.0
2024-05-09,Dermatology,71.0,4.0,32.3,0.0,51.1,120.0
2024-05-09,ENT,60.0,,32.3,0.0,51.1,120.0
2024-05-09,Emergency,40.0,126.0,32.3,0.0,51.1,120.0
2024-05-09,General Medicine,184.0,23.0,32.3,0.0,51.1,120.0
2024-05-09,Orthopedics,99.0,24.0,32.3,0.0,51.1,120.0
2024-05-09,Pediatrics,143.0,37.0,,0.0,51.1,120.0
2024-05-09,Pulmonology,70.0,15.0,32.3,0.0,51.1,120.0
2024-05-10,Cardiology,86.0,24.0,31.9,0.0,51.7,114.0
2024-05-10,Dermatology,72.0,9.0,31.9,0.0,51.7,114.0
2024-05-10,ENT,58.0,10.0,31.9,0.0,51.7,114.0
2024-05-10,Emergency,40.0,122.0,31.9,0.0,51.7,114.0
2024-05-10,General Medicine,197.0,34.0,31.9,0.0,51.7,114.0
2024-05-10,Orthopedics,97.0,24.0,31.9,0.0,51.7,114.0
2024-05-10,Pediatrics,141.0,27.0,31.9,0.0,51.7,114.0
2024-05-10,Pulmonology,68.0,20.0,31.9,0.0,51.7,114.0
2024-05-11,Cardiology,73.0,27.0,30.4,0.0,56.3,102.0
2024-05-11,Dermatology,63.0,6.0,30.4,,56.3,102.0
2024-05-11,ENT,54.0,9.0,30.4,0.0,56.3,102.0
2024-05-11,Emergency,34.0,117.0,30.4,0.0,56.3,102.0
2024-05-11,General Medicine,172.0,29.0,30.4,0.0,56.3,102.0
2024-05-11,Orthopedics,80.0,29.0,30.4,0.0,56.3,102.0
2024-05-11,Pediatrics,123.0,38.0,30.4,0.0,56.3,102.0
2024-05-11,Pulmonology,57.0,16.0,30.4,0.0,56.3,102.0
2024-05-12,Cardiology,24.0,31.0,31.5,0.0,60.2,102.0
2024-05-12,Dermatology,23.0,6.0,31.5,0.0,60.2,102.0
2024-05-12,ENT,17.0,13.0,31.5,0.0,60.2,102.0
2024-05-12,Emergency,5.0,126.0,31.5,0.0,60.2,102.0
2024-05-12,General Medicine,54.0,26.0,31.5,0.0,60.2,102.0
2024-05-12,Orthopedics,27.0,35.0,31.5,0.0,60.2,102.0
2024-05-12,Pediatrics,40.0,36.0,31.5,0.0,60.2,102.0
2024-05-12,Pulmonology,14.0,21.0,31.5,0.0,60.2,102.0
2024-05-13,Cardiology,87.0,24.0,30.9,0.0,63.3,108.0
2024-05-13,Dermatology,97.0,3.0,30.9,0.0,63.3,108.0
2024-05-13,ENT,69.0,9.0,30.9,0.0,63.3,108.0
2024-05-13,Emergency,48.0,112.0,30.9,0.0,63.3,108.0
2024-05-13,General Medicine,217.0,29.0,30.9,0.0,63.3,108.0
2024-05-13,Orthopedics,111.0,26.0,30.9,0.0,63.3,108.0
2024-05-13,Pediatrics,177.0,29.0,30.9,0.0,63.3,108.0
2024-05-13,Pulmonology,73.0,16.0,30.9,0.0,63.3,108.0
2024-05-14,Cardiology,82.0,27.0,32.4,0.0,57.7,106.0
2024-05-14,Dermatology,79.0,2.0,32.4,0.0,57.7,106.0
2024-05-14,ENT,58.0,10.0,32.4,0.0,57.7,106.0
2024-05-14,Emergency,38.0,116.0,32.4,0.0,57.7,106.0
2024-05-14,General Medicine,170.0,21.0,32.4,0.0,57.7,106.0
2024-05-14,Orthopedics,100.0,24.0,32.4,0.0,57.7,106.0
2024-05-14,Pediatrics,143.0,34.0,32.4,0.0,57.7,106.0
2024-05-14,Pulmonology,68.0,14.0,32.4,0.0,57.7,106.0
2024-05-15,Cardiology,79.0,24.0,31.7,0.0,56.1,83.0
2024-05-15,Dermatology,79.0,7.0,31.7,0.0,56.1,83.0
2024-05-15,ENT,53.0,16.0,,0.0,56.1,83.0
2024-05-15,Emergency,31.0,122.0,31.7,0.0,56.1,83.0
2024-05-15,General Medicine,183.0,27.0,31.7,0.0,56.1,83.0
2024-05-15,Orthopedics,,26.0,31.7,0.0,56.1,83.0
2024-05-15,Pediatrics,130.0,38.0,31.7,0.0,56.1,83.0
2024-05-15,Pulmonology,56.0,9.0,31.7,0.0,56.1,83.0
2024-05-16,Cardiology,87.0,29.0,34.3,0.0,48.9,109.0
2024-05-16,Dermatology,71.0,5.0,34.3,0.0,48.9,109.0
2024-05-16,ENT,55.0,10.0,34.3,0.0,48.9,109.0
2024-05-16,Emergency,38.0,100.0,34.3,0.0,48.9,109.0
2024-05-16,General Medicine,183.0,26.0,34.3,0.0,48.9,109.0
2024-05-16,Orthopedics,87.0,25.0,34.3,0.0,48.9,109.0
2024-05-16,Pediatrics,131.0,28.0,34.3,0.0,48.9,109.0
2024-05-16,Pulmonology,61.0,18.0,34.3,0.0,48.9,109.0
2024-05-17,Cardiology,81.0,22.0,33.3,0.0,48.6,134.0
2024-05-17,Dermatology,77.0,3.0,33.3,0.0,48.6,134.0
2024-05-17,ENT,67.0,10.0,33.3,0.0,48.6,134.0
2024-05-17,Emergency,41.0,109.0,33.3,0.0,,134.0
2024-05-17,General Medicine,197.0,29.0,33.3,0.0,48.6,134.0
2024-05-17,Orthopedics,95.0,27.0,33.3,0.0,48.6,134.0
2024-05-17,Pediatrics,140.0,24.0,33.3,0.0,48.6,134.0
2024-05-17,Pulmonology,72.0,19.0,33.3,0.0,48.6,134.0
2024-05-18,Cardiology,73.0,27.0,33.2,6.6,55.9,137.0
2024-05-18,Dermatology,69.0,8.0,33.2,6.6,55.9,137.0
2024-05-18,ENT,60.0,10.0,33.2,6.6,55.9,137.0
2024-05-18,Emergency,39.0,147.0,33.2,6.6,55.9,137.0
2024-05-18,General Medicine,170.0,31.0,33.2,6.6,55.9,137.0
2024-05-18,Orthopedics,61.0,46.0,33.2,6.6,55.9,137.0
2024-05-18,Pediatrics,144.0,36.0,33.2,6.6,,137.0
2024-05-18,Pulmonology,62.0,19.0,33.2,6.6,55.9,137.0
2024-05-19,Cardiology,21.0,30.0,34.6,0.0,59.7,122.0
2024-05-19,Dermatology,29.0,8.0,34.6,0.0,59.7,122.0
2024-05-19,ENT,18.0,10.0,34.6,0.0,59.7,122.0
2024-05-19,Emergency,9.0,122.0,34.6,0.0,59.7,122.0
2024-05-19,General Medicine,54.0,29.0,34.6,0.0,59.7,122.0
2024-05-19,Orthopedics,25.0,34.0,34.6,0.0,59.7,122.0
2024-05-19,Pediatrics,35.0,34.0,34.6,0.0,59.7,122.0
2024-05-19,Pulmonology,20.0,23.0,34.6,0.0,59.7,122.0
2024-05-20,Cardiology,98.0,27.0,33.1,0.0,53.7,122.0
2024-05-20,Dermatology,86.0,8.0,33.1,0.0,53.7,122.0
2024-05-20,ENT,75.0,9.0,33.1,0.0,53.7,122.0
2024-05-20,Emergency,42.0,104.0,33.1,0.0,53.7,122.0
2024-05-20,General Medicine,208.0,31.0,33.1,0.0,53.7,122.0
2024-05-20,Orthopedics,107.0,37.0,33.1,0.0,53.7,122.0
2024-05-20,Pediatrics,154.0,27.0,33.1,0.0,53.7,122.0
2024-05-20,Pulmonology,72.0,16.0,33.1,0.0,53.7,122.0
2024-05-21,Cardiology,77.0,19.0,33.9,0.0,51.7,124.0
2024-05-21,Dermatology,83.0,9.0,33.9,0.0,51.7,124.0
2024-05-21,ENT,63.0,9.0,33.9,0.0,51.7,124.0
2024-05-21,Emergency,36.0,113.0,33.9,0.0,51.7,124.0
2024-05-21,General Medicine,188.0,28.0,33.9,0.0,51.7,124.0
2024-05-21,Orthopedics,96.0,29.0,33.9,0.0,51.7,124.0
2024-05-21,Pediatrics,143.0,36.0,33.9,0.0,51.7,124.0
2024-05-21,Pulmonology,70.0,18.0,33.9,0.0,51.7,124.0
2024-05-22,Cardiology,85.0,33.0,35.8,0.0,52.0,135.0
2024-05-22,Dermatology,92.0,6.0,35.8,0.0,52.0,135.0
2024-05-22,ENT,67.0,8.0,35.8,0.0,52.0,135.0
2024-05-22,Emergency,37.0,111.0,35.8,0.0,52.0,135.0
2024-05-22,General Medicine,208.0,27.0,35.8,0.0,52.0,135.0
2024-05-22,Orthopedics,95.0,21.0,35.8,0.0,52.0,135.0
2024-05-22,Pediatrics,138.0,30.0,35.8,0.0,52.0,135.0
2024-05-22,Pulmonology,78.0,19.0,35.8,0.0,52.0,135.0
2024-05-23,Cardiology,74.0,26.0,33.5,7.3,56.1,138.0
2024-05-23,Dermatology,88.0,6.0,33.5,7.3,56.1,138.0
2024-05-23,ENT,64.0,9.0,33.5,7.3,56.1,138.0
2024-05-23,Emergency,45.0,113.0,33.5,7.3,56.1,138.0
2024-05-23,General Medicine,211.0,30.0,33.5,7.3,56.1,138.0
2024-05-23,Orthopedics,80.0,46.0,33.5,7.3,56.1,138.0
2024-05-23,Pediatrics,175.0,39.0,33.5,7.3,56.1,138.0
2024-05-23,Pulmonology,77.0,13.0,33.5,7.3,56.1,138.0
2024-05-24,Cardiology,83.0,28.0,34.3,0.0,51.4,129.0
2024-05-24,Dermatology,86.0,4.0,34.3,0.0,51.4,129.0
2024-05-24,ENT,58.0,8.0,34.3,0.0,51.4,129.0
2024-05-24,Emergency,36.0,123.0,34.3,0.0,51.4,129.0
2024-05-24,General Medicine,164.0,27.0,34.3,0.0,51.4,129.0
2024-05-24,Orthopedics,87.0,32.0,34.3,0.0,51.4,129.0
2024-05-24,Pediatrics,136.0,33.0,34.3,0.0,51.4,129.0
2024-05-24,Pulmonology,73.0,21.0,34.3,0.0,51.4,129.0
2024-05-25,Cardiology,70.0,27.0,34.9,0.0,53.8,130.0
2024-05-25,Dermatology,78.0,6.0,34.9,0.0,53.8,130.0
2024-05-25,ENT,65.0,8.0,34.9,0.0,53.8,130.0
2024-05-25,Emergency,32.0,110.0,34.9,0.0,53.8,130.0
2024-05-25,General Medicine,163.0,27.0,34.9,0.0,53.8,130.0
2024-05-25,Orthopedics,80.0,38.0,34.9,0.0,53.8,130.0
2024-05-25,Pediatrics,119.0,39.0,34.9,0.0,53.8,130.0
2024-05-25,Pulmonology,65.0,23.0,34.9,0.0,53.8,130.0
2024-05-26,Cardiology,22.0,28.0,36.0,0.0,51.9,137.0
2024-05-26,Dermatology,29.0,5.0,,0.0,51.9,137.0
2024-05-26,ENT,20.0,11.0,36.0,0.0,51.9,137.0
2024-05-26,Emergency,13.0,,36.0,0.0,51.9,137.0
2024-05-26,General Medicine,56.0,39.0,36.0,0.0,51.9,137.0
2024-05-26,Orthopedics,28.0,32.0,36.0,0.0,51.9,137.0
2024-05-26,Pediatrics,44.0,42.0,36.0,0.0,51.9,137.0
2024-05-26,Pulmonology,16.0,28.0,36.0,0.0,51.9,137.0
2024-05-27,Cardiology,93.0,22.0,34.4,32.8,60.3,134.0
2024-05-27,Dermatology,107.0,8.0,34.4,32.8,60.3,134.0
2024-05-27,ENT,82.0,11.0,34.4,32.8,60.3,134.0
2024-05-27,Emergency,47.0,132.0,34.4,32.8,60.3,134.0
2024-05-27,General Medicine,213.0,34.0,34.4,32.8,60.3,134.0
2024-05-27,Orthopedics,70.0,51.0,34.4,32.8,60.3,134.0
2024-05-27,Pediatrics,202.0,40.0,34.4,32.8,60.3,134.0
2024-05-27,Pulmonology,89.0,18.0,34.4,32.8,60.3,134.0
2024-05-28,Cardiology,71.0,24.0,33.2,4.8,56.9,155.0
2024-05-28,Dermatology,90.0,9.0,33.2,4.8,56.9,155.0
2024-05-28,ENT,77.0,13.0,33.2,4.8,56.9,155.0
2024-05-28,Emergency,39.0,116.0,33.2,4.8,56.9,155.0
2024-05-28,General Medicine,193.0,29.0,33.2,4.8,56.9,155.0
2024-05-28,Orthopedics,77.0,50.0,33.2,4.8,56.9,155.0
2024-05-28,Pediatrics,152.0,32.0,33.2,4.8,56.9,155.0
2024-05-28,Pulmonology,90.0,18.0,33.2,4.8,56.9,155.0
2024-05-29,Cardiology,79.0,23.0,34.7,0.0,54.9,161.0
2024-05-29,Dermatology,87.0,6.0,,0.0,54.9,161.0
2024-05-29,ENT,78.0,10.0,34.7,0.0,54.9,161.0
2024-05-29,Emergency,38.0,113.0,34.7,0.0,54.9,161.0
2024-05-29,General Medicine,163.0,32.0,34.7,0.0,54.9,161.0
2024-05-29,Orthopedics,86.0,32.0,34.7,0.0,54.9,161.0
2024-05-29,Pediatrics,152.0,30.0,34.7,0.0,54.9,161.0
2024-05-29,Pulmonology,93.0,26.0,34.7,0.0,54.9,161.0
2024-05-30,Cardiology,78.0,29.0,35.5,0.0,52.8,153.0
2024-05-30,Dermatology,89.0,5.0,35.5,0.0,52.8,153.0
2024-05-30,ENT,62.0,10.0,35.5,0.0,52.8,153.0
2024-05-30,Emergency,37.0,119.0,35.5,0.0,52.8,153.0
2024-05-30,General Medicine,201.0,30.0,35.5,0.0,52.8,153.0
2024-05-30,Orthopedics,104.0,34.0,35.5,0.0,52.8,153.0
2024-05-30,Pediatrics,140.0,27.0,35.5,0.0,52.8,153.0
2024-05-30,Pulmonology,86.0,23.0,35.5,0.0,52.8,153.0
2024-05-31,Cardiology,82.0,32.0,36.0,0.0,52.6,166.0
2024-05-31,Dermatology,92.0,5.0,36.0,0.0,52.6,166.0
2024-05-31,ENT,80.0,10.0,36.0,0.0,52.6,166.0
2024-05-31,Emergency,39.0,107.0,36.0,0.0,52.6,166.0
2024-05-31,General Medicine,189.0,27.0,36.0,0.0,52.6,166.0
2024-05-31,Orthopedics,100.0,27.0,36.0,0.0,52.6,166.0
2024-05-31,Pediatrics,125.0,28.0,36.0,0.0,52.6,166.0
2024-05-31,Pulmonology,92.0,23.0,36.0,0.0,52.6,166.0
2024-06-01,Cardiology,71.0,31.0,36.5,0.1,52.6,161.0
2024-06-01,Dermatology,73.0,5.0,36.5,0.1,52.6,161.0
2024-06-01,ENT,72.0,14.0,36.5,0.1,52.6,161.0
2024-06-01,Emergency,36.0,123.0,36.5,0.1,52.6,161.0
2024-06-01,General Medicine,175.0,39.0,36.5,0.1,52.6,161.0
2024-06-01,Orthopedics,89.0,36.0,36.5,0.1,52.6,161.0
2024-06-01,Pediatrics,116.0,33.0,36.5,0.1,52.6,161.0
2024-06-01,Pediatrics,116.0,33.0,36.5,0.1,52.6,161.0
2024-06-01,Pulmonology,76.0,14.0,36.5,0.1,52.6,161.0
2024-06-02,Cardiology,20.0,34.0,35.6,0.0,52.0,140.0
2024-06-02,Dermatology,22.0,7.0,35.6,0.0,52.0,140.0
2024-06-02,ENT,14.0,10.0,35.6,0.0,52.0,140.0
2024-06-02,Emergency,6.0,141.0,35.6,0.0,52.0,140.0
2024-06-02,General Medicine,54.0,32.0,35.6,0.0,52.0,140.0
2024-06-02,Orthopedics,25.0,34.0,35.6,0.0,52.0,140.0
2024-06-02,Pediatrics,42.0,33.0,35.6,0.0,52.0,140.0
2024-06-02,Pulmonology,22.0,26.0,35.6,0.0,52.0,140.0
2024-06-03,Cardiology,90.0,24.0,36.2,6.7,53.0,152.0
2024-06-03,Dermatology,109.0,7.0,36.2,6.7,53.0,152.0
2024-06-03,ENT,78.0,8.0,36.2,6.7,53.0,152.0
2024-06-03,Emergency,46.0,113.0,36.2,6.7,53.0,152.0
2024-06-03,General Medicine,230.0,24.0,36.2,6.7,53.0,152.0
2024-06-03,Orthopedics,84.0,43.0,36.2,6.7,53.0,152.0
2024-06-03,Pediatrics,185.0,48.0,36.2,6.7,53.0,152.0
2024-06-03,Pulmonology,110.0,17.0,36.2,6.7,53.0,152.0
2024-06-04,Cardiology,78.0,21.0,36.6,0.0,57.8,158.0
2024-06-04,Dermatology,91.0,9.0,36.6,0.0,57.8,158.0
2024-06-04,ENT,80.0,9.0,36.6,0.0,57.8,158.0
2024-06-04,Emergency,36.0,114.0,36.6,0.0,57.8,158.0
2024-06-04,General Medicine,194.0,26.0,36.6,0.0,57.8,158.0
2024-06-04,Orthopedics,86.0,31.0,36.6,0.0,57.8,158.0
2024-06-04,Pediatrics,131.0,37.0,36.6,0.0,57.8,158.0
2024-06-04,Pulmonology,90.0,23.0,36.6,0.0,57.8,158.0
2024-06-05,Cardiology,77.0,25.0,35.8,0.0,58.3,144.0
2024-06-05,Dermatology,105.0,6.0,35.8,0.0,58.3,144.0
2024-06-05,ENT,69.0,12.0,35.8,0.0,58.3,144.0
2024-06-05,Emergency,39.0,119.0,35.8,0.0,58.3,144.0
2024-06-05,General Medicine,201.0,28.0,35.8,0.0,58.3,144.0
2024-06-05,Orthopedics,97.0,27.0,35.8,0.0,58.3,144.0
2024-06-05,Pediatrics,142.0,32.0,35.8,0.0,58.3,144.0
2024-06-05,Pulmonology,74.0,24.0,35.8,0.0,58.3,144.0
2024-06-06,Cardiology,77.0,28.0,38.4,0.0,54.5,133.0
2024-06-06,Dermatology,97.0,2.0,38.4,0.0,54.5,133.0
2024-06-06,ENT,66.0,10.0,38.4,0.0,54.5,133.0
2024-06-06,Emergency,41.0,121.0,38.4,0.0,54.5,133.0
2024-06-06,General Medicine,193.0,32.0,38.4,0.0,54.5,133.0
2024-06-06,Orthopedics,92.0,30.0,38.4,0.0,54.5,133.0
2024-06-06,Pediatrics,138.0,36.0,38.4,0.0,54.5,133.0
2024-06-06,Pulmonology,83.0,16.0,38.4,0.0,54.5,133.0
2024-06-07,Cardiology,85.0,32.0,38.4,0.0,56.3,136.0
2024-06-07,Dermatology,100.0,,38.4,0.0,56.3,136.0
2024-06-07,ENT,63.0,6.0,38.4,0.0,56.3,136.0
2024-06-07,Emergency,42.0,118.0,38.4,0.0,56.3,136.0
2024-06-07,General Medicine,199.0,34.0,38.4,0.0,56.3,136.0
2024-06-07,Orthopedics,96.0,33.0,38.4,0.0,56.3,136.0
2024-06-07,Pediatrics,140.0,31.0,38.4,0.0,56.3,136.0
2024-06-07,Pulmonology,85.0,17.0,38.4,0.0,56.3,136.0
2024-06-08,Cardiology,66.0,33.0,36.5,0.0,54.4,141.0
2024-06-08,Dermatology,80.0,5.0,36.5,0.0,54.4,141.0
2024-06-08,ENT,64.0,11.0,36.5,0.0,54.4,141.0
2024-06-08,Emergency,35.0,113.0,36.5,0.0,54.4,141.0
2024-06-08,General Medicine,171.0,30.0,36.5,0.0,,141.0
2024-06-08,Orthopedics,79.0,35.0,36.5,0.0,54.4,141.0
2024-06-08,Pediatrics,117.0,34.0,36.5,0.0,54.4,141.0
2024-06-08,Pulmonology,65.0,21.0,36.5,0.0,54.4,141.0
2024-06-09,Cardiology,22.0,31.0,37.5,0.0,57.8,141.0
2024-06-09,Dermatology,25.0,8.0,37.5,0.0,57.8,141.0
2024-06-09,ENT,16.0,13.0,37.5,0.0,57.8,141.0
2024-06-09,Emergency,10.0,133.0,37.5,0.0,57.8,141.0
2024-06-09,General Medicine,50.0,33.0,37.5,0.0,57.8,141.0
2024-06-09,Orthopedics,26.0,37.0,37.5,0.0,57.8,141.0
2024-06-09,Pediatrics,39.0,40.0,37.5,0.0,57.8,141.0
2024-06-09,Pulmonology,18.0,30.0,37.5,0.0,57.8,141.0
2024-06-10,Cardiology,100.0,26.0,36.2,0.0,57.7,142.0
2024-06-10,Dermatology,107.0,3.0,36.2,0.0,57.7,142.0
2024-06-10,ENT,69.0,11.0,36.2,0.0,57.7,142.0
2024-06-10,Emergency,43.0,112.0,36.2,0.0,57.7,142.0
2024-06-10,General Medicine,225.0,23.0,36.2,0.0,57.7,142.0
2024-06-10,Orthopedics,118.0,23.0,36.2,0.0,57.7,142.0
2024-06-10,Pediatrics,154.0,34.0,36.2,0.0,57.7,142.0
2024-06-10,Pulmonology,96.0,20.0,36.2,0.0,57.7,142.0
2024-06-11,Cardiology,77.0,27.0,37.5,0.0,55.2,162.0
2024-06-11,Dermatology,98.0,1.0,37.5,0.0,55.2,
2024-06-11,ENT,75.0,16.0,,0.0,55.2,162.0
2024-06-11,Emergency,37.0,127.0,37.5,0.0,55.2,
2024-06-11,General Medicine,191.0,40.0,37.5,0.0,55.2,162.0
2024-06-11,Orthopedics,105.0,35.0,37.5,0.0,55.2,162.0
2024-06-11,Pediatrics,139.0,34.0,37.5,0.0,55.2,162.0
2024-06-11,Pulmonology,90.0,21.0,37.5,0.0,55.2,162.0
2024-06-12,Cardiology,98.0,31.0,38.9,0.0,55.5,168.0
2024-06-12,Dermatology,114.0,5.0,38.9,0.0,55.5,168.0
2024-06-12,ENT,84.0,9.0,38.9,0.0,55.5,168.0
2024-06-12,Emergency,39.0,130.0,38.9,0.0,55.5,168.0
2024-06-12,General Medicine,221.0,34.0,38.9,0.0,55.5,168.0
2024-06-12,Orthopedics,94.0,35.0,38.9,0.0,55.5,168.0
2024-06-12,Pediatrics,134.0,25.0,38.9,0.0,55.5,168.0
2024-06-12,Pulmonology,96.0,19.0,38.9,0.0,55.5,168.0
2024-06-13,Cardiology,79.0,22.0,37.4,0.0,49.4,159.0
2024-06-13,Dermatology,98.0,4.0,37.4,0.0,49.4,159.0
2024-06-13,ENT,70.0,11.0,37.4,0.0,49.4,159.0
2024-06-13,Emergency,34.0,99.0,37.4,0.0,49.4,159.0
2024-06-13,General Medicine,189.0,29.0,37.4,0.0,49.4,159.0
2024-06-13,Orthopedics,93.0,23.0,37.4,0.0,49.4,159.0
2024-06-13,Pediatrics,146.0,31.0,37.4,0.0,49.4,159.0
2024-06-13,Pulmonology,91.0,21.0,37.4,0.0,49.4,159.0
2024-06-14,Cardiology,85.0,28.0,38.6,9.6,48.6,157.0
2024-06-14,Dermatology,96.0,4.0,38.6,9.6,48.6,157.0
2024-06-14,ENT,64.0,5.0,38.6,9.6,48.6,157.0
2024-06-14,Emergency,45.0,133.0,38.6,9.6,48.6,157.0
2024-06-14,General Medicine,181.0,38.0,38.6,9.6,48.6,157.0
2024-06-14,Orthopedics,70.0,50.0,38.6,9.6,48.6,157.0
2024-06-14,Pediatrics,147.0,54.0,38.6,9.6,48.6,157.0
2024-06-14,Pulmonology,83.0,21.0,38.6,9.6,48.6,157.0
2024-06-15,Cardiology,74.0,34.0,38.8,0.0,68.3,84.0
2024-06-15,Dermatology,107.0,7.0,38.8,0.0,68.3,84.0
2024-06-15,ENT,52.0,12.0,38.8,0.0,68.3,84.0
2024-06-15,Emergency,36.0,156.0,,0.0,68.3,84.0
2024-06-15,General Medicine,179.0,41.0,38.8,0.0,68.3,84.0
2024-06-15,Orthopedics,80.0,34.0,38.8,0.0,68.3,84.0
2024-06-15,Pediatrics,143.0,36.0,38.8,0.0,68.3,84.0
2024-06-15,Pulmonology,50.0,15.0,38.8,0.0,68.3,84.0
2024-06-16,Cardiology,30.0,34.0,39.4,0.0,71.8,87.0
2024-06-16,Dermatology,43.0,8.0,39.4,0.0,71.8,87.0
2024-06-16,ENT,15.0,6.0,39.4,0.0,71.8,87.0
2024-06-16,Emergency,12.0,158.0,39.4,0.0,71.8,87.0
2024-06-16,General Medicine,59.0,34.0,39.4,0.0,71.8,87.0
2024-06-16,Orthopedics,22.0,35.0,39.4,0.0,71.8,87.0
2024-06-16,Pediatrics,45.0,39.0,39.4,0.0,71.8,87.0
2024-06-16,Pulmonology,22.0,21.0,39.4,0.0,71.8,87.0
2024-06-17,Cardiology,155.0,48.0,41.2,0.0,78.9,109.0
2024-06-17,Dermatology,165.0,12.0,41.2,0.0,78.9,109.0
2024-06-17,ENT,88.0,8.0,41.2,0.0,78.9,109.0
2024-06-17,Emergency,66.0,170.0,41.2,0.0,78.9,109.0
2024-06-17,General Medicine,291.0,40.0,41.2,0.0,78.9,109.0
2024-06-17,Orthopedics,113.0,46.0,41.2,0.0,78.9,109.0
2024-06-17,Pediatrics,166.0,47.0,41.2,0.0,78.9,109.0
2024-06-17,Pulmonology,92.0,21.0,41.2,0.0,78.9,109.0
2024-06-18,Cardiology,107.0,49.0,39.7,24.7,91.3,79.0
2024-06-18,Dermatology,144.0,11.0,39.7,24.7,91.3,79.0
2024-06-18,ENT,68.0,13.0,39.7,24.7,91.3,79.0
2024-06-18,Emergency,57.0,170.0,39.7,24.7,91.3,79.0
2024-06-18,General Medicine,207.0,52.0,39.7,24.7,91.3,79.0
2024-06-18,Orthopedics,,63.0,39.7,24.7,91.3,79.0
2024-06-18,Pediatrics,186.0,49.0,39.7,24.7,91.3,79.0
2024-06-18,Pulmonology,70.0,19.0,39.7,24.7,91.3,79.0
2024-06-19,Cardiology,84.0,32.0,38.2,11.6,87.2,70.0
2024-06-19,Dermatology,117.0,10.0,38.2,11.6,87.2,70.0
2024-06-19,ENT,68.0,13.0,38.2,11.6,87.2,70.0
2024-06-19,Emergency,40.0,146.0,38.2,11.6,87.2,70.0
2024-06-19,General Medicine,222.0,26.0,38.2,11.6,87.2,70.0
2024-06-19,Orthopedics,67.0,47.0,38.2,11.6,87.2,70.0
2024-06-19,Pediatrics,179.0,42.0,38.2,11.6,87.2,70.0
2024-06-19,Pulmonology,63.0,15.0,38.2,11.6,87.2,70.0
2024-06-20,Cardiology,73.0,28.0,37.1,0.0,83.5,68.0
2024-06-20,Dermatology,114.0,6.0,37.1,0.0,83.5,68.0
2024-06-20,ENT,64.0,8.0,37.1,0.0,83.5,68.0
2024-06-20,Emergency,40.0,121.0,37.1,0.0,83.5,68.0
2024-06-20,General Medicine,234.0,23.0,37.1,0.0,83.5,68.0
2024-06-20,Orthopedics,,23.0,37.1,0.0,83.5,68.0
2024-06-20,Pediatrics,173.0,32.0,37.1,0.0,83.5,68.0
2024-06-20,Pulmonology,62.0,15.0,37.1,0.0,83.5,68.0
2024-06-21,Cardiology,89.0,23.0,36.5,0.0,74.7,55.0
2024-06-21,Cardiology,89.0,23.0,36.5,0.0,74.7,55.0
2024-06-21,Dermatology,114.0,8.0,36.5,0.0,74.7,55.0
2024-06-21,ENT,57.0,11.0,36.5,0.0,74.7,55.0
2024-06-21,Emergency,36.0,125.0,36.5,0.0,74.7,55.0
2024-06-21,General Medicine,213.0,28.0,36.5,0.0,74.7,55.0
2024-06-21,Orthopedics,88.0,35.0,36.5,0.0,74.7,55.0
2024-06-21,Pediatrics,163.0,30.0,36.5,0.0,74.7,55.0
2024-06-21,Pulmonology,54.0,13.0,36.5,0.0,74.7,55.0
2024-06-22,Cardiology,68.0,34.0,37.0,21.6,78.3,36.0
2024-06-22,Dermatology,114.0,10.0,37.0,21.6,78.3,36.0
2024-06-22,ENT,,15.0,37.0,21.6,78.3,36.0
2024-06-22,Emergency,37.0,130.0,37.0,21.6,78.3,36.0
2024-06-22,General Medicine,189.0,39.0,37.0,21.6,78.3,36.0
2024-06-22,Orthopedics,58.0,47.0,37.0,21.6,78.3,36.0
2024-06-22,Pediatrics,143.0,45.0,37.0,21.6,78.3,36.0
2024-06-22,Pulmonology,37.0,13.0,37.0,21.6,78.3,36.0
2024-06-23,Cardiology,23.0,26.0,37.9,0.0,71.8,52.0
2024-06-23,Dermatology,29.0,8.0,37.9,0.0,71.8,52.0
2024-06-23,ENT,11.0,9.0,37.9,0.0,71.8,52.0
2024-06-23,Emergency,9.0,121.0,37.9,0.0,71.8,52.0
2024-06-23,General Medicine,57.0,34.0,37.9,0.0,71.8,52.0
2024-06-23,Orthopedics,27.0,39.0,37.9,0.0,71.8,52.0
2024-06-23,Pediatrics,42.0,39.0,37.9,0.0,71.8,52.0
2024-06-23,Pulmonology,14.0,16.0,37.9,0.0,71.8,52.0
2024-06-24,Cardiology,88.0,34.0,38.4,20.5,75.9,26.0
2024-06-24,Dermatology,149.0,8.0,38.4,20.5,75.9,26.0
2024-06-24,ENT,47.0,15.0,38.4,20.5,75.9,26.0
2024-06-24,Emergency,53.0,135.0,38.4,20.5,75.9,
2024-06-24,General Medicine,238.0,34.0,38.4,20.5,75.9,26.0
2024-06-24,Orthopedics,74.0,52.0,38.4,20.5,75.9,26.0
2024-06-24,Pediatrics,212.0,39.0,38.4,20.5,75.9,26.0
2024-06-24,Pulmonology,35.0,9.0,38.4,20.5,75.9,26.0
2024-06-25,Cardiology,89.0,39.0,39.4,57.0,85.0,25.0
2024-06-25,Dermatology,131.0,5.0,39.4,57.0,85.0,25.0
2024-06-25,ENT,38.0,11.0,39.4,57.0,85.0,25.0
2024-06-25,Emergency,53.0,172.0,39.4,57.0,85.0,25.0
2024-06-25,General Medicine,236.0,44.0,39.4,57.0,85.0,25.0
2024-06-25,Orthopedics,21.0,64.0,39.4,57.0,85.0,25.0
2024-06-25,Pediatrics,177.0,61.0,39.4,57.0,85.0,25.0
2024-06-25,Pulmonology,29.0,14.0,39.4,57.0,85.0,
2024-06-26,Cardiology,102.0,41.0,39.1,15.2,75.7,60.0
2024-06-26,Dermatology,133.0,8.0,39.1,15.2,75.7,60.0
2024-06-26,ENT,60.0,7.0,39.1,15.2,75.7,60.0
2024-06-26,Emergency,49.0,167.0,39.1,15.2,75.7,60.0
2024-06-26,General Medicine,229.0,,39.1,15.2,75.7,60.0
2024-06-26,Orthopedics,66.0,53.0,39.1,15.2,75.7,60.0
2024-06-26,Pediatrics,162.0,47.0,39.1,15.2,75.7,60.0
2024-06-26,Pulmonology,54.0,20.0,39.1,15.2,75.7,60.0
2024-06-27,Cardiology,133.0,53.0,40.7,19.3,70.6,46.0
2024-06-27,Dermatology,161.0,11.0,40.7,19.3,70.6,46.0
2024-06-27,ENT,55.0,10.0,40.7,19.3,70.6,46.0
2024-06-27,Emergency,62.0,165.0,40.7,19.3,70.6,46.0
2024-06-27,General Medicine,262.0,47.0,40.7,19.3,70.6,46.0
2024-06-27,Orthopedics,67.0,62.0,40.7,19.3,70.6,46.0
2024-06-27,Pediatrics,184.0,52.0,40.7,19.3,70.6,46.0
2024-06-27,Pulmonology,43.0,17.0,40.7,19.3,70.6,46.0
2024-06-28,Cardiology,73.0,27.0,36.6,31.6,81.0,65.0
2024-06-28,Dermatology,114.0,3.0,36.6,31.6,81.0,65.0
2024-06-28,ENT,65.0,14.0,36.6,31.6,81.0,65.0
2024-06-28,Emergency,46.0,146.0,36.6,31.6,81.0,65.0
2024-06-28,General Medicine,231.0,37.0,36.6,31.6,81.0,65.0
2024-06-28,Orthopedics,58.0,44.0,36.6,31.6,81.0,65.0
2024-06-28,Pediatrics,184.0,43.0,36.6,,81.0,65.0
2024-06-28,Pulmonology,57.0,20.0,36.6,31.6,81.0,65.0
2024-06-29,Cardiology,78.0,46.0,39.5,48.8,81.2,63.0
2024-06-29,Dermatology,116.0,10.0,39.5,48.8,81.2,63.0
2024-06-29,ENT,50.0,8.0,39.5,48.8,81.2,63.0
2024-06-29,Emergency,50.0,203.0,39.5,48.8,81.2,63.0
2024-06-29,General Medicine,203.0,46.0,39.5,48.8,81.2,63.0
2024-06-29,Orthopedics,33.0,76.0,39.5,48.8,81.2,63.0
2024-06-29,Pediatrics,153.0,49.0,39.5,48.8,81.2,63.0
2024-06-29,Pulmonology,43.0,19.0,39.5,48.8,81.2,63.0
2024-06-30,Cardiology,28.0,37.0,39.0,0.0,73.7,99.0
2024-06-30,Dermatology,35.0,12.0,39.0,0.0,73.7,99.0
2024-06-30,ENT,15.0,13.0,39.0,0.0,73.7,99.0
2024-06-30,Emergency,10.0,150.0,39.0,0.0,73.7,99.0
2024-06-30,General Medicine,58.0,36.0,39.0,0.0,73.7,99.0
2024-06-30,Orthopedics,24.0,43.0,39.0,0.0,73.7,99.0
2024-06-30,Pediatrics,45.0,36.0,39.0,0.0,73.7,99.0
2024-06-30,Pulmonology,23.0,29.0,39.0,0.0,73.7,99.0
2024-07-01,Cardiology,88.0,26.0,36.8,7.8,84.4,78.0
2024-07-01,Dermatology,133.0,8.0,36.8,7.8,84.4,78.0
2024-07-01,ENT,82.0,8.0,36.8,7.8,84.4,78.0
2024-07-01,Emergency,43.0,129.0,36.8,7.8,84.4,78.0
2024-07-01,General Medicine,228.0,35.0,36.8,7.8,84.4,78.0
2024-07-01,Orthopedics,83.0,51.0,36.8,7.8,84.4,78.0
2024-07-01,Pediatrics,195.0,40.0,36.8,7.8,84.4,78.0
2024-07-01,Pulmonology,73.0,16.0,36.8,7.8,84.4,78.0
2024-07-02,Cardiology,75.0,30.0,35.2,20.4,82.2,79.0
2024-07-02,Dermatology,117.0,6.0,35.2,20.4,82.2,79.0
2024-07-02,ENT,69.0,11.0,35.2,20.4,82.2,79.0
2024-07-02,Emergency,43.0,130.0,35.2,20.4,82.2,79.0
2024-07-02,General Medicine,211.0,41.0,35.2,20.4,82.2,79.0
2024-07-02,Orthopedics,68.0,46.0,35.2,20.4,82.2,79.0
2024-07-02,Pediatrics,187.0,36.0,35.2,20.4,82.2,79.0
2024-07-02,Pulmonology,62.0,18.0,35.2,20.4,82.2,79.0
2024-07-03,Cardiology,76.0,23.0,36.0,0.0,68.5,72.0
2024-07-03,Dermatology,100.0,6.0,36.0,0.0,68.5,72.0
2024-07-03,ENT,50.0,10.0,36.0,0.0,68.5,72.0
2024-07-03,Emergency,41.0,102.0,36.0,0.0,68.5,72.0
2024-07-03,General Medicine,196.0,22.0,36.0,0.0,68.5,72.0
2024-07-03,Orthopedics,97.0,29.0,36.0,0.0,68.5,72.0
2024-07-03,Pediatrics,155.0,40.0,36.0,0.0,68.5,72.0
2024-07-03,Pulmonology,50.0,16.0,36.0,0.0,68.5,72.0
2024-07-04,Cardiology,79.0,25.0,35.7,0.0,71.1,85.0
2024-07-04,Dermatology,100.0,7.0,35.7,0.0,71.1,85.0
2024-07-04,ENT,60.0,10.0,35.7,0.0,71.1,85.0
2024-07-04,Emergency,34.0,132.0,35.7,0.0,71.1,85.0
2024-07-04,General Medicine,184.0,34.0,35.7,0.0,71.1,85.0
2024-07-04,Orthopedics,96.0,29.0,35.7,0.0,71.1,85.0
2024-07-04,Pediatrics,150.0,37.0,35.7,0.0,71.1,85.0
2024-07-04,Pulmonology,62.0,14.0,35.7,0.0,71.1,85.0
2024-07-05,Cardiology,89.0,26.0,36.6,0.0,77.1,85.0
2024-07-05,Dermatology,124.0,8.0,36.6,0.0,77.1,85.0
2024-07-05,ENT,61.0,8.0,36.6,0.0,77.1,85.0
2024-07-05,Emergency,41.0,86.0,36.6,0.0,77.1,85.0
2024-07-05,General Medicine,214.0,32.0,36.6,0.0,77.1,85.0
2024-07-05,Orthopedics,101.0,30.0,36.6,0.0,77.1,85.0
2024-07-05,Pediatrics,158.0,25.0,36.6,0.0,77.1,85.0
2024-07-05,Pulmonology,61.0,19.0,36.6,0.0,77.1,85.0
2024-07-06,Cardiology,69.0,26.0,36.9,0.0,83.8,89.0
2024-07-06,Dermatology,118.0,6.0,36.9,0.0,83.8,89.0
2024-07-06,ENT,63.0,11.0,36.9,0.0,83.8,89.0
2024-07-06,Emergency,31.0,135.0,36.9,0.0,83.8,89.0
2024-07-06,General Medicine,182.0,25.0,36.9,0.0,83.8,89.0
2024-07-06,Orthopedics,92.0,28.0,36.9,0.0,83.8,89.0
2024-07-06,Pediatrics,142.0,33.0,36.9,0.0,83.8,89.0
2024-07-06,Pulmonology,58.0,28.0,36.9,0.0,83.8,89.0
2024-07-07,Cardiology,17.0,30.0,36.5,0.0,76.9,69.0
2024-07-07,Dermatology,32.0,7.0,36.5,0.0,76.9,69.0
2024-07-07,ENT,22.0,13.0,36.5,0.0,76.9,69.0
2024-07-07,Emergency,10.0,115.0,36.5,0.0,76.9,69.0
2024-07-07,General Medicine,58.0,30.0,36.5,0.0,76.9,69.0
2024-07-07,Orthopedics,31.0,40.0,36.5,0.0,76.9,69.0
2024-07-07,Pediatrics,41.0,33.0,36.5,0.0,,69.0
2024-07-07,Pulmonology,12.0,17.0,36.5,0.0,76.9,69.0
2024-07-08,Cardiology,88.0,25.0,35.3,15.7,82.5,48.0
2024-07-08,Dermatology,132.0,4.0,35.3,15.7,82.5,48.0
2024-07-08,ENT,64.0,10.0,35.3,15.7,82.5,48.0
2024-07-08,Emergency,46.0,144.0,35.3,15.7,82.5,48.0
2024-07-08,General Medicine,248.0,36.0,35.3,15.7,82.5,48.0
2024-07-08,Orthopedics,79.0,44.0,35.3,15.7,82.5,48.0
2024-07-08,Pediatrics,200.0,40.0,35.3,15.7,82.5,48.0
2024-07-08,Pulmonology,46.0,13.0,35.3,15.7,82.5,48.0
2024-07-09,Cardiology,,20.0,33.7,76.5,90.6,45.0
2024-07-09,Dermatology,94.0,5.0,33.7,76.5,90.6,45.0
2024-07-09,ENT,34.0,13.0,33.7,76.5,90.6,45.0
2024-07-09,Emergency,43.0,187.0,33.7,76.5,90.6,45.0
2024-07-09,General Medicine,203.0,32.0,33.7,76.5,90.6,45.0
2024-07-09,Orthopedics,1.0,112.0,33.7,76.5,90.6,45.0
2024-07-09,Pediatrics,164.0,45.0,33.7,76.5,90.6,45.0
2024-07-09,Pulmonology,37.0,14.0,33.7,76.5,90.6,45.0
2024-07-10,Cardiology,81.0,24.0,34.0,9.9,79.3,53.0
2024-07-10,Dermatology,113.0,5.0,34.0,9.9,79.3,53.0
2024-07-10,ENT,58.0,10.0,34.0,9.9,79.3,53.0
2024-07-10,Emergency,40.0,122.0,34.0,9.9,79.3,53.0
2024-07-10,General Medicine,209.0,38.0,34.0,9.9,79.3,53.0
2024-07-10,Orthopedics,75.0,49.0,34.0,9.9,79.3,53.0
2024-07-10,Pediatrics,187.0,37.0,34.0,9.9,79.3,53.0
2024-07-10,Pulmonology,49.0,14.0,34.0,9.9,79.3,53.0
2024-07-11,Cardiology,80.0,26.0,35.7,23.6,91.3,55.0
2024-07-11,Dermatology,123.0,4.0,35.7,23.6,91.3,55.0
2024-07-11,ENT,67.0,13.0,35.7,23.6,91.3,55.0
2024-07-11,Emergency,43.0,127.0,35.7,23.6,91.3,55.0
2024-07-11,General Medicine,224.0,,35.7,23.6,91.3,55.0
2024-07-11,Orthopedics,67.0,46.0,35.7,23.6,91.3,55.0
2024-07-11,Pediatrics,194.0,34.0,35.7,23.6,91.3,55.0
2024-07-11,Pulmonology,57.0,19.0,35.7,23.6,91.3,55.0
2024-07-12,Cardiology,83.0,23.0,36.1,34.5,84.8,30.0
2024-07-12,Dermatology,113.0,8.0,36.1,34.5,84.8,30.0
2024-07-12,ENT,55.0,6.0,36.1,34.5,84.8,30.0
2024-07-12,Emergency,48.0,122.0,36.1,34.5,84.8,30.0
2024-07-12,General Medicine,238.0,36.0,36.1,34.5,84.8,30.0
2024-07-12,Orthopedics,57.0,50.0,36.1,34.5,84.8,30.0
2024-07-12,Pediatrics,197.0,35.0,36.1,34.5,84.8,30.0
2024-07-12,Pulmonology,37.0,11.0,36.1,34.5,84.8,30.0
2024-07-13,Cardiology,75.0,23.0,34.6,0.0,,71.0
2024-07-13,Dermatology,95.0,8.0,34.6,0.0,78.6,71.0
2024-07-13,ENT,54.0,14.0,34.6,0.0,78.6,71.0
2024-07-13,Emergency,33.0,120.0,34.6,0.0,78.6,71.0
2024-07-13,General Medicine,189.0,30.0,34.6,0.0,78.6,71.0
2024-07-13,Orthopedics,87.0,42.0,34.6,0.0,78.6,71.0
2024-07-13,Pediatrics,142.0,34.0,34.6,0.0,78.6,71.0
2024-07-13,Pulmonology,53.0,20.0,34.6,0.0,78.6,71.0
2024-07-14,Cardiology,24.0,35.0,35.3,23.4,84.8,40.0
2024-07-14,Dermatology,33.0,7.0,35.3,23.4,84.8,40.0
2024-07-14,ENT,16.0,13.0,35.3,23.4,84.8,40.0
2024-07-14,Emergency,11.0,152.0,35.3,23.4,84.8,40.0
2024-07-14,General Medicine,66.0,36.0,35.3,23.4,84.8,40.0
2024-07-14,Orthopedics,14.0,54.0,35.3,23.4,84.8,40.0
2024-07-14,Pediatrics,49.0,43.0,35.3,23.4,84.8,40.0
2024-07-14,Pulmonology,13.0,19.0,35.3,23.4,84.8,40.0
2024-07-15,Cardiology,89.0,26.0,36.0,11.7,,61.0
2024-07-15,Dermatology,131.0,12.0,36.0,11.7,84.9,61.0
2024-07-15,ENT,66.0,7.0,36.0,11.7,84.9,61.0
2024-07-15,Emergency,50.0,103.0,36.0,11.7,84.9,61.0
2024-07-15,General Medicine,242.0,28.0,36.0,11.7,84.9,61.0
2024-07-15,Orthopedics,83.0,39.0,36.0,11.7,84.9,61.0
2024-07-15,Pediatrics,206.0,37.0,36.0,11.7,84.9,61.0
2024-07-15,Pulmonology,63.0,15.0,36.0,11.7,84.9,61.0
2024-07-16,Cardiology,73.0,29.0,34.9,7.8,82.7,74.0
2024-07-16,Dermatology,128.0,6.0,34.9,7.8,82.7,74.0
2024-07-16,ENT,57.0,8.0,34.9,7.8,82.7,74.0
2024-07-16,Emergency,41.0,,34.9,7.8,82.7,74.0
2024-07-16,General Medicine,212.0,40.0,34.9,7.8,82.7,74.0
2024-07-16,Orthopedics,76.0,50.0,34.9,7.8,82.7,74.0
2024-07-16,Pediatrics,165.0,28.0,34.9,7.8,82.7,74.0
2024-07-16,Pulmonology,65.0,16.0,34.9,7.8,82.7,74.0
2024-07-17,Cardiology,85.0,27.0,35.5,0.0,80.5,68.0
2024-07-17,Dermatology,107.0,5.0,35.5,0.0,80.5,68.0
2024-07-17,ENT,61.0,11.0,35.5,0.0,80.5,68.0
2024-07-17,Emergency,42.0,115.0,35.5,0.0,80.5,68.0
2024-07-17,Emergency,42.0,115.0,35.5,0.0,80.5,68.0
2024-07-17,General Medicine,204.0,32.0,35.5,0.0,80.5,68.0
2024-07-17,Orthopedics,95.0,38.0,35.5,0.0,80.5,68.0
2024-07-17,Pediatrics,175.0,31.0,35.5,0.0,80.5,68.0
2024-07-17,Pulmonology,57.0,19.0,35.5,0.0,80.5,68.0
2024-07-18,Cardiology,80.0,20.0,35.7,6.1,79.1,75.0
2024-07-18,Dermatology,107.0,8.0,35.7,6.1,79.1,75.0
2024-07-18,ENT,58.0,11.0,35.7,6.1,79.1,75.0
2024-07-18,Emergency,39.0,120.0,35.7,6.1,79.1,75.0
2024-07-18,General Medicine,195.0,34.0,35.7,6.1,79.1,75.0
2024-07-18,Orthopedics,79.0,42.0,35.7,6.1,79.1,75.0
2024-07-18,Pediatrics,183.0,28.0,35.7,6.1,79.1,75.0
2024-07-18,Pulmonology,58.0,14.0,35.7,6.1,79.1,75.0
2024-07-19,Cardiology,81.0,24.0,34.4,0.0,79.0,81.0
2024-07-19,Dermatology,113.0,7.0,34.4,0.0,79.0,81.0
2024-07-19,ENT,63.0,7.0,34.4,0.0,79.0,81.0
2024-07-19,Emergency,42.0,120.0,34.4,0.0,79.0,81.0
2024-07-19,General Medicine,211.0,30.0,34.4,0.0,79.0,81.0
2024-07-19,Orthopedics,94.0,23.0,34.4,0.0,79.0,81.0
2024-07-19,Pediatrics,174.0,32.0,34.4,0.0,79.0,81.0
2024-07-19,Pulmonology,64.0,19.0,34.4,0.0,79.0,81.0
2024-07-20,Cardiology,71.0,26.0,35.4,14.6,80.2,62.0
2024-07-20,Dermatology,99.0,5.0,35.4,14.6,80.2,62.0
2024-07-20,ENT,44.0,7.0,35.4,14.6,80.2,62.0
2024-07-20,Emergency,34.0,140.0,35.4,14.6,80.2,62.0
2024-07-20,General Medicine,187.0,30.0,35.4,14.6,80.2,62.0
2024-07-20,Orthopedics,64.0,58.0,35.4,14.6,80.2,62.0
2024-07-20,Pediatrics,154.0,48.0,35.4,14.6,80.2,62.0
2024-07-20,Pulmonology,49.0,14.0,35.4,14.6,80.2,62.0
2024-07-21,Cardiology,23.0,23.0,36.3,44.9,88.9,33.0
2024-07-21,Dermatology,31.0,5.0,36.3,44.9,88.9,33.0
2024-07-21,ENT,13.0,6.0,36.3,44.9,88.9,33.0
2024-07-21,Emergency,14.0,168.0,36.3,44.9,88.9,33.0
2024-07-21,General Medicine,59.0,33.0,36.3,44.9,88.9,33.0
2024-07-21,Orthopedics,15.0,76.0,,44.9,88.9,33.0
2024-07-21,Pediatrics,52.0,50.0,36.3,44.9,88.9,33.0
2024-07-21,Pulmonology,11.0,12.0,36.3,44.9,,33.0
2024-07-22,Cardiology,60.0,22.0,37.4,78.6,89.8,25.0
2024-07-22,Dermatology,107.0,6.0,37.4,78.6,89.8,25.0
2024-07-22,ENT,38.0,7.0,37.4,78.6,89.8,25.0
2024-07-22,Emergency,55.0,193.0,37.4,78.6,89.8,25.0
2024-07-22,General Medicine,225.0,30.0,37.4,78.6,89.8,25.0
2024-07-22,Orthopedics,1.0,88.0,37.4,78.6,89.8,25.0
2024-07-22,Pediatrics,169.0,35.0,37.4,78.6,89.8,25.0
2024-07-22,Pulmonology,29.0,11.0,37.4,78.6,89.8,25.0
2024-07-23,Cardiology,80.0,27.0,38.1,0.0,77.7,53.0
2024-07-23,Dermatology,117.0,6.0,38.1,0.0,77.7,53.0
2024-07-23,ENT,55.0,12.0,38.1,0.0,77.7,53.0
2024-07-23,Emergency,33.0,107.0,38.1,0.0,77.7,53.0
2024-07-23,General Medicine,201.0,31.0,38.1,0.0,77.7,53.0
2024-07-23,Orthopedics,98.0,35.0,38.1,0.0,77.7,53.0
2024-07-23,Pediatrics,155.0,33.0,38.1,0.0,77.7,53.0
2024-07-23,Pulmonology,41.0,9.0,38.1,0.0,77.7,53.0
2024-07-24,Cardiology,74.0,27.0,35.7,15.3,81.3,27.0
2024-07-24,Dermatology,122.0,4.0,35.7,15.3,81.3,27.0
2024-07-24,ENT,49.0,12.0,35.7,15.3,81.3,27.0
2024-07-24,Emergency,47.0,128.0,35.7,15.3,81.3,27.0
2024-07-24,General Medicine,212.0,35.0,35.7,15.3,81.3,27.0
2024-07-24,Orthopedics,64.0,52.0,35.7,15.3,81.3,27.0
2024-07-24,Pediatrics,209.0,38.0,35.7,15.3,81.3,27.0
2024-07-24,Pulmonology,41.0,11.0,35.7,15.3,81.3,27.0
2024-07-25,Cardiology,74.0,30.0,34.6,0.0,82.0,50.0
2024-07-25,Dermatology,124.0,9.0,34.6,0.0,82.0,50.0
2024-07-25,ENT,59.0,8.0,34.6,0.0,82.0,50.0
2024-07-25,Emergency,37.0,117.0,34.6,0.0,82.0,50.0
2024-07-25,General Medicine,203.0,33.0,34.6,0.0,82.0,50.0
2024-07-25,Orthopedics,98.0,25.0,34.6,0.0,82.0,50.0
2024-07-25,Pediatrics,154.0,34.0,34.6,0.0,82.0,50.0
2024-07-25,Pulmonology,48.0,17.0,34.6,0.0,82.0,50.0
2024-07-26,Cardiology,81.0,25.0,35.6,24.4,85.1,38.0
2024-07-26,Dermatology,123.0,5.0,35.6,24.4,85.1,38.0
2024-07-26,ENT,54.0,10.0,35.6,24.4,85.1,38.0
2024-07-26,Emergency,42.0,137.0,35.6,24.4,85.1,38.0
2024-07-26,General Medicine,211.0,40.0,35.6,24.4,85.1,38.0
2024-07-26,Orthopedics,65.0,56.0,35.6,24.4,85.1,38.0
2024-07-26,Pediatrics,192.0,27.0,35.6,24.4,85.1,38.0
2024-07-26,Pulmonology,44.0,12.0,35.6,24.4,85.1,38.0
2024-07-27,Cardiology,74.0,25.0,36.3,13.6,75.3,61.0
2024-07-27,Dermatology,85.0,3.0,36.3,13.6,75.3,61.0
2024-07-27,ENT,48.0,11.0,36.3,13.6,75.3,61.0
2024-07-27,Emergency,37.0,118.0,36.3,13.6,75.3,61.0
2024-07-27,General Medicine,191.0,41.0,36.3,13.6,75.3,61.0
2024-07-27,Orthopedics,57.0,51.0,36.3,13.6,75.3,61.0
2024-07-27,Pediatrics,167.0,38.0,36.3,13.6,75.3,61.0
2024-07-27,Pulmonology,47.0,14.0,36.3,13.6,75.3,61.0
2024-07-28,Cardiology,26.0,31.0,36.7,0.0,78.5,67.0
2024-07-28,Dermatology,36.0,8.0,36.7,0.0,78.5,67.0
2024-07-28,ENT,21.0,11.0,36.7,0.0,78.5,67.0
2024-07-28,Emergency,15.0,130.0,36.7,0.0,78.5,67.0
2024-07-28,General Medicine,55.0,34.0,36.7,0.0,78.5,67.0
2024-07-28,Orthopedics,22.0,34.0,36.7,0.0,78.5,67.0
2024-07-28,Pediatrics,47.0,37.0,36.7,0.0,78.5,67.0
2024-07-28,Pulmonology,13.0,17.0,36.7,0.0,78.5,67.0
2024-07-29,Cardiology,140.0,56.0,40.9,0.0,73.3,65.0
2024-07-29,Dermatology,175.0,12.0,40.9,0.0,73.3,65.0
2024-07-29,ENT,66.0,9.0,40.9,0.0,73.3,65.0
2024-07-29,Emergency,62.0,171.0,40.9,0.0,73.3,65.0
2024-07-29,General Medicine,294.0,45.0,40.9,0.0,73.3,65.0
2024-07-29,Orthopedics,99.0,55.0,40.9,0.0,73.3,65.0
2024-07-29,Pediatrics,182.0,51.0,40.9,0.0,73.3,65.0
2024-07-29,Pulmonology,62.0,14.0,40.9,0.0,73.3,65.0
2024-07-30,Cardiology,100.0,52.0,39.8,0.0,72.2,78.0
2024-07-30,Dermatology,145.0,9.0,39.8,0.0,72.2,78.0
2024-07-30,ENT,56.0,13.0,39.8,0.0,72.2,78.0
2024-07-30,Emergency,49.0,123.0,39.8,0.0,72.2,78.0
2024-07-30,General Medicine,205.0,37.0,39.8,0.0,72.2,78.0
2024-07-30,Orthopedics,94.0,35.0,39.8,0.0,72.2,78.0
2024-07-30,Pediatrics,158.0,38.0,39.8,0.0,72.2,78.0
2024-07-30,Pulmonology,58.0,19.0,39.8,0.0,72.2,78.0
2024-07-31,Cardiology,116.0,36.0,39.6,0.0,71.7,82.0
2024-07-31,Dermatology,126.0,7.0,39.6,0.0,71.7,82.0
2024-07-31,ENT,61.0,8.0,39.6,0.0,71.7,82.0
2024-07-31,Emergency,50.0,153.0,39.6,0.0,71.7,82.0
2024-07-31,General Medicine,240.0,35.0,39.6,0.0,71.7,82.0
2024-07-31,Orthopedics,97.0,38.0,39.6,0.0,71.7,82.0
2024-07-31,Pediatrics,150.0,30.0,39.6,0.0,,82.0
2024-07-31,Pulmonology,60.0,18.0,39.6,0.0,71.7,82.0
2024-08-01,Cardiology,101.0,44.0,39.3,0.0,78.3,84.0
2024-08-01,Dermatology,143.0,9.0,39.3,0.0,78.3,84.0
2024-08-01,ENT,65.0,8.0,39.3,0.0,78.3,84.0
2024-08-01,Emergency,41.0,143.0,39.3,0.0,78.3,84.0
2024-08-01,General Medicine,235.0,30.0,39.3,0.0,78.3,84.0
2024-08-01,Orthopedics,94.0,26.0,39.3,0.0,78.3,84.0
2024-08-01,Pediatrics,181.0,41.0,39.3,0.0,78.3,84.0
2024-08-01,Pulmonology,73.0,13.0,39.3,0.0,78.3,84.0
2024-08-02,Cardiology,93.0,31.0,38.7,0.0,70.1,88.0
2024-08-02,Dermatology,115.0,7.0,38.7,0.0,70.1,88.0
2024-08-02,ENT,61.0,7.0,38.7,0.0,70.1,88.0
2024-08-02,Emergency,48.0,118.0,38.7,0.0,70.1,88.0
2024-08-02,General Medicine,227.0,30.0,38.7,0.0,70.1,88.0
2024-08-02,Orthopedics,93.0,35.0,38.7,0.0,70.1,88.0
2024-08-02,Pediatrics,158.0,28.0,38.7,0.0,70.1,88.0
2024-08-02,Pulmonology,59.0,14.0,38.7,0.0,70.1,88.0
2024-08-03,Cardiology,67.0,32.0,37.2,0.0,84.1,63.0
2024-08-03,Dermatology,112.0,5.0,37.2,0.0,84.1,63.0
2024-08-03,ENT,60.0,8.0,37.2,0.0,84.1,63.0
2024-08-03,Emergency,38.0,123.0,37.2,0.0,84.1,63.0
2024-08-03,General Medicine,177.0,26.0,37.2,0.0,84.1,63.0
2024-08-03,Orthopedics,82.0,29.0,37.2,0.0,84.1,63.0
2024-08-03,Pediatrics,161.0,37.0,37.2,0.0,84.1,63.0
2024-08-03,Pulmonology,50.0,18.0,37.2,0.0,84.1,63.0
2024-08-04,Cardiology,14.0,27.0,37.4,0.0,84.8,77.0
2024-08-04,Dermatology,37.0,7.0,37.4,0.0,84.8,77.0
2024-08-04,ENT,17.0,12.0,37.4,0.0,84.8,77.0
2024-08-04,Emergency,11.0,144.0,37.4,0.0,84.8,77.0
2024-08-04,General Medicine,59.0,36.0,37.4,0.0,84.8,77.0
2024-08-04,Orthopedics,26.0,36.0,37.4,0.0,84.8,77.0
2024-08-04,Pediatrics,45.0,41.0,37.4,0.0,84.8,77.0
2024-08-04,Pulmonology,15.0,17.0,37.4,0.0,84.8,77.0
2024-08-05,Cardiology,87.0,25.0,35.7,0.0,82.9,85.0
2024-08-05,Dermatology,134.0,5.0,35.7,0.0,82.9,85.0
2024-08-05,ENT,73.0,6.0,35.7,0.0,82.9,85.0
2024-08-05,Emergency,40.0,120.0,35.7,0.0,82.9,85.0
2024-08-05,General Medicine,243.0,28.0,35.7,0.0,82.9,85.0
2024-08-05,Orthopedics,106.0,30.0,35.7,0.0,82.9,85.0
2024-08-05,Pediatrics,176.0,29.0,35.7,0.0,82.9,85.0
2024-08-05,Pulmonology,76.0,21.0,35.7,0.0,82.9,85.0
2024-08-06,Cardiology,41.0,30.0,35.2,101.4,93.9,42.0
2024-08-06,Dermatology,84.0,2.0,35.2,101.4,93.9,42.0
2024-08-06,ENT,26.0,9.0,35.2,101.4,93.9,42.0
2024-08-06,Emergency,44.0,239.0,35.2,101.4,93.9,42.0
2024-08-06,General Medicine,169.0,34.0,35.2,101.4,93.9,42.0
2024-08-06,Orthopedics,1.0,123.0,35.2,101.4,93.9,42.0
2024-08-06,Pediatrics,141.0,46.0,35.2,101.4,93.9,42.0
2024-08-06,Pulmonology,28.0,13.0,35.2,101.4,93.9,42.0
2024-08-07,Cardiology,86.0,31.0,34.6,0.0,80.6,66.0
2024-08-07,Dermatology,113.0,9.0,34.6,0.0,80.6,66.0
2024-08-07,ENT,64.0,11.0,34.6,0.0,80.6,66.0
2024-08-07,Emergency,41.0,119.0,34.6,0.0,80.6,66.0
2024-08-07,General Medicine,207.0,33.0,34.6,0.0,80.6,66.0
2024-08-07,Orthopedics,97.0,34.0,34.6,0.0,80.6,66.0
2024-08-07,Pediatrics,161.0,36.0,34.6,0.0,80.6,66.0
2024-08-07,Pulmonology,57.0,10.0,34.6,0.0,80.6,66.0
2024-08-08,Cardiology,79.0,22.0,34.8,27.0,87.1,51.0
2024-08-08,Dermatology,116.0,7.0,34.8,27.0,87.1,51.0
2024-08-08,ENT,,12.0,34.8,27.0,87.1,51.0
2024-08-08,Emergency,46.0,166.0,34.8,27.0,87.1,51.0
2024-08-08,General Medicine,190.0,31.0,34.8,27.0,87.1,51.0
2024-08-08,Orthopedics,59.0,51.0,34.8,27.0,87.1,51.0
2024-08-08,Pediatrics,206.0,36.0,34.8,27.0,87.1,51.0
2024-08-08,Pulmonology,57.0,20.0,34.8,27.0,87.1,51.0
2024-08-09,Cardiology,73.0,22.0,37.6,0.0,81.0,69.0
2024-08-09,Dermatology,122.0,8.0,37.6,0.0,81.0,69.0
2024-08-09,ENT,60.0,9.0,37.6,0.0,81.0,69.0
2024-08-09,Emergency,39.0,94.0,37.6,0.0,81.0,69.0
2024-08-09,General Medicine,195.0,22.0,37.6,0.0,81.0,69.0
2024-08-09,Orthopedics,98.0,28.0,37.6,0.0,81.0,69.0
2024-08-09,Pediatrics,160.0,26.0,37.6,0.0,81.0,69.0
2024-08-09,Pulmonology,55.0,14.0,37.6,0.0,81.0,69.0
2024-08-10,Cardiology,71.0,31.0,34.4,0.0,82.3,75.0
2024-08-10,Dermatology,103.0,11.0,34.4,0.0,82.3,75.0
2024-08-10,ENT,58.0,15.0,34.4,0.0,82.3,75.0
2024-08-10,Emergency,32.0,124.0,34.4,0.0,82.3,75.0
2024-08-10,General Medicine,159.0,32.0,34.4,0.0,82.3,75.0
2024-08-10,Orthopedics,,24.0,34.4,0.0,82.3,75.0
2024-08-10,Pediatrics,149.0,43.0,34.4,0.0,82.3,75.0
2024-08-10,Pulmonology,54.0,20.0,34.4,0.0,82.3,75.0
2024-08-11,Cardiology,25.0,33.0,35.3,11.2,83.0,88.0
2024-08-11,Dermatology,33.0,7.0,35.3,11.2,83.0,88.0
2024-08-11,ENT,19.0,13.0,35.3,11.2,83.0,88.0
2024-08-11,Emergency,11.0,159.0,35.3,11.2,83.0,88.0
2024-08-11,General Medicine,61.0,27.0,35.3,11.2,83.0,88.0
2024-08-11,Orthopedics,19.0,59.0,35.3,11.2,83.0,88.0
2024-08-11,Pediatrics,48.0,38.0,35.3,11.2,83.0,88.0
2024-08-11,Pulmonology,20.0,25.0,35.3,11.2,83.0,88.0
2024-08-12,Cardiology,87.0,29.0,33.2,0.0,79.3,104.0
2024-08-12,Dermatology,131.0,5.0,33.2,0.0,79.3,104.0
2024-08-12,ENT,87.0,8.0,33.2,0.0,79.3,104.0
2024-08-12,Emergency,40.0,90.0,33.2,0.0,79.3,104.0
2024-08-12,General Medicine,216.0,24.0,33.2,0.0,79.3,104.0
2024-08-12,Orthopedics,115.0,36.0,33.2,0.0,79.3,104.0
2024-08-12,Pediatrics,188.0,32.0,33.2,0.0,79.3,104.0
2024-08-12,Pulmonology,81.0,20.0,33.2,0.0,79.3,104.0
2024-08-13,Cardiology,83.0,25.0,33.1,8.1,80.2,72.0
2024-08-13,Dermatology,96.0,3.0,33.1,8.1,80.2,72.0
2024-08-13,ENT,63.0,5.0,33.1,8.1,80.2,72.0
2024-08-13,Emergency,38.0,126.0,33.1,8.1,80.2,72.0
2024-08-13,General Medicine,233.0,28.0,33.1,8.1,80.2,72.0
2024-08-13,Orthopedics,67.0,39.0,33.1,8.1,80.2,72.0
2024-08-13,Pediatrics,178.0,33.0,33.1,8.1,80.2,72.0
2024-08-13,Pulmonology,55.0,18.0,33.1,8.1,80.2,72.0
2024-08-14,Cardiology,82.0,29.0,34.9,28.7,83.3,67.0
2024-08-14,Dermatology,114.0,7.0,34.9,28.7,83.3,67.0
2024-08-14,ENT,60.0,7.0,34.9,28.7,83.3,67.0
2024-08-14,Emergency,45.0,136.0,34.9,28.7,83.3,67.0
2024-08-14,General Medicine,212.0,42.0,34.9,28.7,83.3,67.0
2024-08-14,Orthopedics,61.0,49.0,34.9,28.7,83.3,67.0
2024-08-14,Pediatrics,209.0,36.0,34.9,28.7,83.3,67.0
2024-08-14,Pulmonology,56.0,12.0,34.9,28.7,83.3,67.0
2024-08-15,Cardiology,79.0,24.0,34.8,0.0,81.2,101.0
2024-08-15,Dermatology,117.0,6.0,34.8,0.0,81.2,101.0
2024-08-15,ENT,75.0,16.0,34.8,0.0,81.2,101.0
2024-08-15,Emergency,35.0,103.0,34.8,0.0,81.2,101.0
2024-08-15,General Medicine,193.0,31.0,34.8,0.0,81.2,101.0
2024-08-15,Orthopedics,91.0,40.0,34.8,0.0,81.2,101.0
2024-08-15,Pediatrics,148.0,30.0,34.8,0.0,81.2,101.0
2024-08-15,Pulmonology,72.0,26.0,34.8,0.0,81.2,101.0
2024-08-16,Cardiology,87.0,27.0,33.3,14.1,85.5,89.0
2024-08-16,Dermatology,126.0,10.0,33.3,14.1,85.5,89.0
2024-08-16,ENT,73.0,10.0,33.3,14.1,85.5,89.0
2024-08-16,Emergency,47.0,141.0,33.3,14.1,85.5,89.0
2024-08-16,General Medicine,209.0,32.0,33.3,14.1,85.5,89.0
2024-08-16,Orthopedics,71.0,42.0,33.3,14.1,85.5,89.0
2024-08-16,Pediatrics,169.0,39.0,33.3,14.1,85.5,89.0
2024-08-16,Pulmonology,70.0,18.0,33.3,14.1,85.5,89.0
2024-08-17,Cardiology,73.0,23.0,32.7,0.0,70.6,107.0
2024-08-17,Dermatology,82.0,6.0,32.7,0.0,70.6,107.0
2024-08-17,ENT,55.0,11.0,32.7,0.0,70.6,107.0
2024-08-17,Emergency,33.0,116.0,32.7,0.0,70.6,107.0
2024-08-17,General Medicine,169.0,28.0,32.7,0.0,70.6,107.0
2024-08-17,Orthopedics,79.0,35.0,32.7,0.0,70.6,107.0
2024-08-17,Pediatrics,126.0,36.0,32.7,0.0,70.6,107.0
2024-08-17,Pulmonology,62.0,16.0,32.7,0.0,70.6,107.0
2024-08-18,Cardiology,28.0,27.0,34.0,0.0,75.5,125.0
2024-08-18,Dermatology,31.0,5.0,34.0,0.0,75.5,125.0
2024-08-18,ENT,20.0,10.0,34.0,0.0,75.5,125.0
2024-08-18,Emergency,7.0,132.0,34.0,0.0,75.5,125.0
2024-08-18,General Medicine,56.0,33.0,34.0,0.0,75.5,125.0
2024-08-18,Orthopedics,37.0,29.0,34.0,0.0,75.5,125.0
2024-08-18,Pediatrics,42.0,30.0,34.0,0.0,75.5,125.0
2024-08-18,Pulmonology,23.0,29.0,34.0,0.0,75.5,125.0
2024-08-19,Cardiology,87.0,25.0,33.1,35.1,85.2,102.0
2024-08-19,Dermatology,121.0,2.0,33.1,35.1,85.2,102.0
2024-08-19,ENT,92.0,8.0,33.1,35.1,85.2,102.0
2024-08-19,Emergency,54.0,145.0,33.1,35.1,85.2,102.0
2024-08-19,General Medicine,227.0,38.0,33.1,35.1,85.2,102.0
2024-08-19,Orthopedics,65.0,47.0,33.1,35.1,85.2,102.0
2024-08-19,Pediatrics,217.0,43.0,33.1,35.1,85.2,102.0
2024-08-19,Pulmonology,88.0,18.0,33.1,35.1,85.2,102.0
2024-08-20,Cardiology,71.0,27.0,33.6,52.0,89.0,87.0
2024-08-20,Dermatology,99.0,6.0,33.6,52.0,89.0,87.0
2024-08-20,ENT,62.0,10.0,33.6,52.0,89.0,87.0
2024-08-20,Emergency,43.0,151.0,33.6,52.0,89.0,87.0
2024-08-20,General Medicine,195.0,30.0,33.6,52.0,89.0,87.0
2024-08-20,Orthopedics,,53.0,33.6,52.0,89.0,87.0
2024-08-20,Pediatrics,207.0,50.0,33.6,52.0,89.0,87.0
2024-08-20,Pulmonology,63.0,22.0,33.6,52.0,89.0,87.0
2024-08-21,Cardiology,36.0,31.0,33.7,119.4,89.5,90.0
2024-08-21,Dermatology,66.0,9.0,33.7,119.4,89.5,90.0
2024-08-21,ENT,39.0,6.0,33.7,119.4,89.5,90.0
2024-08-21,Emergency,51.0,235.0,33.7,119.4,89.5,90.0
2024-08-21,General Medicine,167.0,37.0,33.7,119.4,89.5,90.0
2024-08-21,Orthopedics,1.0,121.0,33.7,119.4,89.5,90.0
2024-08-21,Pediatrics,116.0,48.0,33.7,119.4,89.5,90.0
2024-08-21,Pulmonology,38.0,19.0,33.7,119.4,89.5,90.0
2024-08-22,Cardiology,77.0,21.0,32.9,49.7,92.2,80.0
2024-08-22,Dermatology,121.0,11.0,32.9,49.7,92.2,80.0
2024-08-22,ENT,67.0,13.0,32.9,49.7,92.2,80.0
2024-08-22,Emergency,47.0,165.0,32.9,49.7,92.2,80.0
2024-08-22,General Medicine,224.0,33.0,32.9,49.7,92.2,80.0
2024-08-22,Orthopedics,31.0,66.0,32.9,49.7,92.2,80.0
2024-08-22,Pediatrics,193.0,35.0,32.9,49.7,92.2,80.0
2024-08-22,Pulmonology,62.0,17.0,32.9,49.7,92.2,80.0
2024-08-23,Cardiology,80.0,26.0,35.7,0.0,82.4,97.0
2024-08-23,Dermatology,126.0,9.0,35.7,0.0,82.4,97.0
2024-08-23,ENT,73.0,11.0,35.7,0.0,82.4,97.0
2024-08-23,Emergency,41.0,132.0,35.7,0.0,82.4,97.0
2024-08-23,General Medicine,204.0,29.0,35.7,0.0,82.4,97.0
2024-08-23,Orthopedics,95.0,37.0,35.7,0.0,82.4,97.0
2024-08-23,Pediatrics,170.0,30.0,35.7,0.0,82.4,97.0
2024-08-23,Pulmonology,77.0,17.0,35.7,0.0,82.4,97.0
2024-08-24,Cardiology,68.0,23.0,35.6,24.8,83.1,69.0
2024-08-24,Dermatology,104.0,8.0,35.6,24.8,83.1,69.0
2024-08-24,ENT,59.0,13.0,35.6,24.8,83.1,69.0
2024-08-24,Emergency,42.0,133.0,35.6,24.8,83.1,69.0
2024-08-24,General Medicine,171.0,30.0,35.6,24.8,83.1,69.0
2024-08-24,Orthopedics,61.0,53.0,35.6,24.8,83.1,69.0
2024-08-24,Pediatrics,178.0,42.0,35.6,24.8,83.1,69.0
2024-08-24,Pulmonology,50.0,14.0,35.6,24.8,83.1,69.0
2024-08-25,Cardiology,24.0,33.0,32.4,28.5,86.4,86.0
2024-08-25,Dermatology,34.0,10.0,32.4,28.5,86.4,86.0
2024-08-25,ENT,24.0,15.0,32.4,28.5,86.4,86.0
2024-08-25,Emergency,17.0,155.0,32.4,28.5,86.4,86.0
2024-08-25,General Medicine,61.0,42.0,32.4,28.5,86.4,86.0
2024-08-25,Orthopedics,16.0,62.0,32.4,28.5,86.4,86.0
2024-08-25,Pediatrics,52.0,46.0,32.4,28.5,86.4,86.0
2024-08-25,Pulmonology,14.0,25.0,32.4,28.5,86.4,86.0
2024-08-26,Cardiology,92.0,26.0,32.8,18.4,79.9,72.0
2024-08-26,Dermatology,109.0,5.0,32.8,18.4,79.9,72.0
2024-08-26,ENT,70.0,13.0,32.8,18.4,79.9,72.0
2024-08-26,Emergency,50.0,133.0,32.8,18.4,79.9,72.0
2024-08-26,General Medicine,242.0,36.0,32.8,18.4,79.9,72.0
2024-08-26,Orthopedics,73.0,59.0,32.8,18.4,79.9,72.0
2024-08-26,Pediatrics,214.0,38.0,32.8,18.4,79.9,72.0
2024-08-26,Pulmonology,63.0,20.0,32.8,18.4,79.9,72.0
2024-08-27,Cardiology,78.0,28.0,32.1,12.7,75.1,95.0
2024-08-27,Dermatology,95.0,1.0,32.1,12.7,75.1,95.0
2024-08-27,ENT,64.0,12.0,32.1,12.7,75.1,95.0
2024-08-27,Emergency,42.0,133.0,32.1,12.7,75.1,95.0
2024-08-27,General Medicine,199.0,27.0,32.1,12.7,75.1,95.0
2024-08-27,Orthopedics,73.0,38.0,32.1,12.7,75.1,95.0
2024-08-27,Pediatrics,180.0,32.0,32.1,12.7,75.1,95.0
2024-08-27,Pulmonology,64.0,23.0,32.1,12.7,75.1,95.0
2024-08-28,Cardiology,80.0,21.0,33.4,0.0,72.1,101.0
2024-08-28,Dermatology,103.0,6.0,33.4,0.0,72.1,101.0
2024-08-28,ENT,61.0,9.0,33.4,0.0,72.1,101.0
2024-08-28,Emergency,38.0,136.0,33.4,0.0,72.1,101.0
2024-08-28,General Medicine,185.0,31.0,33.4,0.0,72.1,101.0
2024-08-28,Orthopedics,97.0,34.0,33.4,0.0,72.1,101.0
2024-08-28,Pediatrics,151.0,32.0,33.4,0.0,72.1,101.0
2024-08-28,Pulmonology,65.0,21.0,33.4,0.0,72.1,101.0
2024-08-29,Cardiology,59.0,27.0,32.2,75.0,91.2,48.0
2024-08-29,Dermatology,79.0,8.0,32.2,75.0,91.2,48.0
2024-08-29,ENT,40.0,7.0,32.2,75.0,91.2,48.0
2024-08-29,Emergency,50.0,215.0,32.2,75.0,91.2,48.0
2024-08-29,General Medicine,202.0,42.0,32.2,75.0,91.2,48.0
2024-08-29,Orthopedics,1.0,102.0,32.2,75.0,91.2,48.0
2024-08-29,Pediatrics,167.0,39.0,32.2,75.0,91.2,48.0
2024-08-29,Pulmonology,34.0,15.0,32.2,75.0,91.2,48.0
2024-08-30,Cardiology,79.0,27.0,32.2,0.0,81.5,79.0
2024-08-30,Dermatology,94.0,6.0,32.2,0.0,81.5,79.0
2024-08-30,ENT,59.0,10.0,32.2,0.0,81.5,79.0
2024-08-30,Emergency,41.0,110.0,32.2,0.0,81.5,79.0
2024-08-30,General Medicine,221.0,31.0,32.2,0.0,81.5,79.0
2024-08-30,Orthopedics,92.0,29.0,32.2,0.0,81.5,79.0
2024-08-30,Pediatrics,183.0,34.0,32.2,0.0,81.5,79.0
2024-08-30,Pulmonology,68.0,15.0,32.2,0.0,81.5,79.0
2024-08-31,Cardiology,64.0,38.0,32.9,10.1,84.1,42.0
2024-08-31,Dermatology,97.0,7.0,32.9,10.1,84.1,42.0
2024-08-31,ENT,48.0,12.0,32.9,10.1,84.1,42.0
2024-08-31,Emergency,37.0,113.0,32.9,10.1,84.1,42.0
2024-08-31,General Medicine,208.0,28.0,32.9,,84.1,42.0
2024-08-31,Orthopedics,58.0,47.0,32.9,10.1,84.1,42.0
2024-08-31,Pediatrics,172.0,44.0,32.9,10.1,84.1,42.0
2024-08-31,Pulmonology,40.0,12.0,32.9,10.1,84.1,42.0
2024-09-01,Cardiology,23.0,35.0,,0.0,82.7,65.0
2024-09-01,Dermatology,30.0,5.0,33.7,0.0,82.7,65.0
2024-09-01,ENT,19.0,10.0,33.7,0.0,82.7,65.0
2024-09-01,Emergency,8.0,126.0,33.7,0.0,82.7,65.0
2024-09-01,General Medicine,58.0,23.0,33.7,0.0,82.7,65.0
2024-09-01,Orthopedics,25.0,42.0,33.7,0.0,82.7,65.0
2024-09-01,Pediatrics,47.0,32.0,33.7,0.0,82.7,65.0
2024-09-01,Pulmonology,13.0,22.0,33.7,0.0,82.7,65.0
2024-09-02,Cardiology,93.0,27.0,31.7,29.2,89.8,
2024-09-02,Dermatology,128.0,5.0,31.7,29.2,89.8,62.0
2024-09-02,ENT,76.0,8.0,31.7,29.2,89.8,62.0
2024-09-02,Emergency,48.0,125.0,31.7,29.2,89.8,62.0
2024-09-02,General Medicine,249.0,39.0,31.7,29.2,89.8,62.0
2024-09-02,Orthopedics,68.0,54.0,31.7,29.2,89.8,62.0
2024-09-02,Pediatrics,196.0,40.0,31.7,29.2,89.8,62.0
2024-09-02,Pulmonology,71.0,17.0,31.7,29.2,89.8,62.0
2024-09-03,Cardiology,70.0,27.0,31.4,,88.1,45.0
2024-09-03,Dermatology,103.0,7.0,31.4,39.6,88.1,45.0
2024-09-03,ENT,59.0,8.0,31.4,39.6,88.1,45.0
2024-09-03,Emergency,47.0,136.0,31.4,39.6,88.1,45.0
2024-09-03,General Medicine,235.0,20.0,31.4,39.6,88.1,45.0
2024-09-03,Orthopedics,44.0,64.0,31.4,39.6,88.1,45.0
2024-09-03,Pediatrics,196.0,41.0,31.4,39.6,88.1,45.0
2024-09-03,Pulmonology,49.0,16.0,31.4,39.6,88.1,45.0
2024-09-04,Cardiology,78.0,27.0,31.0,0.0,80.8,74.0
2024-09-04,Dermatology,102.0,10.0,31.0,0.0,80.8,74.0
2024-09-04,ENT,63.0,12.0,31.0,0.0,80.8,74.0
2024-09-04,Emergency,38.0,110.0,31.0,0.0,80.8,74.0
2024-09-04,General Medicine,183.0,32.0,31.0,0.0,80.8,74.0
2024-09-04,Orthopedics,88.0,27.0,31.0,0.0,80.8,74.0
2024-09-04,Pediatrics,157.0,29.0,31.0,0.0,80.8,74.0
2024-09-04,Pulmonology,60.0,18.0,31.0,0.0,80.8,74.0
2024-09-05,Cardiology,82.0,30.0,30.5,21.2,87.7,88.0
2024-09-05,Dermatology,105.0,7.0,30.5,21.2,87.7,88.0
2024-09-05,ENT,69.0,10.0,30.5,21.2,87.7,88.0
2024-09-05,Emergency,46.0,105.0,30.5,21.2,87.7,88.0
2024-09-05,General Medicine,217.0,32.0,30.5,21.2,87.7,88.0
2024-09-05,Orthopedics,61.0,50.0,30.5,21.2,87.7,88.0
2024-09-05,Pediatrics,198.0,46.0,30.5,21.2,87.7,88.0
2024-09-05,Pulmonology,68.0,19.0,30.5,21.2,87.7,88.0
2024-09-06,Cardiology,80.0,26.0,33.0,0.0,,86.0
2024-09-06,Dermatology,110.0,10.0,33.0,0.0,83.2,86.0
2024-09-06,ENT,64.0,10.0,33.0,0.0,83.2,86.0
2024-09-06,Emergency,38.0,124.0,33.0,0.0,83.2,86.0
2024-09-06,General Medicine,232.0,27.0,33.0,0.0,83.2,86.0
2024-09-06,Orthopedics,97.0,32.0,33.0,0.0,83.2,86.0
2024-09-06,Pediatrics,147.0,33.0,33.0,0.0,83.2,86.0
2024-09-06,Pulmonology,72.0,21.0,33.0,0.0,83.2,86.0
2024-09-07,Cardiology,76.0,23.0,32.9,0.0,85.4,68.0
2024-09-07,Dermatology,181.0,13.0,32.9,0.0,85.4,68.0
2024-09-07,ENT,59.0,9.0,32.9,0.0,85.4,68.0
2024-09-07,Emergency,38.0,111.0,32.9,0.0,85.4,68.0
2024-09-07,General Medicine,175.0,23.0,32.9,0.0,85.4,68.0
2024-09-07,Orthopedics,82.0,27.0,32.9,0.0,85.4,68.0
2024-09-07,Pediatrics,149.0,36.0,32.9,0.0,85.4,68.0
2024-09-07,Pulmonology,56.0,26.0,32.9,0.0,85.4,68.0
2024-09-08,Cardiology,32.0,30.0,30.8,28.7,92.1,72.0
2024-09-08,Dermatology,34.0,5.0,30.8,28.7,92.1,72.0
2024-09-08,ENT,25.0,12.0,30.8,28.7,92.1,72.0
2024-09-08,Emergency,15.0,142.0,30.8,28.7,92.1,72.0
2024-09-08,General Medicine,57.0,44.0,30.8,28.7,92.1,72.0
2024-09-08,Orthopedics,17.0,59.0,30.8,28.7,92.1,72.0
2024-09-08,Pediatrics,48.0,45.0,30.8,28.7,92.1,
2024-09-08,Pulmonology,15.0,22.0,30.8,28.7,92.1,72.0
2024-09-09,Cardiology,84.0,28.0,32.0,36.3,91.9,90.0
2024-09-09,Dermatology,125.0,6.0,32.0,36.3,91.9,90.0
2024-09-09,ENT,85.0,6.0,32.0,36.3,91.9,90.0
2024-09-09,Emergency,46.0,139.0,32.0,36.3,91.9,90.0
2024-09-09,General Medicine,268.0,33.0,32.0,36.3,91.9,90.0
2024-09-09,Orthopedics,62.0,57.0,32.0,36.3,91.9,90.0
2024-09-09,Pediatrics,225.0,36.0,32.0,36.3,91.9,90.0
2024-09-09,Pulmonology,81.0,19.0,32.0,36.3,91.9,90.0
2024-09-10,Cardiology,88.0,26.0,34.2,0.0,84.8,102.0
2024-09-10,Dermatology,116.0,7.0,34.2,0.0,84.8,102.0
2024-09-10,ENT,82.0,10.0,34.2,0.0,84.8,102.0
2024-09-10,Emergency,36.0,124.0,34.2,0.0,84.8,102.0
2024-09-10,General Medicine,200.0,32.0,34.2,0.0,84.8,102.0
2024-09-10,Orthopedics,108.0,38.0,34.2,0.0,84.8,102.0
2024-09-10,Pediatrics,176.0,35.0,34.2,0.0,84.8,102.0
2024-09-10,Pulmonology,80.0,19.0,34.2,0.0,84.8,102.0
2024-09-11,Cardiology,74.0,29.0,34.2,48.3,92.5,82.0
2024-09-11,Dermatology,115.0,6.0,34.2,48.3,92.5,82.0
2024-09-11,ENT,71.0,8.0,34.2,48.3,92.5,82.0
2024-09-11,Emergency,50.0,183.0,34.2,,92.5,82.0
2024-09-11,General Medicine,216.0,35.0,34.2,48.3,92.5,82.0
2024-09-11,Orthopedics,36.0,57.0,34.2,48.3,92.5,82.0
2024-09-11,Pediatrics,179.0,33.0,34.2,48.3,92.5,82.0
2024-09-11,Pulmonology,65.0,25.0,34.2,48.3,92.5,82.0
2024-09-12,Cardiology,85.0,29.0,34.1,30.9,84.0,97.0
2024-09-12,Dermatology,109.0,6.0,34.1,30.9,84.0,97.0
2024-09-12,ENT,72.0,8.0,34.1,30.9,84.0,97.0
2024-09-12,Emergency,42.0,123.0,34.1,30.9,84.0,97.0
2024-09-12,General Medicine,219.0,39.0,34.1,30.9,84.0,97.0
2024-09-12,Orthopedics,58.0,47.0,34.1,30.9,84.0,97.0
2024-09-12,Pediatrics,180.0,45.0,34.1,30.9,84.0,97.0
2024-09-12,Pulmonology,74.0,11.0,34.1,30.9,84.0,97.0
2024-09-13,Cardiology,81.0,28.0,33.3,14.8,80.4,84.0
2024-09-13,Dermatology,103.0,5.0,33.3,14.8,80.4,84.0
2024-09-13,ENT,64.0,11.0,33.3,,80.4,84.0
2024-09-13,Emergency,38.0,115.0,33.3,14.8,80.4,84.0
2024-09-13,General Medicine,228.0,30.0,33.3,14.8,80.4,84.0
2024-09-13,Orthopedics,73.0,41.0,33.3,14.8,80.4,84.0
2024-09-13,Pediatrics,178.0,37.0,33.3,14.8,80.4,84.0
2024-09-13,Pulmonology,54.0,21.0,33.3,14.8,80.4,
2024-09-14,Cardiology,63.0,30.0,34.8,29.2,80.9,63.0
2024-09-14,Dermatology,104.0,9.0,34.8,29.2,80.9,63.0
2024-09-14,ENT,54.0,8.0,34.8,29.2,80.9,63.0
2024-09-14,Emergency,38.0,180.0,34.8,29.2,80.9,63.0
2024-09-14,General Medicine,208.0,32.0,34.8,29.2,80.9,63.0
2024-09-14,Orthopedics,54.0,57.0,34.8,29.2,80.9,63.0
2024-09-14,Pediatrics,177.0,45.0,34.8,,80.9,63.0
2024-09-14,Pulmonology,48.0,15.0,34.8,29.2,80.9,63.0
2024-09-15,Cardiology,19.0,30.0,33.4,63.4,87.0,71.0
2024-09-15,Dermatology,28.0,9.0,33.4,63.4,87.0,71.0
2024-09-15,ENT,12.0,10.0,33.4,63.4,87.0,71.0
2024-09-15,Emergency,10.0,195.0,33.4,63.4,87.0,
2024-09-15,General Medicine,58.0,51.0,33.4,63.4,87.0,71.0
2024-09-15,Orthopedics,8.0,84.0,33.4,63.4,87.0,71.0
2024-09-15,Pediatrics,51.0,50.0,33.4,63.4,87.0,71.0
2024-09-15,Pulmonology,9.0,21.0,33.4,63.4,87.0,71.0
2024-09-16,Cardiology,90.0,24.0,33.8,0.0,74.9,114.0
2024-09-16,Dermatology,116.0,4.0,33.8,0.0,74.9,114.0
2024-09-16,ENT,91.0,8.0,33.8,0.0,74.9,114.0
2024-09-16,Emergency,45.0,126.0,33.8,0.0,74.9,114.0
2024-09-16,General Medicine,212.0,25.0,33.8,0.0,74.9,114.0
2024-09-16,Orthopedics,111.0,31.0,33.8,0.0,74.9,114.0
2024-09-16,Pediatrics,191.0,28.0,33.8,0.0,74.9,114.0
2024-09-16,Pulmonology,93.0,25.0,33.8,0.0,74.9,114.0
2024-09-17,Cardiology,78.0,21.0,34.3,0.0,73.2,110.0
2024-09-17,Dermatology,94.0,7.0,34.3,0.0,73.2,110.0
2024-09-17,ENT,79.0,11.0,34.3,0.0,73.2,110.0
2024-09-17,Emergency,40.0,121.0,34.3,0.0,73.2,110.0
2024-09-17,General Medicine,196.0,32.0,34.3,0.0,73.2,110.0
2024-09-17,Orthopedics,95.0,28.0,34.3,0.0,73.2,110.0
2024-09-17,Pediatrics,163.0,39.0,34.3,0.0,73.2,110.0
2024-09-17,Pulmonology,73.0,20.0,34.3,0.0,73.2,110.0
2024-09-18,Cardiology,76.0,25.0,32.6,0.0,74.5,87.0
2024-09-18,Dermatology,106.0,9.0,32.6,0.0,74.5,87.0
2024-09-18,ENT,64.0,7.0,32.6,0.0,74.5,87.0
2024-09-18,Emergency,37.0,115.0,32.6,0.0,74.5,87.0
2024-09-18,General Medicine,207.0,31.0,32.6,0.0,74.5,87.0
2024-09-18,Orthopedics,97.0,32.0,32.6,0.0,74.5,87.0
2024-09-18,Pediatrics,161.0,31.0,32.6,0.0,74.5,87.0
2024-09-18,Pulmonology,65.0,16.0,32.6,0.0,74.5,87.0
2024-09-19,Cardiology,86.0,24.0,32.5,0.0,69.5,111.0
2024-09-19,Dermatology,104.0,5.0,32.5,0.0,69.5,111.0
2024-09-19,ENT,72.0,6.0,32.5,0.0,69.5,111.0
2024-09-19,Emergency,42.0,126.0,32.5,0.0,69.5,111.0
2024-09-19,General Medicine,180.0,33.0,32.5,0.0,69.5,111.0
2024-09-19,Orthopedics,94.0,27.0,32.5,0.0,69.5,111.0
2024-09-19,Pediatrics,155.0,34.0,32.5,0.0,69.5,
2024-09-19,Pulmonology,76.0,19.0,32.5,0.0,69.5,111.0
2024-09-20,Cardiology,71.0,29.0,28.5,38.2,83.6,68.0
2024-09-20,Dermatology,95.0,4.0,28.5,38.2,83.6,68.0
2024-09-20,ENT,66.0,6.0,28.5,38.2,83.6,68.0
2024-09-20,Emergency,47.0,134.0,28.5,38.2,83.6,68.0
2024-09-20,General Medicine,218.0,33.0,28.5,38.2,83.6,68.0
2024-09-20,Orthopedics,53.0,52.0,28.5,38.2,83.6,68.0
2024-09-20,Pediatrics,193.0,52.0,28.5,38.2,83.6,68.0
2024-09-20,Pulmonology,55.0,17.0,28.5,38.2,83.6,68.0
2024-09-21,Cardiology,65.0,30.0,28.5,0.0,77.1,83.0
2024-09-21,Dermatology,80.0,3.0,28.5,0.0,77.1,83.0
2024-09-21,ENT,59.0,15.0,28.5,0.0,77.1,83.0
2024-09-21,Emergency,42.0,125.0,28.5,0.0,77.1,83.0
2024-09-21,General Medicine,168.0,31.0,28.5,0.0,77.1,83.0
2024-09-21,Orthopedics,85.0,29.0,28.5,0.0,77.1,83.0
2024-09-21,Pediatrics,129.0,35.0,28.5,0.0,77.1,83.0
2024-09-21,Pulmonology,53.0,,28.5,0.0,77.1,83.0
2024-09-22,Cardiology,21.0,35.0,29.4,30.6,81.7,65.0
2024-09-22,Dermatology,31.0,5.0,29.4,30.6,81.7,65.0
2024-09-22,ENT,14.0,9.0,29.4,30.6,81.7,65.0
2024-09-22,Emergency,15.0,143.0,29.4,30.6,81.7,65.0
2024-09-22,General Medicine,64.0,30.0,29.4,30.6,81.7,65.0
2024-09-22,Orthopedics,18.0,52.0,29.4,30.6,81.7,65.0
2024-09-22,Pediatrics,57.0,50.0,29.4,30.6,81.7,65.0
2024-09-22,Pulmonology,15.0,17.0,29.4,30.6,81.7,65.0
2024-09-23,Cardiology,84.0,34.0,28.7,20.6,83.9,91.0
2024-09-23,Dermatology,114.0,8.0,28.7,20.6,83.9,91.0
2024-09-23,ENT,79.0,7.0,28.7,20.6,83.9,91.0
2024-09-23,Emergency,53.0,129.0,28.7,20.6,83.9,91.0
2024-09-23,General Medicine,226.0,30.0,28.7,20.6,83.9,91.0
2024-09-23,Orthopedics,71.0,46.0,28.7,20.6,83.9,91.0
2024-09-23,Pediatrics,211.0,34.0,28.7,20.6,83.9,91.0
2024-09-23,Pulmonology,76.0,19.0,28.7,20.6,83.9,91.0
2024-09-24,Cardiology,78.0,25.0,31.7,12.5,84.5,99.0
2024-09-24,Dermatology,104.0,8.0,31.7,12.5,84.5,99.0
2024-09-24,ENT,77.0,11.0,31.7,12.5,84.5,99.0
2024-09-24,Emergency,46.0,124.0,31.7,12.5,84.5,99.0
2024-09-24,General Medicine,238.0,23.0,31.7,12.5,84.5,99.0
2024-09-24,Orthopedics,68.0,44.0,31.7,12.5,84.5,99.0
2024-09-24,Pediatrics,188.0,47.0,31.7,12.5,84.5,99.0
2024-09-24,Pulmonology,77.0,19.0,31.7,12.5,84.5,99.0
2024-09-25,Cardiology,78.0,24.0,29.8,9.2,77.6,97.0
2024-09-25,Dermatology,96.0,8.0,29.8,9.2,77.6,97.0
2024-09-25,ENT,70.0,8.0,29.8,9.2,77.6,97.0
2024-09-25,Emergency,36.0,129.0,29.8,9.2,77.6,97.0
2024-09-25,General Medicine,203.0,29.0,29.8,9.2,77.6,97.0
2024-09-25,Orthopedics,71.0,53.0,29.8,9.2,77.6,97.0
2024-09-25,Pediatrics,177.0,33.0,29.8,9.2,77.6,97.0
2024-09-25,Pulmonology,79.0,11.0,29.8,9.2,77.6,97.0
2024-09-26,Cardiology,91.0,27.0,29.8,0.0,74.4,101.0
2024-09-26,Dermatology,91.0,1.0,29.8,0.0,74.4,101.0
2024-09-26,ENT,71.0,12.0,29.8,0.0,74.4,101.0
2024-09-26,Emergency,33.0,117.0,29.8,0.0,74.4,101.0
2024-09-26,General Medicine,194.0,25.0,29.8,0.0,,101.0
2024-09-26,Orthopedics,97.0,37.0,29.8,0.0,74.4,101.0
2024-09-26,Pediatrics,153.0,39.0,29.8,0.0,74.4,101.0
2024-09-26,Pulmonology,69.0,15.0,29.8,0.0,74.4,101.0
2024-09-27,Cardiology,78.0,21.0,30.4,0.0,73.5,94.0
2024-09-27,Dermatology,91.0,5.0,30.4,0.0,73.5,94.0
2024-09-27,ENT,62.0,9.0,30.4,0.0,73.5,94.0
2024-09-27,Emergency,32.0,107.0,30.4,0.0,73.5,94.0
2024-09-27,General Medicine,208.0,28.0,30.4,0.0,73.5,94.0
2024-09-27,Orthopedics,98.0,30.0,30.4,0.0,73.5,94.0
2024-09-27,Pediatrics,150.0,36.0,30.4,0.0,73.5,94.0
2024-09-27,Pulmonology,59.0,21.0,30.4,0.0,73.5,94.0
2024-09-28,Cardiology,41.0,32.0,32.3,106.0,85.0,70.0
2024-09-28,Dermatology,61.0,7.0,32.3,106.0,85.0,70.0
2024-09-28,ENT,34.0,7.0,32.3,106.0,85.0,70.0
2024-09-28,Emergency,38.0,296.0,32.3,106.0,85.0,70.0
2024-09-28,General Medicine,144.0,41.0,32.3,106.0,85.0,70.0
2024-09-28,Orthopedics,,132.0,32.3,106.0,85.0,70.0
2024-09-28,Pediatrics,110.0,51.0,32.3,106.0,85.0,70.0
2024-09-28,Pulmonology,30.0,19.0,32.3,106.0,85.0,70.0
2024-09-29,Cardiology,22.0,24.0,30.0,7.2,79.8,50.0
2024-09-29,Dermatology,22.0,6.0,30.0,7.2,79.8,50.0
2024-09-29,ENT,12.0,14.0,30.0,7.2,79.8,50.0
2024-09-29,Emergency,10.0,130.0,30.0,7.2,79.8,50.0
2024-09-29,General Medicine,60.0,42.0,30.0,7.2,79.8,50.0
2024-09-29,Orthopedics,23.0,51.0,30.0,7.2,79.8,50.0
2024-09-29,Pediatrics,50.0,38.0,,7.2,79.8,50.0
2024-09-29,Pulmonology,10.0,18.0,30.0,7.2,79.8,50.0
2024-09-30,Cardiology,83.0,18.0,31.5,1.9,53.3,113.0
2024-09-30,Dermatology,89.0,6.0,31.5,1.9,53.3,113.0
2024-09-30,ENT,71.0,12.0,31.5,1.9,53.3,113.0
2024-09-30,Emergency,42.0,109.0,31.5,1.9,53.3,113.0
2024-09-30,General Medicine,218.0,27.0,31.5,1.9,53.3,113.0
2024-09-30,Orthopedics,87.0,42.0,31.5,1.9,53.3,113.0
2024-09-30,Pediatrics,178.0,31.0,31.5,1.9,53.3,113.0
2024-09-30,Pulmonology,73.0,14.0,31.5,1.9,53.3,113.0
2024-10-01,Cardiology,83.0,23.0,31.1,0.0,52.6,123.0
2024-10-01,Dermatology,70.0,8.0,31.1,0.0,52.6,123.0
2024-10-01,ENT,63.0,10.0,31.1,0.0,52.6,123.0
2024-10-01,Emergency,36.0,120.0,31.1,0.0,52.6,123.0
2024-10-01,General Medicine,199.0,29.0,31.1,0.0,52.6,123.0
2024-10-01,Orthopedics,92.0,24.0,31.1,0.0,52.6,123.0
2024-10-01,Pediatrics,140.0,29.0,31.1,0.0,52.6,123.0
2024-10-01,Pulmonology,70.0,21.0,31.1,0.0,52.6,123.0
2024-10-02,Cardiology,77.0,25.0,29.6,0.0,46.8,110.0
2024-10-02,Dermatology,62.0,9.0,29.6,0.0,46.8,110.0
2024-10-02,ENT,50.0,10.0,29.6,0.0,46.8,110.0
2024-10-02,Emergency,42.0,101.0,29.6,0.0,46.8,110.0
2024-10-02,General Medicine,179.0,29.0,29.6,0.0,46.8,110.0
2024-10-02,Orthopedics,76.0,27.0,29.6,0.0,46.8,110.0
2024-10-02,Pediatrics,128.0,28.0,29.6,0.0,46.8,110.0
2024-10-02,Pulmonology,60.0,15.0,29.6,0.0,46.8,110.0
2024-10-03,Cardiology,77.0,36.0,30.2,0.0,52.0,122.0
2024-10-03,Dermatology,,8.0,30.2,0.0,52.0,122.0
2024-10-03,ENT,58.0,,30.2,0.0,52.0,122.0
2024-10-03,ENT,58.0,,30.2,0.0,52.0,122.0
2024-10-03,Emergency,40.0,135.0,30.2,0.0,52.0,122.0
2024-10-03,General Medicine,195.0,25.0,30.2,0.0,52.0,122.0
2024-10-03,Orthopedics,98.0,24.0,30.2,0.0,52.0,122.0
2024-10-03,Pediatrics,134.0,29.0,30.2,0.0,52.0,122.0
2024-10-03,Pulmonology,72.0,20.0,30.2,0.0,52.0,122.0
2024-10-04,Cardiology,72.0,19.0,30.3,0.0,48.7,123.0
2024-10-04,Dermatology,66.0,2.0,30.3,,48.7,123.0
2024-10-04,ENT,66.0,8.0,30.3,0.0,48.7,123.0
2024-10-04,Emergency,35.0,127.0,30.3,0.0,48.7,123.0
2024-10-04,General Medicine,184.0,24.0,30.3,0.0,48.7,123.0
2024-10-04,Orthopedics,95.0,34.0,30.3,0.0,48.7,123.0
2024-10-04,Pediatrics,132.0,38.0,30.3,0.0,48.7,123.0
2024-10-04,Pulmonology,68.0,15.0,30.3,0.0,48.7,123.0
2024-10-05,Cardiology,69.0,34.0,29.3,0.0,51.6,150.0
2024-10-05,Dermatology,60.0,5.0,29.3,0.0,51.6,150.0
2024-10-05,ENT,64.0,13.0,29.3,0.0,51.6,150.0
2024-10-05,Emergency,35.0,112.0,29.3,0.0,51.6,150.0
2024-10-05,General Medicine,164.0,30.0,29.3,0.0,51.6,150.0
2024-10-05,Orthopedics,80.0,38.0,29.3,0.0,51.6,150.0
2024-10-05,Pediatrics,124.0,39.0,29.3,0.0,51.6,150.0
2024-10-05,Pulmonology,65.0,24.0,29.3,0.0,51.6,150.0
2024-10-06,Cardiology,16.0,31.0,29.4,0.0,53.9,167.0
2024-10-06,Dermatology,9.0,5.0,29.4,0.0,53.9,167.0
2024-10-06,ENT,19.0,13.0,29.4,0.0,53.9,167.0
2024-10-06,Emergency,8.0,130.0,29.4,0.0,53.9,167.0
2024-10-06,General Medicine,52.0,32.0,29.4,0.0,53.9,167.0
2024-10-06,Orthopedics,24.0,34.0,29.4,0.0,53.9,167.0
2024-10-06,Pediatrics,39.0,40.0,,0.0,53.9,167.0
2024-10-06,Pulmonology,25.0,23.0,29.4,0.0,53.9,167.0
2024-10-07,Cardiology,92.0,25.0,28.9,0.0,59.2,150.0
2024-10-07,Dermatology,82.0,7.0,28.9,0.0,59.2,150.0
2024-10-07,ENT,91.0,12.0,28.9,0.0,59.2,150.0
2024-10-07,Emergency,38.0,120.0,28.9,0.0,59.2,150.0
2024-10-07,General Medicine,236.0,32.0,28.9,0.0,59.2,150.0
2024-10-07,Orthopedics,103.0,36.0,28.9,0.0,59.2,150.0
2024-10-07,Pediatrics,170.0,30.0,28.9,0.0,59.2,150.0
2024-10-07,Pulmonology,97.0,23.0,28.9,0.0,59.2,150.0
2024-10-08,Cardiology,84.0,23.0,29.0,0.0,53.0,143.0
2024-10-08,Dermatology,65.0,7.0,29.0,0.0,53.0,143.0
2024-10-08,ENT,64.0,9.0,29.0,0.0,53.0,143.0
2024-10-08,Emergency,39.0,129.0,29.0,0.0,53.0,143.0
2024-10-08,General Medicine,200.0,31.0,29.0,0.0,53.0,143.0
2024-10-08,Orthopedics,95.0,27.0,29.0,0.0,53.0,143.0
2024-10-08,Pediatrics,130.0,29.0,29.0,0.0,53.0,143.0
2024-10-08,Pulmonology,79.0,24.0,29.0,0.0,53.0,143.0
2024-10-09,Cardiology,75.0,25.0,29.7,0.0,43.0,139.0
2024-10-09,Dermatology,56.0,3.0,29.7,0.0,43.0,139.0
2024-10-09,ENT,55.0,11.0,29.7,0.0,43.0,139.0
2024-10-09,Emergency,38.0,132.0,29.7,0.0,43.0,139.0
2024-10-09,General Medicine,192.0,25.0,29.7,0.0,43.0,139.0
2024-10-09,Orthopedics,95.0,36.0,29.7,0.0,43.0,139.0
2024-10-09,Pediatrics,138.0,31.0,29.7,0.0,43.0,139.0
2024-10-09,Pulmonology,79.0,17.0,29.7,0.0,43.0,139.0
2024-10-10,Cardiology,73.0,36.0,31.2,0.0,47.8,131.0
2024-10-10,Dermatology,69.0,5.0,31.2,0.0,47.8,131.0
2024-10-10,ENT,63.0,11.0,31.2,0.0,47.8,131.0
2024-10-10,Emergency,36.0,130.0,31.2,0.0,47.8,131.0
2024-10-10,General Medicine,191.0,26.0,31.2,0.0,47.8,131.0
2024-10-10,Orthopedics,98.0,33.0,31.2,0.0,47.8,131.0
2024-10-10,Pediatrics,134.0,32.0,31.2,0.0,47.8,131.0
2024-10-10,Pulmonology,73.0,17.0,31.2,0.0,47.8,131.0
2024-10-11,Cardiology,81.0,29.0,28.8,21.9,62.4,120.0
2024-10-11,Dermatology,87.0,3.0,28.8,21.9,62.4,120.0
2024-10-11,ENT,63.0,13.0,28.8,21.9,62.4,120.0
2024-10-11,Emergency,46.0,118.0,28.8,21.9,62.4,120.0
2024-10-11,General Medicine,210.0,36.0,28.8,21.9,62.4,120.0
2024-10-11,Orthopedics,64.0,44.0,28.8,21.9,62.4,120.0
2024-10-11,Pediatrics,183.0,40.0,28.8,21.9,62.4,120.0
2024-10-11,Pulmonology,71.0,19.0,28.8,21.9,62.4,120.0
2024-10-12,Cardiology,64.0,31.0,31.1,0.0,60.1,123.0
2024-10-12,Dermatology,74.0,8.0,31.1,0.0,60.1,123.0
2024-10-12,ENT,61.0,13.0,31.1,0.0,60.1,123.0
2024-10-12,Emergency,30.0,122.0,31.1,0.0,60.1,123.0
2024-10-12,General Medicine,177.0,36.0,31.1,0.0,60.1,123.0
2024-10-12,Orthopedics,83.0,31.0,31.1,0.0,60.1,123.0
2024-10-12,Pediatrics,127.0,46.0,31.1,0.0,60.1,123.0
2024-10-12,Pulmonology,69.0,23.0,31.1,0.0,60.1,123.0
2024-10-13,Cardiology,30.0,31.0,27.7,0.0,59.7,110.0
2024-10-13,Dermatology,23.0,7.0,27.7,0.0,59.7,110.0
2024-10-13,ENT,15.0,9.0,27.7,0.0,59.7,110.0
2024-10-13,Emergency,9.0,133.0,27.7,0.0,59.7,110.0
2024-10-13,General Medicine,52.0,31.0,27.7,0.0,59.7,110.0
2024-10-13,Orthopedics,25.0,34.0,27.7,0.0,59.7,110.0
2024-10-13,Pediatrics,44.0,37.0,27.7,0.0,59.7,110.0
2024-10-13,Pulmonology,19.0,20.0,27.7,0.0,59.7,110.0
2024-10-14,Cardiology,81.0,23.0,27.6,4.3,57.3,123.0
2024-10-14,Dermatology,74.0,7.0,27.6,4.3,57.3,123.0
2024-10-14,ENT,80.0,14.0,27.6,4.3,57.3,123.0
2024-10-14,Emergency,41.0,130.0,27.6,4.3,57.3,123.0
2024-10-14,General Medicine,237.0,25.0,27.6,4.3,57.3,123.0
2024-10-14,Orthopedics,89.0,39.0,27.6,4.3,57.3,123.0
2024-10-14,Pediatrics,170.0,37.0,27.6,4.3,57.3,123.0
2024-10-14,Pulmonology,78.0,16.0,27.6,4.3,57.3,123.0
2024-10-15,Cardiology,81.0,24.0,28.3,0.0,58.6,137.0
2024-10-15,Dermatology,75.0,5.0,28.3,0.0,58.6,137.0
2024-10-15,ENT,72.0,12.0,28.3,0.0,58.6,137.0
2024-10-15,Emergency,41.0,114.0,28.3,0.0,58.6,137.0
2024-10-15,General Medicine,192.0,29.0,,0.0,58.6,137.0
2024-10-15,Orthopedics,96.0,32.0,28.3,0.0,58.6,137.0
2024-10-15,Pediatrics,141.0,32.0,28.3,0.0,58.6,137.0
2024-10-15,Pulmonology,77.0,19.0,28.3,0.0,58.6,137.0
2024-10-16,Cardiology,83.0,28.0,28.3,0.0,53.9,124.0
2024-10-16,Dermatology,67.0,5.0,28.3,0.0,53.9,124.0
2024-10-16,ENT,62.0,10.0,28.3,0.0,53.9,124.0
2024-10-16,Emergency,37.0,122.0,28.3,0.0,53.9,124.0
2024-10-16,General Medicine,189.0,29.0,28.3,0.0,53.9,124.0
2024-10-16,Orthopedics,91.0,33.0,,0.0,53.9,124.0
2024-10-16,Pediatrics,131.0,31.0,28.3,0.0,53.9,124.0
2024-10-16,Pulmonology,70.0,18.0,28.3,0.0,53.9,124.0
2024-10-17,Cardiology,80.0,24.0,27.2,0.0,56.5,139.0
2024-10-17,Dermatology,68.0,4.0,27.2,0.0,56.5,139.0
2024-10-17,ENT,67.0,7.0,27.2,0.0,56.5,139.0
2024-10-17,Emergency,35.0,85.0,27.2,0.0,56.5,139.0
2024-10-17,General Medicine,189.0,34.0,27.2,0.0,56.5,139.0
2024-10-17,Orthopedics,93.0,31.0,27.2,0.0,56.5,139.0
2024-10-17,Pediatrics,153.0,28.0,27.2,0.0,56.5,139.0
2024-10-17,Pulmonology,79.0,26.0,27.2,0.0,56.5,139.0
2024-10-18,Cardiology,77.0,24.0,26.9,0.0,58.1,129.0
2024-10-18,Dermatology,69.0,9.0,26.9,0.0,58.1,129.0
2024-10-18,ENT,75.0,17.0,26.9,0.0,58.1,129.0
2024-10-18,Emergency,35.0,145.0,26.9,0.0,58.1,
2024-10-18,General Medicine,200.0,36.0,26.9,0.0,58.1,129.0
2024-10-18,Orthopedics,99.0,25.0,26.9,0.0,58.1,129.0
2024-10-18,Pediatrics,144.0,26.0,26.9,0.0,58.1,129.0
2024-10-18,Pulmonology,72.0,21.0,26.9,0.0,58.1,129.0
2024-10-19,Cardiology,72.0,23.0,26.3,1.2,61.3,133.0
2024-10-19,Dermatology,61.0,9.0,26.3,1.2,61.3,133.0
2024-10-19,ENT,57.0,12.0,26.3,1.2,61.3,133.0
2024-10-19,Emergency,34.0,130.0,26.3,1.2,61.3,133.0
2024-10-19,General Medicine,171.0,29.0,26.3,1.2,61.3,133.0
2024-10-19,Orthopedics,76.0,38.0,26.3,1.2,61.3,133.0
2024-10-19,Pediatrics,136.0,34.0,26.3,1.2,61.3,133.0
2024-10-19,Pulmonology,69.0,26.0,26.3,1.2,61.3,133.0
2024-10-20,Cardiology,21.0,35.0,25.7,0.0,68.9,145.0
2024-10-20,Dermatology,17.0,8.0,25.7,0.0,68.9,145.0
2024-10-20,ENT,19.0,14.0,25.7,0.0,68.9,145.0
2024-10-20,Emergency,10.0,133.0,25.7,0.0,68.9,145.0
2024-10-20,General Medicine,59.0,27.0,25.7,0.0,68.9,145.0
2024-10-20,Orthopedics,25.0,28.0,25.7,0.0,68.9,145.0
2024-10-20,Pediatrics,40.0,28.0,25.7,0.0,68.9,145.0
2024-10-20,Pulmonology,25.0,22.0,25.7,0.0,68.9,145.0
2024-10-21,Cardiology,92.0,25.0,27.0,0.7,64.9,140.0
2024-10-21,Dermatology,81.0,5.0,27.0,0.7,64.9,140.0
2024-10-21,ENT,87.0,13.0,27.0,0.7,64.9,140.0
2024-10-21,Emergency,47.0,104.0,27.0,0.7,64.9,140.0
2024-10-21,General Medicine,220.0,32.0,27.0,0.7,64.9,140.0
2024-10-21,Orthopedics,100.0,32.0,27.0,0.7,64.9,140.0
2024-10-21,Pediatrics,179.0,35.0,27.0,0.7,64.9,140.0
2024-10-21,Pulmonology,99.0,21.0,27.0,0.7,64.9,140.0
2024-10-22,Cardiology,81.0,27.0,27.2,0.0,59.3,145.0
2024-10-22,Dermatology,74.0,6.0,27.2,0.0,59.3,145.0
2024-10-22,ENT,77.0,5.0,27.2,0.0,59.3,145.0
2024-10-22,Emergency,45.0,131.0,27.2,0.0,59.3,145.0
2024-10-22,General Medicine,208.0,27.0,27.2,0.0,59.3,145.0
2024-10-22,Orthopedics,102.0,29.0,27.2,0.0,59.3,145.0
2024-10-22,Pediatrics,149.0,28.0,27.2,0.0,59.3,145.0
2024-10-22,Pulmonology,78.0,23.0,27.2,0.0,59.3,145.0
2024-10-23,Cardiology,82.0,27.0,26.0,0.0,,134.0
2024-10-23,Dermatology,64.0,3.0,26.0,0.0,58.2,134.0
2024-10-23,ENT,73.0,9.0,26.0,0.0,58.2,134.0
2024-10-23,Emergency,34.0,129.0,26.0,0.0,58.2,134.0
2024-10-23,General Medicine,191.0,21.0,26.0,0.0,58.2,134.0
2024-10-23,Orthopedics,99.0,34.0,26.0,0.0,58.2,134.0
2024-10-23,Pediatrics,146.0,26.0,26.0,0.0,58.2,134.0
2024-10-23,Pulmonology,75.0,23.0,26.0,0.0,58.2,134.0
2024-10-24,Cardiology,78.0,24.0,27.1,0.0,50.8,131.0
2024-10-24,Dermatology,58.0,8.0,27.1,0.0,50.8,131.0
2024-10-24,ENT,62.0,9.0,27.1,0.0,50.8,131.0
2024-10-24,Emergency,41.0,132.0,27.1,0.0,50.8,131.0
2024-10-24,General Medicine,212.0,28.0,27.1,0.0,50.8,131.0
2024-10-24,Orthopedics,99.0,28.0,27.1,0.0,50.8,131.0
2024-10-24,Pediatrics,153.0,32.0,27.1,0.0,50.8,131.0
2024-10-24,Pulmonology,80.0,15.0,27.1,0.0,50.8,131.0
2024-10-25,Cardiology,81.0,22.0,27.0,0.0,50.4,129.0
2024-10-25,Dermatology,58.0,6.0,27.0,0.0,50.4,129.0
2024-10-25,ENT,69.0,11.0,27.0,0.0,50.4,129.0
2024-10-25,Emergency,35.0,117.0,27.0,0.0,50.4,129.0
2024-10-25,General Medicine,196.0,26.0,27.0,0.0,50.4,129.0
2024-10-25,Orthopedics,86.0,26.0,27.0,0.0,50.4,129.0
2024-10-25,Pediatrics,133.0,32.0,27.0,0.0,50.4,129.0
2024-10-25,Pulmonology,75.0,17.0,27.0,0.0,50.4,129.0
2024-10-26,Cardiology,70.0,34.0,27.5,0.0,50.9,119.0
2024-10-26,Dermatology,51.0,10.0,27.5,0.0,50.9,119.0
2024-10-26,ENT,58.0,11.0,27.5,0.0,50.9,119.0
2024-10-26,Emergency,32.0,122.0,27.5,0.0,50.9,119.0
2024-10-26,General Medicine,164.0,32.0,27.5,0.0,50.9,119.0
2024-10-26,Orthopedics,94.0,34.0,27.5,0.0,50.9,119.0
2024-10-26,Pediatrics,124.0,40.0,27.5,0.0,50.9,119.0
2024-10-26,Pulmonology,62.0,15.0,27.5,0.0,50.9,119.0
2024-10-27,Cardiology,27.0,29.0,27.5,1.0,51.2,120.0
2024-10-27,Dermatology,17.0,6.0,27.5,1.0,51.2,120.0
2024-10-27,ENT,21.0,10.0,27.5,1.0,51.2,120.0
2024-10-27,Emergency,9.0,162.0,27.5,1.0,51.2,120.0
2024-10-27,General Medicine,56.0,39.0,27.5,1.0,51.2,120.0
2024-10-27,Orthopedics,26.0,39.0,27.5,1.0,51.2,120.0
2024-10-27,Pediatrics,42.0,39.0,27.5,1.0,51.2,120.0
2024-10-27,Pulmonology,22.0,18.0,27.5,1.0,51.2,120.0
2024-10-28,Cardiology,85.0,15.0,25.7,0.0,54.0,103.0
2024-10-28,Dermatology,66.0,5.0,25.7,0.0,54.0,103.0
2024-10-28,ENT,68.0,13.0,25.7,0.0,54.0,103.0
2024-10-28,Emergency,45.0,112.0,25.7,0.0,54.0,103.0
2024-10-28,General Medicine,226.0,19.0,25.7,0.0,,103.0
2024-10-28,Orthopedics,107.0,24.0,25.7,0.0,54.0,103.0
2024-10-28,Pediatrics,152.0,25.0,25.7,0.0,54.0,103.0
2024-10-28,Pulmonology,67.0,12.0,25.7,0.0,54.0,103.0
2024-10-29,Cardiology,90.0,25.0,24.8,16.4,55.9,94.0
2024-10-29,Dermatology,60.0,5.0,24.8,16.4,55.9,94.0
2024-10-29,ENT,52.0,7.0,24.8,16.4,55.9,94.0
2024-10-29,Emergency,44.0,116.0,24.8,16.4,55.9,94.0
2024-10-29,General Medicine,224.0,26.0,24.8,16.4,55.9,94.0
2024-10-29,Orthopedics,70.0,52.0,24.8,16.4,55.9,94.0
2024-10-29,Pediatrics,149.0,38.0,24.8,16.4,55.9,94.0
2024-10-29,Pulmonology,56.0,10.0,24.8,16.4,55.9,94.0
2024-10-30,Cardiology,82.0,26.0,25.7,0.0,57.6,109.0
2024-10-30,Dermatology,63.0,3.0,25.7,0.0,57.6,109.0
2024-10-30,ENT,64.0,8.0,25.7,0.0,57.6,109.0
2024-10-30,Emergency,38.0,127.0,25.7,0.0,57.6,109.0
2024-10-30,General Medicine,181.0,26.0,25.7,0.0,57.6,109.0
2024-10-30,Orthopedics,90.0,30.0,25.7,0.0,57.6,109.0
2024-10-30,Pediatrics,139.0,30.0,25.7,0.0,57.6,109.0
2024-10-30,Pulmonology,65.0,17.0,25.7,0.0,57.6,109.0
2024-10-31,Cardiology,83.0,24.0,26.1,3.7,57.7,110.0
2024-10-31,Dermatology,68.0,7.0,26.1,3.7,57.7,110.0
2024-10-31,ENT,65.0,8.0,26.1,3.7,57.7,110.0
2024-10-31,Emergency,45.0,116.0,26.1,3.7,57.7,110.0
2024-10-31,General Medicine,209.0,31.0,26.1,3.7,57.7,110.0
2024-10-31,Orthopedics,80.0,39.0,26.1,3.7,57.7,110.0
2024-10-31,Pediatrics,151.0,40.0,26.1,3.7,57.7,110.0
2024-10-31,Pulmonology,63.0,11.0,26.1,3.7,57.7,110.0
2024-11-01,Cardiology,79.0,28.0,25.5,0.0,56.8,185.0
2024-11-01,Dermatology,59.0,6.0,25.5,0.0,56.8,185.0
2024-11-01,ENT,98.0,13.0,25.5,0.0,56.8,185.0
2024-11-01,Emergency,41.0,120.0,25.5,0.0,56.8,185.0
2024-11-01,General Medicine,201.0,23.0,25.5,0.0,56.8,185.0
2024-11-01,Orthopedics,99.0,30.0,25.5,0.0,56.8,185.0
2024-11-01,Pediatrics,144.0,24.0,25.5,0.0,56.8,185.0
2024-11-01,Pulmonology,101.0,22.0,25.5,0.0,56.8,185.0
2024-11-02,Cardiology,63.0,24.0,25.2,0.0,55.5,190.0
2024-11-02,Dermatology,53.0,5.0,25.2,0.0,55.5,190.0
2024-11-02,ENT,68.0,7.0,25.2,0.0,55.5,190.0
2024-11-02,Emergency,30.0,114.0,25.2,0.0,55.5,190.0
2024-11-02,General Medicine,171.0,21.0,25.2,0.0,55.5,190.0
2024-11-02,Orthopedics,87.0,37.0,25.2,0.0,55.5,190.0
2024-11-02,Pediatrics,119.0,33.0,25.2,0.0,55.5,190.0
2024-11-02,Pulmonology,83.0,28.0,25.2,0.0,55.5,190.0
2024-11-03,Cardiology,,34.0,,34.4,63.6,178.0
2024-11-03,Dermatology,22.0,9.0,26.4,34.4,63.6,178.0
2024-11-03,ENT,22.0,11.0,26.4,34.4,63.6,178.0
2024-11-03,Emergency,13.0,148.0,26.4,34.4,63.6,178.0
2024-11-03,General Medicine,58.0,34.0,26.4,34.4,63.6,178.0
2024-11-03,Orthopedics,17.0,57.0,26.4,34.4,63.6,178.0
2024-11-03,Pediatrics,50.0,45.0,26.4,34.4,63.6,178.0
2024-11-03,Pulmonology,26.0,32.0,26.4,34.4,63.6,178.0
2024-11-04,Cardiology,89.0,23.0,24.8,0.0,59.4,213.0
2024-11-04,Dermatology,66.0,3.0,24.8,0.0,59.4,213.0
2024-11-04,ENT,106.0,12.0,24.8,0.0,59.4,213.0
2024-11-04,Emergency,42.0,122.0,24.8,0.0,59.4,213.0
2024-11-04,General Medicine,225.0,29.0,24.8,0.0,59.4,213.0
2024-11-04,Orthopedics,108.0,28.0,24.8,0.0,59.4,213.0
2024-11-04,Pediatrics,178.0,26.0,24.8,0.0,59.4,213.0
2024-11-04,Pulmonology,139.0,24.0,24.8,0.0,59.4,213.0
2024-11-05,Cardiology,78.0,24.0,25.1,0.0,55.1,201.0
2024-11-05,Dermatology,55.0,7.0,25.1,,55.1,201.0
2024-11-05,ENT,86.0,10.0,25.1,0.0,55.1,201.0
2024-11-05,Emergency,41.0,123.0,25.1,0.0,55.1,201.0
2024-11-05,General Medicine,210.0,,25.1,0.0,55.1,201.0
2024-11-05,Orthopedics,93.0,31.0,25.1,0.0,55.1,201.0
2024-11-05,Pediatrics,136.0,34.0,25.1,0.0,55.1,201.0
2024-11-05,Pulmonology,102.0,31.0,25.1,0.0,55.1,201.0
2024-11-06,Cardiology,83.0,23.0,24.3,0.0,53.6,185.0
2024-11-06,Dermatology,52.0,5.0,24.3,0.0,53.6,185.0
2024-11-06,ENT,,14.0,24.3,0.0,53.6,185.0
2024-11-06,Emergency,43.0,123.0,24.3,0.0,53.6,185.0
2024-11-06,General Medicine,191.0,21.0,24.3,0.0,53.6,185.0
2024-11-06,Orthopedics,102.0,31.0,24.3,0.0,53.6,185.0
2024-11-06,Pediatrics,162.0,39.0,24.3,0.0,53.6,185.0
2024-11-06,Pulmonology,102.0,23.0,24.3,0.0,53.6,185.0
2024-11-07,Cardiology,81.0,26.0,23.8,0.0,54.0,176.0
2024-11-07,Dermatology,56.0,7.0,23.8,0.0,54.0,176.0
2024-11-07,ENT,79.0,10.0,23.8,0.0,54.0,176.0
2024-11-07,Emergency,38.0,116.0,23.8,0.0,54.0,176.0
2024-11-07,General Medicine,189.0,16.0,23.8,0.0,54.0,176.0
2024-11-07,Orthopedics,98.0,33.0,23.8,0.0,54.0,176.0
2024-11-07,Pediatrics,142.0,32.0,23.8,0.0,54.0,176.0
2024-11-07,Pulmonology,91.0,26.0,23.8,0.0,54.0,176.0
2024-11-08,Cardiology,80.0,12.0,24.9,19.6,54.4,164.0
2024-11-08,Dermatology,55.0,7.0,24.9,19.6,54.4,164.0
2024-11-08,ENT,70.0,8.0,24.9,19.6,54.4,164.0
2024-11-08,Emergency,45.0,137.0,24.9,19.6,54.4,164.0
2024-11-08,General Medicine,213.0,35.0,24.9,19.6,54.4,164.0
2024-11-08,Orthopedics,62.0,46.0,24.9,19.6,54.4,164.0
2024-11-08,Pediatrics,180.0,50.0,24.9,19.6,54.4,164.0
2024-11-08,Pulmonology,98.0,21.0,24.9,19.6,54.4,164.0
2024-11-09,Cardiology,71.0,34.0,25.3,0.0,49.6,180.0
2024-11-09,Dermatology,50.0,8.0,25.3,0.0,49.6,180.0
2024-11-09,ENT,72.0,13.0,25.3,0.0,49.6,180.0
2024-11-09,Emergency,32.0,119.0,25.3,0.0,49.6,180.0
2024-11-09,General Medicine,172.0,27.0,25.3,0.0,49.6,180.0
2024-11-09,Orthopedics,77.0,26.0,25.3,0.0,49.6,180.0
2024-11-09,Pediatrics,113.0,32.0,25.3,0.0,49.6,180.0
2024-11-09,Pulmonology,76.0,25.0,25.3,0.0,49.6,180.0
2024-11-10,Cardiology,17.0,22.0,25.4,0.0,50.6,176.0
2024-11-10,Dermatology,12.0,10.0,25.4,0.0,50.6,176.0
2024-11-10,ENT,19.0,12.0,25.4,0.0,50.6,176.0
2024-11-10,Emergency,11.0,130.0,25.4,0.0,50.6,176.0
2024-11-10,General Medicine,60.0,31.0,25.4,0.0,50.6,176.0
2024-11-10,Orthopedics,29.0,38.0,25.4,0.0,50.6,176.0
2024-11-10,Pediatrics,40.0,37.0,25.4,0.0,50.6,176.0
2024-11-10,Pulmonology,25.0,31.0,25.4,0.0,50.6,176.0
2024-11-11,Cardiology,88.0,38.0,26.0,0.0,48.9,182.0
2024-11-11,Dermatology,58.0,6.0,26.0,0.0,48.9,182.0
2024-11-11,ENT,96.0,13.0,26.0,0.0,48.9,182.0
2024-11-11,Emergency,43.0,112.0,26.0,0.0,48.9,182.0
2024-11-11,General Medicine,227.0,25.0,26.0,0.0,48.9,182.0
2024-11-11,Orthopedics,100.0,23.0,26.0,0.0,,182.0
2024-11-11,Pediatrics,140.0,32.0,26.0,0.0,48.9,182.0
2024-11-11,Pulmonology,114.0,22.0,26.0,0.0,48.9,182.0
2024-11-12,Cardiology,80.0,18.0,24.9,0.0,50.4,187.0
2024-11-12,Dermatology,55.0,3.0,24.9,0.0,50.4,187.0
2024-11-12,ENT,87.0,9.0,24.9,0.0,50.4,187.0
2024-11-12,Emergency,37.0,103.0,24.9,0.0,50.4,187.0
2024-11-12,General Medicine,192.0,26.0,24.9,0.0,50.4,187.0
2024-11-12,Orthopedics,,27.0,24.9,0.0,50.4,187.0
2024-11-12,Pediatrics,149.0,31.0,24.9,0.0,50.4,187.0
2024-11-12,Pulmonology,101.0,28.0,24.9,0.0,50.4,187.0
2024-11-13,Cardiology,85.0,25.0,24.8,0.0,50.8,199.0
2024-11-13,Dermatology,56.0,6.0,24.8,0.0,50.8,199.0
2024-11-13,ENT,82.0,9.0,24.8,0.0,50.8,199.0
2024-11-13,Emergency,32.0,114.0,24.8,0.0,50.8,199.0
2024-11-13,General Medicine,194.0,37.0,24.8,0.0,50.8,199.0
2024-11-13,Orthopedics,80.0,26.0,24.8,0.0,50.8,199.0
2024-11-13,Pediatrics,143.0,28.0,24.8,0.0,50.8,199.0
2024-11-13,Pulmonology,116.0,29.0,24.8,0.0,50.8,199.0
2024-11-14,Cardiology,85.0,33.0,23.6,0.0,53.8,213.0
2024-11-14,Dermatology,51.0,5.0,23.6,0.0,53.8,213.0
2024-11-14,ENT,94.0,12.0,23.6,0.0,53.8,213.0
2024-11-14,Emergency,40.0,100.0,23.6,0.0,53.8,213.0
2024-11-14,General Medicine,215.0,31.0,23.6,0.0,53.8,213.0
2024-11-14,Orthopedics,100.0,36.0,23.6,0.0,53.8,213.0
2024-11-14,Pediatrics,156.0,36.0,23.6,0.0,53.8,213.0
2024-11-14,Pulmonology,119.0,28.0,23.6,0.0,53.8,213.0
2024-11-15,Cardiology,92.0,27.0,23.4,0.0,51.9,207.0
2024-11-15,Dermatology,52.0,4.0,23.4,0.0,51.9,207.0
2024-11-15,ENT,88.0,5.0,23.4,0.0,51.9,207.0
2024-11-15,Emergency,34.0,134.0,23.4,0.0,51.9,207.0
2024-11-15,General Medicine,211.0,26.0,23.4,0.0,51.9,207.0
2024-11-15,Orthopedics,99.0,29.0,23.4,0.0,51.9,207.0
2024-11-15,Pediatrics,136.0,28.0,23.4,0.0,51.9,207.0
2024-11-15,Pulmonology,108.0,31.0,23.4,0.0,51.9,207.0
2024-11-16,Cardiology,69.0,28.0,22.8,0.0,52.8,205.0
2024-11-16,Dermatology,45.0,9.0,22.8,0.0,52.8,205.0
2024-11-16,ENT,81.0,9.0,22.8,0.0,52.8,205.0
2024-11-16,Emergency,29.0,126.0,22.8,0.0,52.8,205.0
2024-11-16,General Medicine,183.0,30.0,22.8,0.0,52.8,205.0
2024-11-16,Orthopedics,89.0,33.0,22.8,0.0,52.8,205.0
2024-11-16,Pediatrics,133.0,34.0,22.8,0.0,52.8,205.0
2024-11-16,Pulmonology,98.0,29.0,22.8,0.0,52.8,205.0
2024-11-17,Cardiology,18.0,22.0,22.5,0.0,51.6,196.0
2024-11-17,Dermatology,17.0,4.0,22.5,0.0,51.6,196.0
2024-11-17,ENT,22.0,13.0,22.5,0.0,51.6,196.0
2024-11-17,Emergency,13.0,159.0,22.5,0.0,51.6,196.0
2024-11-17,General Medicine,53.0,33.0,22.5,0.0,51.6,196.0
2024-11-17,Orthopedics,28.0,37.0,22.5,0.0,51.6,196.0
2024-11-17,Pediatrics,38.0,48.0,22.5,0.0,51.6,196.0
2024-11-17,Pulmonology,31.0,28.0,22.5,0.0,51.6,196.0
2024-11-18,Cardiology,87.0,28.0,22.9,0.0,52.0,202.0
2024-11-18,Dermatology,55.0,7.0,22.9,0.0,52.0,202.0
2024-11-18,ENT,101.0,14.0,22.9,0.0,52.0,202.0
2024-11-18,Emergency,43.0,111.0,22.9,0.0,52.0,202.0
2024-11-18,General Medicine,225.0,28.0,22.9,0.0,52.0,202.0
2024-11-18,Orthopedics,104.0,33.0,22.9,0.0,52.0,202.0
2024-11-18,Pediatrics,147.0,30.0,22.9,0.0,52.0,202.0
2024-11-18,Pulmonology,125.0,22.0,22.9,0.0,52.0,202.0
2024-11-19,Cardiology,79.0,21.0,21.4,0.0,49.8,195.0
2024-11-19,Dermatology,42.0,6.0,21.4,0.0,49.8,195.0
2024-11-19,ENT,90.0,10.0,21.4,0.0,49.8,195.0
2024-11-19,Emergency,34.0,132.0,21.4,0.0,49.8,195.0
2024-11-19,General Medicine,180.0,29.0,21.4,0.0,49.8,195.0
2024-11-19,Orthopedics,96.0,30.0,21.4,0.0,49.8,195.0
2024-11-19,Pediatrics,118.0,31.0,21.4,0.0,49.8,195.0
2024-11-19,Pulmonology,100.0,28.0,21.4,0.0,49.8,195.0
2024-11-20,Cardiology,79.0,32.0,23.9,0.0,40.9,211.0
2024-11-20,Dermatology,41.0,7.0,23.9,0.0,40.9,211.0
2024-11-20,ENT,84.0,11.0,23.9,0.0,40.9,211.0
2024-11-20,Emergency,41.0,122.0,23.9,0.0,40.9,211.0
2024-11-20,General Medicine,188.0,26.0,23.9,0.0,40.9,211.0
2024-11-20,Orthopedics,100.0,34.0,23.9,0.0,40.9,211.0
2024-11-20,Pediatrics,119.0,34.0,23.9,0.0,40.9,211.0
2024-11-20,Pulmonology,107.0,23.0,23.9,0.0,40.9,211.0
2024-11-21,Cardiology,72.0,24.0,21.7,0.0,44.8,188.0
2024-11-21,Dermatology,38.0,5.0,21.7,0.0,44.8,188.0
2024-11-21,ENT,80.0,10.0,21.7,0.0,44.8,188.0
2024-11-21,Emergency,38.0,109.0,21.7,0.0,44.8,188.0
2024-11-21,General Medicine,185.0,33.0,21.7,0.0,44.8,188.0
2024-11-21,Orthopedics,100.0,26.0,21.7,0.0,44.8,188.0
2024-11-21,Pediatrics,114.0,40.0,21.7,0.0,44.8,188.0
2024-11-21,Pulmonology,99.0,23.0,21.7,0.0,44.8,188.0
2024-11-22,Cardiology,76.0,28.0,20.0,0.0,52.8,192.0
2024-11-22,Dermatology,38.0,4.0,20.0,0.0,52.8,192.0
2024-11-22,ENT,85.0,9.0,20.0,0.0,52.8,192.0
2024-11-22,Emergency,40.0,112.0,20.0,0.0,52.8,192.0
2024-11-22,General Medicine,186.0,29.0,20.0,0.0,52.8,192.0
2024-11-22,Orthopedics,90.0,23.0,20.0,0.0,52.8,192.0
2024-11-22,Pediatrics,146.0,30.0,20.0,0.0,52.8,192.0
2024-11-22,Pulmonology,105.0,29.0,20.0,0.0,52.8,192.0
2024-11-23,Cardiology,72.0,25.0,21.7,0.0,54.9,204.0
2024-11-23,Dermatology,39.0,,21.7,0.0,54.9,204.0
2024-11-23,ENT,90.0,9.0,21.7,0.0,54.9,204.0
2024-11-23,Emergency,34.0,104.0,21.7,0.0,54.9,204.0
2024-11-23,General Medicine,171.0,31.0,21.7,0.0,54.9,204.0
2024-11-23,Orthopedics,78.0,33.0,21.7,0.0,54.9,204.0
2024-11-23,Pediatrics,125.0,34.0,21.7,0.0,54.9,204.0
2024-11-23,Pulmonology,107.0,29.0,21.7,0.0,54.9,204.0
2024-11-24,Cardiology,25.0,34.0,22.3,0.0,56.4,211.0
2024-11-24,Dermatology,8.0,8.0,22.3,0.0,56.4,211.0
2024-11-24,Dermatology,8.0,8.0,22.3,0.0,56.4,211.0
2024-11-24,ENT,23.0,14.0,22.3,0.0,56.4,211.0
2024-11-24,Emergency,9.0,140.0,22.3,0.0,56.4,211.0
2024-11-24,General Medicine,55.0,29.0,22.3,0.0,56.4,211.0
2024-11-24,Orthopedics,31.0,31.0,22.3,0.0,56.4,211.0
2024-11-24,Pediatrics,38.0,32.0,22.3,0.0,56.4,211.0
2024-11-24,Pulmonology,33.0,30.0,22.3,0.0,56.4,211.0
2024-11-25,Cardiology,106.0,27.0,22.5,0.0,58.4,251.0
2024-11-25,Dermatology,54.0,12.0,22.5,0.0,58.4,251.0
2024-11-25,ENT,126.0,12.0,22.5,0.0,58.4,251.0
2024-11-25,Emergency,48.0,155.0,22.5,0.0,58.4,251.0
2024-11-25,General Medicine,249.0,27.0,22.5,0.0,58.4,251.0
2024-11-25,Orthopedics,103.0,31.0,22.5,0.0,58.4,251.0
2024-11-25,Pediatrics,174.0,38.0,22.5,0.0,58.4,251.0
2024-11-25,Pulmonology,174.0,49.0,22.5,0.0,58.4,251.0
2024-11-26,Cardiology,81.0,31.0,22.5,0.0,55.5,246.0
2024-11-26,Dermatology,49.0,5.0,22.5,0.0,55.5,246.0
2024-11-26,ENT,121.0,14.0,22.5,0.0,55.5,246.0
2024-11-26,Emergency,46.0,108.0,22.5,0.0,55.5,246.0
2024-11-26,General Medicine,188.0,39.0,22.5,0.0,55.5,246.0
2024-11-26,Orthopedics,90.0,30.0,22.5,0.0,55.5,246.0
2024-11-26,Pediatrics,162.0,39.0,22.5,0.0,55.5,246.0
2024-11-26,Pulmonology,147.0,49.0,22.5,0.0,55.5,246.0
2024-11-27,Cardiology,80.0,22.0,21.7,0.0,54.5,224.0
2024-11-27,Dermatology,48.0,6.0,21.7,0.0,54.5,224.0
2024-11-27,ENT,102.0,11.0,21.7,0.0,54.5,224.0
2024-11-27,Emergency,40.0,112.0,21.7,0.0,54.5,224.0
2024-11-27,General Medicine,205.0,38.0,21.7,0.0,54.5,224.0
2024-11-27,Orthopedics,91.0,28.0,21.7,0.0,54.5,224.0
2024-11-27,Pediatrics,139.0,41.0,21.7,0.0,54.5,224.0
2024-11-27,Pulmonology,124.0,36.0,21.7,0.0,54.5,224.0
2024-11-28,Cardiology,85.0,25.0,20.1,0.0,51.4,221.0
2024-11-28,Dermatology,35.0,5.0,20.1,0.0,51.4,221.0
2024-11-28,ENT,96.0,12.0,20.1,0.0,,221.0
2024-11-28,Emergency,37.0,106.0,20.1,0.0,51.4,221.0
2024-11-28,General Medicine,193.0,25.0,20.1,0.0,51.4,221.0
2024-11-28,Orthopedics,90.0,23.0,20.1,0.0,51.4,221.0
2024-11-28,Pediatrics,148.0,30.0,20.1,0.0,51.4,
2024-11-28,Pulmonology,122.0,28.0,20.1,0.0,51.4,221.0
2024-11-29,Cardiology,83.0,28.0,20.2,0.0,50.3,196.0
2024-11-29,Dermatology,34.0,5.0,20.2,0.0,50.3,196.0
2024-11-29,ENT,85.0,10.0,20.2,0.0,50.3,196.0
2024-11-29,Emergency,44.0,116.0,20.2,0.0,50.3,196.0
2024-11-29,General Medicine,175.0,30.0,20.2,0.0,50.3,196.0
2024-11-29,Orthopedics,98.0,29.0,20.2,0.0,50.3,196.0
2024-11-29,Pediatrics,147.0,37.0,20.2,0.0,50.3,196.0
2024-11-29,Pulmonology,116.0,27.0,20.2,0.0,50.3,196.0
2024-11-30,Cardiology,68.0,30.0,19.3,0.0,53.2,201.0
2024-11-30,Dermatology,40.0,6.0,19.3,0.0,53.2,201.0
2024-11-30,ENT,83.0,10.0,19.3,0.0,53.2,201.0
2024-11-30,Emergency,36.0,135.0,19.3,0.0,53.2,201.0
2024-11-30,General Medicine,179.0,29.0,19.3,0.0,53.2,201.0
2024-11-30,Orthopedics,84.0,31.0,19.3,0.0,53.2,201.0
2024-11-30,Pediatrics,120.0,29.0,19.3,0.0,53.2,201.0
2024-11-30,Pulmonology,97.0,33.0,19.3,0.0,53.2,201.0
2024-12-01,Cardiology,24.0,32.0,20.6,0.0,56.3,195.0
2024-12-01,Dermatology,16.0,7.0,20.6,0.0,56.3,195.0
2024-12-01,ENT,26.0,12.0,20.6,0.0,56.3,195.0
2024-12-01,Emergency,8.0,105.0,20.6,0.0,56.3,195.0
2024-12-01,General Medicine,55.0,23.0,20.6,0.0,56.3,195.0
2024-12-01,Orthopedics,28.0,36.0,20.6,0.0,56.3,195.0
2024-12-01,Pediatrics,40.0,42.0,20.6,0.0,56.3,195.0
2024-12-01,Pulmonology,25.0,28.0,20.6,0.0,56.3,195.0
2024-12-02,Cardiology,93.0,25.0,20.1,0.0,54.0,215.0
2024-12-02,Dermatology,45.0,9.0,20.1,0.0,54.0,215.0
2024-12-02,ENT,96.0,14.0,20.1,0.0,54.0,215.0
2024-12-02,Emergency,43.0,114.0,20.1,0.0,54.0,215.0
2024-12-02,General Medicine,220.0,29.0,20.1,0.0,54.0,215.0
2024-12-02,Orthopedics,94.0,27.0,20.1,0.0,54.0,215.0
2024-12-02,Pediatrics,151.0,25.0,20.1,0.0,54.0,215.0
2024-12-02,Pulmonology,136.0,36.0,20.1,0.0,54.0,215.0
2024-12-03,Cardiology,82.0,25.0,18.9,0.0,51.8,208.0
2024-12-03,Dermatology,39.0,3.0,18.9,0.0,,208.0
2024-12-03,ENT,99.0,4.0,18.9,0.0,51.8,208.0
2024-12-03,Emergency,36.0,110.0,18.9,0.0,51.8,208.0
2024-12-03,General Medicine,188.0,26.0,18.9,0.0,51.8,208.0
2024-12-03,Orthopedics,97.0,32.0,18.9,0.0,51.8,208.0
2024-12-03,Pediatrics,146.0,28.0,18.9,0.0,51.8,208.0
2024-12-03,Pulmonology,109.0,37.0,18.9,0.0,51.8,208.0
2024-12-04,Cardiology,76.0,21.0,18.7,0.0,51.9,210.0
2024-12-04,Dermatology,37.0,5.0,18.7,0.0,51.9,210.0
2024-12-04,ENT,97.0,12.0,18.7,0.0,51.9,210.0
2024-12-04,Emergency,39.0,111.0,18.7,0.0,51.9,210.0
2024-12-04,General Medicine,197.0,29.0,18.7,0.0,51.9,210.0
2024-12-04,Orthopedics,103.0,27.0,18.7,0.0,51.9,210.0
2024-12-04,Pediatrics,137.0,32.0,18.7,0.0,51.9,210.0
2024-12-04,Pulmonology,119.0,31.0,18.7,0.0,51.9,210.0
2024-12-05,Cardiology,79.0,31.0,19.4,0.0,53.7,204.0
2024-12-05,Dermatology,35.0,7.0,19.4,0.0,53.7,204.0
2024-12-05,ENT,87.0,14.0,19.4,0.0,53.7,204.0
2024-12-05,Emergency,36.0,127.0,19.4,0.0,53.7,204.0
2024-12-05,General Medicine,202.0,30.0,19.4,0.0,53.7,204.0
2024-12-05,Orthopedics,89.0,35.0,19.4,0.0,53.7,204.0
2024-12-05,Pediatrics,134.0,27.0,19.4,0.0,53.7,204.0
2024-12-05,Pulmonology,119.0,23.0,19.4,0.0,53.7,204.0
2024-12-06,Cardiology,82.0,29.0,18.7,0.0,48.1,233.0
2024-12-06,Dermatology,30.0,8.0,18.7,0.0,48.1,233.0
2024-12-06,ENT,95.0,10.0,18.7,0.0,48.1,233.0
2024-12-06,Emergency,45.0,123.0,18.7,0.0,48.1,233.0
2024-12-06,General Medicine,196.0,31.0,18.7,0.0,48.1,233.0
2024-12-06,Orthopedics,98.0,32.0,18.7,0.0,48.1,233.0
2024-12-06,Pediatrics,126.0,25.0,18.7,0.0,48.1,233.0
2024-12-06,Pulmonology,125.0,30.0,18.7,0.0,48.1,233.0
2024-12-07,Cardiology,77.0,27.0,17.8,25.7,47.5,207.0
2024-12-07,Dermatology,27.0,9.0,17.8,25.7,47.5,207.0
2024-12-07,ENT,83.0,11.0,17.8,25.7,47.5,207.0
2024-12-07,Emergency,43.0,137.0,17.8,25.7,47.5,207.0
2024-12-07,General Medicine,176.0,46.0,17.8,25.7,47.5,207.0
2024-12-07,Orthopedics,53.0,56.0,17.8,25.7,47.5,207.0
2024-12-07,Pediatrics,128.0,47.0,17.8,25.7,47.5,207.0
2024-12-07,Pulmonology,102.0,25.0,17.8,25.7,47.5,207.0
2024-12-08,Cardiology,19.0,29.0,18.5,0.0,43.8,248.0
2024-12-08,Dermatology,8.0,6.0,18.5,0.0,43.8,248.0
2024-12-08,ENT,35.0,20.0,18.5,0.0,43.8,248.0
2024-12-08,Emergency,12.0,157.0,18.5,0.0,43.8,248.0
2024-12-08,General Medicine,58.0,37.0,18.5,0.0,43.8,248.0
2024-12-08,Orthopedics,29.0,38.0,18.5,0.0,43.8,248.0
2024-12-08,Pediatrics,42.0,45.0,18.5,0.0,43.8,248.0
2024-12-08,Pulmonology,42.0,39.0,18.5,0.0,43.8,248.0
2024-12-09,Cardiology,102.0,39.0,18.9,0.0,42.7,251.0
2024-12-09,Dermatology,27.0,4.0,18.9,0.0,42.7,251.0
2024-12-09,ENT,129.0,18.0,18.9,0.0,42.7,251.0
2024-12-09,Emergency,50.0,135.0,18.9,0.0,42.7,251.0
2024-12-09,General Medicine,224.0,34.0,18.9,0.0,42.7,251.0
2024-12-09,Orthopedics,99.0,36.0,18.9,0.0,42.7,251.0
2024-12-09,Pediatrics,163.0,38.0,18.9,0.0,42.7,251.0
2024-12-09,Pulmonology,157.0,42.0,18.9,0.0,42.7,251.0
2024-12-10,Cardiology,84.0,25.0,18.3,0.0,44.7,248.0
2024-12-10,Dermatology,27.0,8.0,18.3,0.0,44.7,248.0
2024-12-10,ENT,106.0,12.0,18.3,0.0,44.7,248.0
2024-12-10,Emergency,43.0,134.0,18.3,0.0,44.7,248.0
2024-12-10,General Medicine,202.0,37.0,18.3,0.0,44.7,248.0
2024-12-10,Orthopedics,98.0,33.0,18.3,0.0,44.7,248.0
2024-12-10,Pediatrics,140.0,37.0,18.3,0.0,44.7,248.0
2024-12-10,Pulmonology,147.0,47.0,18.3,0.0,44.7,248.0
2024-12-11,Cardiology,90.0,31.0,17.8,0.0,47.3,244.0
2024-12-11,Dermatology,22.0,4.0,17.8,0.0,47.3,244.0
2024-12-11,ENT,106.0,13.0,17.8,0.0,47.3,244.0
2024-12-11,Emergency,41.0,146.0,17.8,0.0,47.3,244.0
2024-12-11,General Medicine,201.0,30.0,17.8,0.0,47.3,244.0
2024-12-11,Orthopedics,94.0,31.0,17.8,0.0,47.3,244.0
2024-12-11,Pediatrics,144.0,51.0,17.8,0.0,47.3,244.0
2024-12-11,Pulmonology,144.0,38.0,17.8,0.0,47.3,244.0
2024-12-12,Cardiology,89.0,37.0,18.4,0.0,47.5,242.0
2024-12-12,Dermatology,28.0,9.0,18.4,0.0,47.5,242.0
2024-12-12,ENT,111.0,14.0,18.4,0.0,47.5,242.0
2024-12-12,Emergency,40.0,119.0,18.4,0.0,47.5,242.0
2024-12-12,General Medicine,181.0,28.0,18.4,0.0,47.5,242.0
2024-12-12,Orthopedics,94.0,22.0,18.4,0.0,47.5,242.0
2024-12-12,Pediatrics,158.0,37.0,18.4,0.0,47.5,242.0
2024-12-12,Pulmonology,138.0,39.0,18.4,0.0,47.5,242.0
2024-12-13,Cardiology,86.0,29.0,16.7,0.0,54.9,208.0
2024-12-13,Dermatology,30.0,8.0,16.7,0.0,54.9,208.0
2024-12-13,ENT,93.0,10.0,16.7,0.0,54.9,208.0
2024-12-13,Emergency,40.0,111.0,16.7,0.0,54.9,208.0
2024-12-13,General Medicine,206.0,26.0,16.7,0.0,54.9,208.0
2024-12-13,Orthopedics,98.0,30.0,16.7,0.0,54.9,208.0
2024-12-13,Pediatrics,143.0,33.0,16.7,0.0,54.9,208.0
2024-12-13,Pulmonology,107.0,24.0,16.7,0.0,54.9,208.0
2024-12-14,Cardiology,71.0,31.0,15.6,0.0,55.5,207.0
2024-12-14,Dermatology,31.0,9.0,,0.0,55.5,207.0
2024-12-14,ENT,79.0,9.0,15.6,0.0,55.5,207.0
2024-12-14,Emergency,34.0,138.0,15.6,0.0,55.5,207.0
2024-12-14,General Medicine,189.0,29.0,15.6,0.0,55.5,207.0
2024-12-14,Orthopedics,86.0,29.0,15.6,0.0,55.5,207.0
2024-12-14,Pediatrics,134.0,44.0,15.6,0.0,55.5,207.0
2024-12-14,Pulmonology,113.0,38.0,15.6,0.0,55.5,207.0
2024-12-15,Cardiology,23.0,34.0,15.7,0.0,55.5,223.0
2024-12-15,Dermatology,12.0,10.0,15.7,0.0,55.5,223.0
2024-12-15,ENT,32.0,11.0,15.7,0.0,55.5,223.0
2024-12-15,Emergency,7.0,146.0,15.7,0.0,55.5,223.0
2024-12-15,General Medicine,54.0,37.0,15.7,0.0,55.5,223.0
2024-12-15,Orthopedics,22.0,32.0,15.7,0.0,55.5,223.0
2024-12-15,Pediatrics,39.0,30.0,15.7,0.0,55.5,223.0
2024-12-15,Pulmonology,35.0,33.0,15.7,0.0,55.5,223.0
2024-12-16,Cardiology,90.0,28.0,16.3,0.0,56.4,221.0
2024-12-16,Dermatology,37.0,7.0,16.3,0.0,56.4,221.0
2024-12-16,ENT,111.0,9.0,16.3,0.0,56.4,221.0
2024-12-16,Emergency,43.0,121.0,16.3,0.0,56.4,221.0
2024-12-16,General Medicine,224.0,30.0,16.3,0.0,56.4,221.0
2024-12-16,Orthopedics,108.0,30.0,16.3,0.0,56.4,221.0
2024-12-16,Pediatrics,142.0,29.0,16.3,0.0,56.4,221.0
2024-12-16,Pulmonology,144.0,31.0,16.3,0.0,56.4,221.0
2024-12-17,Cardiology,77.0,29.0,17.3,0.0,50.6,201.0
2024-12-17,Dermatology,25.0,5.0,17.3,0.0,50.6,201.0
2024-12-17,ENT,84.0,9.0,17.3,0.0,50.6,201.0
2024-12-17,Emergency,41.0,123.0,17.3,0.0,50.6,201.0
2024-12-17,General Medicine,193.0,29.0,17.3,0.0,50.6,201.0
2024-12-17,Orthopedics,97.0,32.0,17.3,0.0,50.6,201.0
2024-12-17,Pediatrics,147.0,33.0,17.3,0.0,50.6,201.0
2024-12-17,Pulmonology,101.0,23.0,17.3,0.0,50.6,201.0
2024-12-18,Cardiology,83.0,23.0,19.3,0.0,54.2,205.0
2024-12-18,Dermatology,37.0,5.0,19.3,0.0,54.2,205.0
2024-12-18,ENT,92.0,9.0,19.3,0.0,54.2,205.0
2024-12-18,Emergency,40.0,135.0,19.3,0.0,54.2,205.0
2024-12-18,General Medicine,192.0,26.0,19.3,0.0,54.2,205.0
2024-12-18,Orthopedics,93.0,32.0,19.3,0.0,54.2,205.0
2024-12-18,Pediatrics,129.0,38.0,19.3,0.0,54.2,205.0
2024-12-18,Pulmonology,118.0,28.0,19.3,0.0,54.2,205.0
2024-12-19,Cardiology,80.0,28.0,19.9,0.0,52.7,233.0
2024-12-19,Dermatology,40.0,6.0,19.9,0.0,52.7,233.0
2024-12-19,ENT,95.0,12.0,19.9,0.0,52.7,233.0
2024-12-19,Emergency,44.0,125.0,19.9,0.0,52.7,233.0
2024-12-19,General Medicine,188.0,23.0,19.9,0.0,52.7,233.0
2024-12-19,Orthopedics,86.0,31.0,19.9,0.0,52.7,233.0
2024-12-19,Pediatrics,130.0,34.0,19.9,0.0,52.7,233.0
2024-12-19,Pulmonology,137.0,29.0,19.9,0.0,52.7,233.0
2024-12-20,Cardiology,86.0,22.0,19.0,0.0,54.9,246.0
2024-12-20,Dermatology,35.0,8.0,19.0,0.0,54.9,246.0
2024-12-20,ENT,112.0,7.0,19.0,0.0,54.9,246.0
2024-12-20,Emergency,41.0,141.0,19.0,0.0,54.9,246.0
2024-12-20,General Medicine,193.0,31.0,19.0,0.0,54.9,246.0
2024-12-20,Orthopedics,161.0,51.0,19.0,0.0,54.9,246.0
2024-12-20,Pediatrics,143.0,42.0,19.0,0.0,54.9,246.0
2024-12-20,Pulmonology,150.0,45.0,19.0,0.0,54.9,246.0
2024-12-21,Cardiology,73.0,30.0,18.5,0.0,50.1,237.0
2024-12-21,Dermatology,25.0,5.0,18.5,0.0,50.1,237.0
2024-12-21,ENT,104.0,14.0,18.5,0.0,50.1,237.0
2024-12-21,Emergency,37.0,121.0,18.5,0.0,50.1,237.0
2024-12-21,General Medicine,169.0,,18.5,0.0,50.1,237.0
2024-12-21,Orthopedics,86.0,29.0,18.5,0.0,50.1,237.0
2024-12-21,Pediatrics,131.0,40.0,18.5,0.0,50.1,237.0
2024-12-21,Pulmonology,121.0,39.0,,0.0,50.1,237.0
2024-12-22,Cardiology,24.0,32.0,17.1,0.0,45.9,245.0
2024-12-22,Dermatology,9.0,6.0,17.1,0.0,45.9,245.0
2024-12-22,ENT,28.0,14.0,17.1,0.0,45.9,245.0
2024-12-22,Emergency,13.0,146.0,17.1,0.0,45.9,245.0
2024-12-22,General Medicine,57.0,35.0,17.1,0.0,45.9,245.0
2024-12-22,Orthopedics,22.0,37.0,17.1,0.0,45.9,
2024-12-22,Pediatrics,42.0,38.0,17.1,0.0,45.9,245.0
2024-12-22,Pulmonology,39.0,50.0,17.1,0.0,45.9,245.0
2024-12-23,Cardiology,97.0,34.0,17.2,0.0,51.3,232.0
2024-12-23,Dermatology,35.0,4.0,17.2,0.0,51.3,232.0
2024-12-23,ENT,114.0,9.0,17.2,0.0,51.3,232.0
2024-12-23,Emergency,45.0,117.0,17.2,0.0,51.3,232.0
2024-12-23,General Medicine,224.0,36.0,17.2,0.0,51.3,232.0
2024-12-23,Orthopedics,106.0,26.0,17.2,0.0,51.3,232.0
2024-12-23,Pediatrics,157.0,27.0,17.2,0.0,51.3,232.0
2024-12-23,Pulmonology,153.0,30.0,17.2,0.0,51.3,232.0
2024-12-24,Cardiology,80.0,22.0,17.0,0.0,53.1,204.0
2024-12-24,Dermatology,36.0,6.0,17.0,0.0,53.1,204.0
2024-12-24,ENT,92.0,8.0,17.0,0.0,53.1,204.0
2024-12-24,Emergency,38.0,113.0,17.0,0.0,53.1,204.0
2024-12-24,General Medicine,193.0,28.0,17.0,0.0,53.1,204.0
2024-12-24,Orthopedics,94.0,36.0,17.0,0.0,53.1,204.0
2024-12-24,Pediatrics,131.0,35.0,17.0,0.0,53.1,204.0
2024-12-24,Pulmonology,126.0,29.0,17.0,0.0,53.1,204.0
2024-12-25,Cardiology,75.0,23.0,17.6,0.0,49.5,196.0
2024-12-25,Dermatology,28.0,8.0,17.6,0.0,49.5,196.0
2024-12-25,ENT,83.0,11.0,17.6,0.0,,196.0
2024-12-25,Emergency,38.0,118.0,17.6,0.0,49.5,196.0
2024-12-25,General Medicine,191.0,29.0,17.6,0.0,49.5,196.0
2024-12-25,Orthopedics,100.0,25.0,17.6,0.0,49.5,196.0
2024-12-25,Pediatrics,140.0,33.0,17.6,0.0,49.5,196.0
2024-12-25,Pulmonology,103.0,25.0,17.6,0.0,49.5,196.0
2024-12-26,Cardiology,82.0,29.0,16.6,0.0,47.9,225.0
2024-12-26,Dermatology,28.0,8.0,16.6,0.0,47.9,225.0
2024-12-26,ENT,91.0,11.0,16.6,0.0,47.9,225.0
2024-12-26,Emergency,39.0,125.0,16.6,0.0,47.9,225.0
2024-12-26,General Medicine,188.0,31.0,16.6,0.0,47.9,225.0
2024-12-26,Orthopedics,103.0,27.0,16.6,0.0,47.9,225.0
2024-12-26,Pediatrics,125.0,31.0,16.6,0.0,47.9,225.0
2024-12-26,Pulmonology,133.0,29.0,16.6,0.0,47.9,225.0
2024-12-27,Cardiology,84.0,25.0,17.5,0.0,53.4,219.0
2024-12-27,Dermatology,31.0,9.0,17.5,0.0,53.4,219.0
2024-12-27,ENT,100.0,10.0,17.5,0.0,53.4,219.0
2024-12-27,Emergency,33.0,115.0,17.5,0.0,53.4,219.0
2024-12-27,General Medicine,189.0,27.0,17.5,0.0,53.4,219.0
2024-12-27,Orthopedics,92.0,36.0,17.5,0.0,53.4,219.0
2024-12-27,Pediatrics,,32.0,17.5,0.0,53.4,219.0
2024-12-27,Pulmonology,131.0,27.0,17.5,0.0,53.4,219.0
2024-12-28,Cardiology,74.0,31.0,19.3,0.0,48.2,216.0
2024-12-28,Dermatology,25.0,6.0,19.3,0.0,48.2,216.0
2024-12-28,ENT,84.0,12.0,19.3,0.0,48.2,216.0
2024-12-28,Emergency,37.0,128.0,19.3,0.0,48.2,
2024-12-28,General Medicine,167.0,35.0,19.3,0.0,48.2,216.0
2024-12-28,General Medicine,167.0,35.0,19.3,0.0,48.2,216.0
2024-12-28,Orthopedics,75.0,32.0,19.3,0.0,48.2,216.0
2024-12-28,Pediatrics,129.0,32.0,19.3,0.0,48.2,216.0
2024-12-28,Pulmonology,108.0,32.0,19.3,0.0,48.2,216.0
2024-12-29,Cardiology,19.0,23.0,18.5,0.0,55.6,212.0
2024-12-29,Dermatology,15.0,5.0,18.5,0.0,55.6,212.0
2024-12-29,ENT,29.0,12.0,18.5,0.0,55.6,212.0
2024-12-29,Emergency,13.0,127.0,18.5,0.0,55.6,212.0
2024-12-29,General Medicine,50.0,22.0,18.5,0.0,55.6,212.0
2024-12-29,Orthopedics,29.0,35.0,18.5,0.0,55.6,212.0
2024-12-29,Pediatrics,40.0,36.0,18.5,0.0,55.6,212.0
2024-12-29,Pulmonology,31.0,33.0,18.5,0.0,55.6,212.0
2024-12-30,Cardiology,94.0,30.0,18.5,0.0,51.0,241.0
2024-12-30,Dermatology,41.0,8.0,18.5,0.0,51.0,241.0
2024-12-30,ENT,123.0,13.0,18.5,0.0,51.0,241.0
2024-12-30,Emergency,47.0,131.0,18.5,0.0,51.0,241.0
2024-12-30,General Medicine,235.0,32.0,18.5,0.0,51.0,241.0
2024-12-30,Orthopedics,109.0,30.0,18.5,,51.0,241.0
2024-12-30,Pediatrics,160.0,36.0,18.5,0.0,51.0,241.0
2024-12-30,Pulmonology,151.0,39.0,18.5,0.0,51.0,241.0
2024-12-31,Cardiology,88.0,30.0,18.9,0.0,53.5,257.0
2024-12-31,Dermatology,36.0,4.0,18.9,0.0,53.5,257.0
2024-12-31,ENT,118.0,13.0,18.9,0.0,53.5,257.0
2024-12-31,Emergency,,117.0,18.9,0.0,53.5,257.0
2024-12-31,General Medicine,185.0,31.0,18.9,0.0,53.5,257.0
2024-12-31,Orthopedics,89.0,30.0,18.9,0.0,53.5,257.0
2024-12-31,Pediatrics,147.0,45.0,18.9,0.0,53.5,257.0
2024-12-31,Pulmonology,173.0,50.0,18.9,0.0,53.5,257.0
2025-01-01,Cardiology,89.0,35.0,17.9,0.0,52.0,277.0
2025-01-01,Dermatology,34.0,10.0,17.9,0.0,52.0,277.0
2025-01-01,ENT,133.0,11.0,17.9,0.0,52.0,277.0
2025-01-01,Emergency,51.0,173.0,17.9,0.0,52.0,277.0
2025-01-01,General Medicine,227.0,35.0,17.9,0.0,52.0,277.0
2025-01-01,Orthopedics,98.0,36.0,17.9,0.0,52.0,277.0
2025-01-01,Pediatrics,170.0,45.0,17.9,0.0,52.0,277.0
2025-01-01,Pulmonology,185.0,52.0,17.9,0.0,52.0,277.0
2025-01-02,Cardiology,80.0,30.0,17.9,0.0,54.2,257.0
2025-01-02,Dermatology,33.0,12.0,17.9,0.0,54.2,257.0
2025-01-02,ENT,137.0,13.0,17.9,0.0,54.2,257.0
2025-01-02,Emergency,42.0,144.0,17.9,0.0,54.2,257.0
2025-01-02,General Medicine,224.0,31.0,17.9,0.0,54.2,257.0
2025-01-02,Orthopedics,97.0,35.0,17.9,0.0,54.2,257.0
2025-01-02,Pediatrics,150.0,34.0,17.9,0.0,54.2,257.0
2025-01-02,Pulmonology,180.0,48.0,17.9,0.0,54.2,257.0
2025-01-03,Cardiology,87.0,25.0,17.7,0.0,51.5,250.0
2025-01-03,Dermatology,34.0,9.0,17.7,0.0,51.5,250.0
2025-01-03,ENT,125.0,10.0,17.7,0.0,51.5,250.0
2025-01-03,Emergency,41.0,141.0,17.7,0.0,51.5,250.0
2025-01-03,General Medicine,198.0,27.0,17.7,0.0,,250.0
2025-01-03,Orthopedics,92.0,29.0,17.7,0.0,51.5,250.0
2025-01-03,Pediatrics,165.0,44.0,17.7,0.0,51.5,250.0
2025-01-03,Pulmonology,145.0,45.0,17.7,0.0,51.5,250.0
2025-01-04,Cardiology,72.0,32.0,17.6,0.0,51.3,219.0
2025-01-04,Dermatology,29.0,6.0,17.6,0.0,51.3,219.0
2025-01-04,ENT,89.0,6.0,17.6,0.0,51.3,219.0
2025-01-04,Emergency,29.0,132.0,17.6,0.0,51.3,219.0
2025-01-04,General Medicine,171.0,36.0,17.6,0.0,51.3,219.0
2025-01-04,Orthopedics,88.0,39.0,17.6,0.0,51.3,219.0
2025-01-04,Pediatrics,124.0,42.0,17.6,0.0,51.3,219.0
2025-01-04,Pulmonology,103.0,31.0,17.6,0.0,51.3,219.0
2025-01-05,Cardiology,21.0,35.0,16.5,0.0,52.2,240.0
2025-01-05,Dermatology,9.0,5.0,16.5,0.0,52.2,240.0
2025-01-05,ENT,29.0,13.0,16.5,0.0,52.2,240.0
2025-01-05,Emergency,15.0,137.0,16.5,0.0,52.2,240.0
2025-01-05,General Medicine,56.0,38.0,16.5,,52.2,240.0
2025-01-05,Orthopedics,,36.0,16.5,0.0,52.2,240.0
2025-01-05,Pediatrics,42.0,44.0,16.5,0.0,52.2,240.0
2025-01-05,Pulmonology,43.0,51.0,16.5,0.0,52.2,240.0
2025-01-06,Cardiology,88.0,24.0,16.7,0.0,48.8,217.0
2025-01-06,Dermatology,30.0,7.0,16.7,0.0,48.8,217.0
2025-01-06,ENT,104.0,,16.7,0.0,48.8,217.0
2025-01-06,Emergency,44.0,112.0,16.7,0.0,48.8,217.0
2025-01-06,General Medicine,221.0,28.0,16.7,0.0,48.8,217.0
2025-01-06,Orthopedics,104.0,28.0,,0.0,48.8,217.0
2025-01-06,Pediatrics,150.0,33.0,16.7,0.0,48.8,217.0
2025-01-06,Pulmonology,118.0,27.0,16.7,0.0,48.8,217.0
2025-01-07,Cardiology,85.0,24.0,17.4,0.0,52.7,221.0
2025-01-07,Dermatology,31.0,4.0,17.4,0.0,52.7,221.0
2025-01-07,ENT,91.0,11.0,17.4,0.0,52.7,221.0
2025-01-07,ENT,91.0,11.0,17.4,0.0,52.7,221.0
2025-01-07,Emergency,39.0,104.0,17.4,0.0,52.7,221.0
2025-01-07,General Medicine,186.0,29.0,17.4,0.0,52.7,221.0
2025-01-07,Orthopedics,101.0,34.0,17.4,0.0,52.7,221.0
2025-01-07,Pediatrics,143.0,38.0,17.4,0.0,52.7,221.0
2025-01-07,Pulmonology,120.0,32.0,17.4,0.0,52.7,221.0
2025-01-08,Cardiology,78.0,31.0,19.0,0.0,50.2,205.0
2025-01-08,Dermatology,33.0,6.0,19.0,0.0,50.2,205.0
2025-01-08,ENT,90.0,10.0,19.0,0.0,50.2,205.0
2025-01-08,Emergency,38.0,97.0,19.0,0.0,50.2,205.0
2025-01-08,General Medicine,190.0,30.0,19.0,0.0,50.2,205.0
2025-01-08,Orthopedics,93.0,30.0,19.0,0.0,50.2,205.0
2025-01-08,Pediatrics,128.0,36.0,19.0,0.0,50.2,205.0
2025-01-08,Pulmonology,108.0,23.0,19.0,0.0,50.2,205.0
2025-01-09,Cardiology,72.0,28.0,19.5,0.0,49.8,201.0
2025-01-09,Dermatology,39.0,1.0,19.5,0.0,49.8,201.0
2025-01-09,ENT,85.0,14.0,19.5,0.0,49.8,201.0
2025-01-09,Emergency,37.0,110.0,19.5,0.0,49.8,201.0
2025-01-09,General Medicine,193.0,28.0,19.5,0.0,49.8,201.0
2025-01-09,Orthopedics,87.0,36.0,19.5,0.0,49.8,201.0
2025-01-09,Pediatrics,148.0,28.0,19.5,0.0,49.8,201.0
2025-01-09,Pulmonology,111.0,23.0,19.5,0.0,49.8,201.0
2025-01-10,Cardiology,72.0,27.0,21.2,0.0,46.5,194.0
2025-01-10,Cardiology,72.0,27.0,21.2,0.0,46.5,194.0
2025-01-10,Dermatology,39.0,5.0,21.2,0.0,46.5,194.0
2025-01-10,ENT,88.0,13.0,21.2,0.0,46.5,194.0
2025-01-10,Emergency,39.0,105.0,21.2,0.0,46.5,194.0
2025-01-10,General Medicine,185.0,24.0,21.2,0.0,46.5,194.0
2025-01-10,Orthopedics,90.0,35.0,21.2,0.0,46.5,194.0
2025-01-10,Pediatrics,121.0,36.0,21.2,0.0,46.5,194.0
2025-01-10,Pulmonology,108.0,20.0,21.2,0.0,46.5,194.0
2025-01-11,Cardiology,64.0,22.0,18.8,0.0,40.1,193.0
2025-01-11,Dermatology,20.0,6.0,18.8,0.0,40.1,193.0
2025-01-11,ENT,71.0,11.0,18.8,0.0,40.1,193.0
2025-01-11,Emergency,33.0,138.0,18.8,0.0,40.1,193.0
2025-01-11,General Medicine,158.0,31.0,18.8,0.0,40.1,193.0
2025-01-11,Orthopedics,81.0,25.0,18.8,0.0,40.1,193.0
2025-01-11,Pediatrics,111.0,39.0,18.8,0.0,40.1,193.0
2025-01-11,Pulmonology,88.0,23.0,18.8,0.0,40.1,193.0
2025-01-12,Cardiology,19.0,33.0,19.2,0.0,44.0,193.0
2025-01-12,Dermatology,6.0,8.0,19.2,0.0,44.0,193.0
2025-01-12,ENT,19.0,15.0,19.2,0.0,44.0,193.0
2025-01-12,Emergency,6.0,123.0,19.2,0.0,44.0,193.0
2025-01-12,General Medicine,48.0,34.0,19.2,0.0,44.0,193.0
2025-01-12,Orthopedics,23.0,33.0,19.2,0.0,,193.0
2025-01-12,Pediatrics,32.0,33.0,19.2,0.0,44.0,193.0
2025-01-12,Pulmonology,28.0,28.0,19.2,0.0,44.0,193.0
2025-01-13,Cardiology,87.0,23.0,18.7,0.0,55.7,193.0
2025-01-13,Dermatology,48.0,,18.7,0.0,55.7,193.0
2025-01-13,ENT,94.0,8.0,18.7,0.0,55.7,193.0
2025-01-13,Emergency,45.0,112.0,18.7,0.0,55.7,193.0
2025-01-13,General Medicine,236.0,26.0,18.7,0.0,55.7,193.0
2025-01-13,Orthopedics,105.0,22.0,18.7,0.0,55.7,193.0
2025-01-13,Pediatrics,147.0,33.0,18.7,0.0,55.7,193.0
2025-01-13,Pulmonology,113.0,37.0,18.7,0.0,55.7,193.0
2025-01-14,Cardiology,86.0,22.0,20.7,0.0,56.2,213.0
2025-01-14,Dermatology,46.0,5.0,20.7,0.0,56.2,213.0
2025-01-14,ENT,93.0,13.0,20.7,0.0,56.2,213.0
2025-01-14,Emergency,38.0,106.0,20.7,0.0,56.2,213.0
2025-01-14,General Medicine,172.0,35.0,20.7,0.0,56.2,213.0
2025-01-14,Orthopedics,85.0,28.0,20.7,0.0,56.2,213.0
2025-01-14,Pediatrics,138.0,,20.7,0.0,56.2,213.0
2025-01-14,Pulmonology,125.0,27.0,20.7,0.0,56.2,213.0
2025-01-15,Cardiology,82.0,26.0,18.4,0.0,54.9,199.0
2025-01-15,Dermatology,,10.0,18.4,0.0,54.9,199.0
2025-01-15,ENT,85.0,8.0,18.4,0.0,54.9,199.0
2025-01-15,Emergency,36.0,116.0,18.4,0.0,54.9,199.0
2025-01-15,General Medicine,200.0,29.0,18.4,0.0,54.9,199.0
2025-01-15,Orthopedics,97.0,24.0,18.4,0.0,54.9,199.0
2025-01-15,Pediatrics,121.0,34.0,18.4,0.0,54.9,199.0
2025-01-15,Pulmonology,116.0,25.0,18.4,0.0,54.9,199.0
2025-01-16,Cardiology,72.0,30.0,16.9,0.0,53.4,208.0
2025-01-16,Dermatology,34.0,10.0,16.9,0.0,53.4,208.0
2025-01-16,ENT,87.0,12.0,16.9,0.0,53.4,208.0
2025-01-16,Emergency,38.0,114.0,16.9,0.0,53.4,208.0
2025-01-16,General Medicine,180.0,30.0,16.9,0.0,53.4,208.0
2025-01-16,Orthopedics,97.0,31.0,16.9,0.0,53.4,208.0
2025-01-16,Pediatrics,146.0,34.0,16.9,0.0,53.4,208.0
2025-01-16,Pulmonology,120.0,31.0,16.9,0.0,53.4,208.0
2025-01-17,Cardiology,77.0,25.0,16.2,0.0,53.3,228.0
2025-01-17,Dermatology,29.0,5.0,16.2,0.0,53.3,228.0
2025-01-17,ENT,107.0,11.0,16.2,0.0,53.3,228.0
2025-01-17,Emergency,41.0,135.0,16.2,0.0,53.3,228.0
2025-01-17,General Medicine,178.0,28.0,16.2,0.0,53.3,228.0
2025-01-17,Orthopedics,87.0,24.0,16.2,0.0,53.3,228.0
2025-01-17,Pediatrics,136.0,32.0,16.2,0.0,53.3,228.0
2025-01-17,Pulmonology,127.0,34.0,16.2,0.0,53.3,228.0
2025-01-18,Cardiology,101.0,60.0,14.0,0.0,55.8,218.0
2025-01-18,Dermatology,37.0,9.0,14.0,0.0,55.8,218.0
2025-01-18,ENT,103.0,17.0,14.0,0.0,55.8,218.0
2025-01-18,Emergency,33.0,161.0,14.0,0.0,55.8,218.0
2025-01-18,General Medicine,187.0,36.0,14.0,0.0,55.8,218.0
2025-01-18,Orthopedics,98.0,29.0,14.0,0.0,55.8,218.0
2025-01-18,Pediatrics,158.0,52.0,14.0,0.0,55.8,218.0
2025-01-18,Pulmonology,131.0,45.0,14.0,0.0,55.8,218.0
2025-01-19,Cardiology,32.0,45.0,14.4,0.0,50.6,208.0
2025-01-19,Dermatology,12.0,6.0,14.4,0.0,50.6,208.0
2025-01-19,ENT,30.0,21.0,14.4,0.0,50.6,208.0
2025-01-19,Emergency,15.0,159.0,14.4,0.0,50.6,208.0
2025-01-19,General Medicine,61.0,42.0,14.4,0.0,50.6,208.0
2025-01-19,Orthopedics,32.0,37.0,14.4,0.0,50.6,208.0
2025-01-19,Pediatrics,44.0,51.0,14.4,0.0,50.6,208.0
2025-01-19,Pulmonology,39.0,32.0,14.4,0.0,50.6,208.0
2025-01-20,Cardiology,131.0,48.0,14.4,0.0,55.6,208.0
2025-01-20,Dermatology,45.0,4.0,14.4,0.0,55.6,208.0
2025-01-20,ENT,113.0,9.0,14.4,0.0,55.6,208.0
2025-01-20,Emergency,46.0,134.0,14.4,0.0,55.6,208.0
2025-01-20,General Medicine,239.0,39.0,14.4,0.0,55.6,208.0
2025-01-20,Orthopedics,120.0,28.0,14.4,0.0,55.6,208.0
2025-01-20,Pediatrics,170.0,42.0,14.4,0.0,55.6,208.0
2025-01-20,Pulmonology,159.0,31.0,14.4,0.0,55.6,208.0
2025-01-21,Cardiology,86.0,30.0,15.5,0.0,56.8,228.0
2025-01-21,Dermatology,36.0,6.0,15.5,0.0,56.8,228.0
2025-01-21,ENT,117.0,12.0,15.5,0.0,56.8,228.0
2025-01-21,Emergency,39.0,129.0,15.5,0.0,56.8,228.0
2025-01-21,General Medicine,204.0,31.0,15.5,0.0,56.8,228.0
2025-01-21,Orthopedics,109.0,34.0,15.5,0.0,56.8,228.0
2025-01-21,Pediatrics,145.0,31.0,15.5,0.0,56.8,228.0
2025-01-21,Pulmonology,142.0,34.0,15.5,0.0,56.8,228.0
2025-01-22,Cardiology,85.0,30.0,16.5,0.0,57.5,228.0
2025-01-22,Dermatology,39.0,4.0,16.5,,57.5,228.0
2025-01-22,ENT,102.0,10.0,16.5,0.0,57.5,228.0
2025-01-22,Emergency,43.0,119.0,16.5,0.0,57.5,228.0
2025-01-22,General Medicine,204.0,31.0,16.5,0.0,57.5,228.0
2025-01-22,Orthopedics,,32.0,16.5,0.0,57.5,228.0
2025-01-22,Pediatrics,143.0,31.0,16.5,0.0,57.5,228.0
2025-01-22,Pulmonology,129.0,28.0,16.5,0.0,57.5,228.0
2025-01-23,Cardiology,76.0,32.0,19.0,14.0,59.3,209.0
2025-01-23,Dermatology,44.0,7.0,19.0,,59.3,209.0
2025-01-23,ENT,96.0,12.0,19.0,14.0,59.3,209.0
2025-01-23,Emergency,43.0,117.0,19.0,14.0,59.3,209.0
2025-01-23,General Medicine,193.0,35.0,19.0,14.0,59.3,209.0
2025-01-23,Orthopedics,67.0,48.0,19.0,14.0,59.3,209.0
2025-01-23,Pediatrics,160.0,33.0,19.0,14.0,59.3,209.0
2025-01-23,Pulmonology,120.0,30.0,19.0,14.0,59.3,209.0
2025-01-24,Cardiology,77.0,26.0,19.5,0.0,54.3,225.0
2025-01-24,Dermatology,39.0,8.0,19.5,0.0,54.3,225.0
2025-01-24,ENT,99.0,6.0,19.5,0.0,54.3,225.0
2025-01-24,Emergency,38.0,107.0,19.5,0.0,54.3,225.0
2025-01-24,General Medicine,187.0,21.0,19.5,0.0,54.3,225.0
2025-01-24,Orthopedics,88.0,30.0,19.5,0.0,54.3,225.0
2025-01-24,Pediatrics,159.0,37.0,19.5,0.0,54.3,225.0
2025-01-24,Pulmonology,122.0,39.0,19.5,0.0,54.3,225.0
2025-01-25,Cardiology,68.0,27.0,18.0,0.0,56.1,208.0
2025-01-25,Dermatology,33.0,8.0,18.0,0.0,56.1,208.0
2025-01-25,ENT,79.0,13.0,,0.0,56.1,208.0
2025-01-25,Emergency,34.0,136.0,18.0,0.0,56.1,208.0
2025-01-25,General Medicine,170.0,36.0,18.0,0.0,56.1,208.0
2025-01-25,Orthopedics,86.0,30.0,18.0,0.0,56.1,208.0
2025-01-25,Pediatrics,113.0,31.0,18.0,0.0,56.1,208.0
2025-01-25,Pulmonology,106.0,30.0,18.0,0.0,56.1,208.0
2025-01-26,Cardiology,23.0,32.0,16.7,0.0,57.0,221.0
2025-01-26,Dermatology,9.0,8.0,16.7,0.0,57.0,221.0
2025-01-26,ENT,32.0,7.0,16.7,0.0,57.0,221.0
2025-01-26,Emergency,9.0,107.0,16.7,0.0,57.0,221.0
2025-01-26,General Medicine,54.0,34.0,16.7,0.0,57.0,221.0
2025-01-26,Orthopedics,21.0,32.0,16.7,0.0,57.0,221.0
2025-01-26,Pediatrics,40.0,37.0,16.7,0.0,57.0,221.0
2025-01-26,Pulmonology,31.0,42.0,16.7,0.0,57.0,221.0
2025-01-27,Cardiology,96.0,29.0,17.5,0.0,53.7,226.0
2025-01-27,Dermatology,41.0,6.0,17.5,0.0,53.7,226.0
2025-01-27,ENT,120.0,9.0,17.5,0.0,53.7,226.0
2025-01-27,Emergency,44.0,121.0,17.5,0.0,53.7,226.0
2025-01-27,General Medicine,218.0,30.0,17.5,0.0,53.7,226.0
2025-01-27,Orthopedics,108.0,24.0,17.5,0.0,53.7,226.0
2025-01-27,Pediatrics,174.0,34.0,17.5,0.0,53.7,226.0
2025-01-27,Pulmonology,140.0,27.0,17.5,0.0,53.7,226.0
2025-01-28,Cardiology,78.0,33.0,15.8,0.0,51.7,219.0
2025-01-28,Dermatology,31.0,6.0,15.8,0.0,51.7,219.0
2025-01-28,ENT,91.0,15.0,15.8,0.0,51.7,219.0
2025-01-28,Emergency,41.0,117.0,15.8,0.0,51.7,219.0
2025-01-28,General Medicine,192.0,27.0,15.8,0.0,51.7,219.0
2025-01-28,Orthopedics,105.0,29.0,15.8,0.0,51.7,219.0
2025-01-28,Pediatrics,144.0,30.0,15.8,0.0,51.7,219.0
2025-01-28,Pulmonology,127.0,30.0,15.8,0.0,51.7,219.0
2025-01-29,Cardiology,76.0,30.0,18.6,0.0,51.6,207.0
2025-01-29,Dermatology,38.0,6.0,18.6,0.0,51.6,207.0
2025-01-29,ENT,88.0,12.0,18.6,0.0,51.6,207.0
2025-01-29,Emergency,44.0,125.0,18.6,0.0,51.6,207.0
2025-01-29,General Medicine,198.0,26.0,18.6,0.0,51.6,207.0
2025-01-29,Orthopedics,88.0,37.0,18.6,0.0,51.6,207.0
2025-01-29,Pediatrics,144.0,22.0,18.6,0.0,51.6,207.0
2025-01-29,Pulmonology,111.0,28.0,18.6,0.0,51.6,207.0
2025-01-30,Cardiology,82.0,27.0,19.6,0.0,56.8,198.0
2025-01-30,Dermatology,41.0,8.0,19.6,0.0,56.8,198.0
2025-01-30,ENT,88.0,8.0,19.6,0.0,56.8,198.0
2025-01-30,Emergency,41.0,101.0,19.6,0.0,56.8,198.0
2025-01-30,General Medicine,216.0,25.0,19.6,0.0,56.8,198.0
2025-01-30,Orthopedics,101.0,24.0,19.6,0.0,56.8,198.0
2025-01-30,Pediatrics,136.0,27.0,19.6,0.0,56.8,198.0
2025-01-30,Pulmonology,110.0,30.0,19.6,0.0,56.8,198.0
2025-01-31,Cardiology,77.0,31.0,18.3,0.0,50.8,212.0
2025-01-31,Dermatology,26.0,7.0,18.3,0.0,50.8,212.0
2025-01-31,ENT,91.0,11.0,18.3,0.0,50.8,212.0
2025-01-31,Emergency,37.0,110.0,18.3,0.0,50.8,212.0
2025-01-31,General Medicine,187.0,29.0,18.3,0.0,50.8,212.0
2025-01-31,Orthopedics,99.0,28.0,18.3,0.0,50.8,212.0
2025-01-31,Pediatrics,133.0,35.0,18.3,0.0,50.8,212.0
2025-01-31,Pulmonology,114.0,30.0,18.3,0.0,50.8,212.0
2025-02-01,Cardiology,70.0,28.0,16.0,10.3,49.2,225.0
2025-02-01,Dermatology,21.0,5.0,16.0,10.3,49.2,225.0
2025-02-01,ENT,87.0,17.0,16.0,10.3,49.2,225.0
2025-02-01,Emergency,37.0,135.0,16.0,10.3,49.2,225.0
2025-02-01,General Medicine,194.0,29.0,16.0,10.3,49.2,225.0
2025-02-01,Orthopedics,67.0,51.0,16.0,10.3,49.2,225.0
2025-02-01,Pediatrics,142.0,39.0,16.0,10.3,49.2,225.0
2025-02-01,Pulmonology,104.0,36.0,16.0,10.3,49.2,225.0
2025-02-02,Cardiology,20.0,,18.2,2.8,49.7,217.0
2025-02-02,Dermatology,4.0,4.0,18.2,2.8,49.7,217.0
2025-02-02,ENT,27.0,14.0,18.2,2.8,49.7,217.0
2025-02-02,Emergency,,145.0,18.2,2.8,49.7,217.0
2025-02-02,General Medicine,53.0,33.0,18.2,2.8,49.7,217.0
2025-02-02,Orthopedics,22.0,51.0,18.2,2.8,49.7,217.0
2025-02-02,Pediatrics,32.0,42.0,18.2,2.8,49.7,217.0
2025-02-02,Pulmonology,35.0,28.0,18.2,2.8,49.7,217.0
2025-02-03,Cardiology,89.0,31.0,17.9,0.0,50.6,225.0
2025-02-03,Dermatology,34.0,7.0,17.9,0.0,50.6,225.0
2025-02-03,ENT,107.0,5.0,17.9,0.0,50.6,225.0
2025-02-03,Emergency,47.0,120.0,17.9,0.0,50.6,225.0
2025-02-03,General Medicine,222.0,21.0,17.9,0.0,50.6,225.0
2025-02-03,Orthopedics,104.0,26.0,17.9,0.0,50.6,225.0
2025-02-03,Pediatrics,163.0,37.0,17.9,0.0,50.6,225.0
2025-02-03,Pulmonology,149.0,32.0,17.9,0.0,50.6,225.0
2025-02-04,Cardiology,82.0,21.0,19.3,0.0,51.3,194.0
2025-02-04,Dermatology,30.0,5.0,19.3,0.0,51.3,194.0
2025-02-04,ENT,87.0,12.0,19.3,0.0,51.3,194.0
2025-02-04,Emergency,34.0,126.0,19.3,0.0,51.3,194.0
2025-02-04,General Medicine,186.0,31.0,19.3,0.0,51.3,194.0
2025-02-04,Orthopedics,98.0,28.0,19.3,0.0,51.3,194.0
2025-02-04,Pediatrics,149.0,21.0,19.3,0.0,51.3,194.0
2025-02-04,Pulmonology,109.0,26.0,19.3,0.0,51.3,194.0
2025-02-05,Cardiology,84.0,22.0,16.9,0.0,53.1,193.0
2025-02-05,Dermatology,,10.0,16.9,0.0,53.1,193.0
2025-02-05,ENT,86.0,9.0,16.9,0.0,53.1,193.0
2025-02-05,Emergency,36.0,114.0,16.9,0.0,53.1,193.0
2025-02-05,General Medicine,184.0,29.0,16.9,0.0,53.1,193.0
2025-02-05,Orthopedics,108.0,27.0,16.9,0.0,53.1,193.0
2025-02-05,Pediatrics,135.0,33.0,16.9,0.0,53.1,193.0
2025-02-05,Pulmonology,102.0,27.0,16.9,0.0,53.1,193.0
2025-02-06,Cardiology,79.0,20.0,16.5,0.0,52.2,201.0
2025-02-06,Dermatology,27.0,7.0,16.5,0.0,52.2,201.0
2025-02-06,ENT,88.0,11.0,16.5,0.0,52.2,201.0
2025-02-06,Emergency,39.0,127.0,16.5,0.0,52.2,201.0
2025-02-06,General Medicine,176.0,28.0,16.5,0.0,52.2,201.0
2025-02-06,Orthopedics,95.0,29.0,16.5,0.0,52.2,201.0
2025-02-06,Pediatrics,149.0,30.0,16.5,0.0,52.2,201.0
2025-02-06,Pulmonology,112.0,28.0,16.5,0.0,52.2,201.0
2025-02-07,Cardiology,86.0,28.0,17.0,0.0,57.4,193.0
2025-02-07,Dermatology,36.0,5.0,17.0,0.0,57.4,193.0
2025-02-07,ENT,90.0,9.0,17.0,0.0,57.4,193.0
2025-02-07,Emergency,42.0,114.0,17.0,0.0,57.4,193.0
2025-02-07,General Medicine,201.0,29.0,17.0,0.0,57.4,193.0
2025-02-07,Orthopedics,96.0,30.0,17.0,0.0,57.4,193.0
2025-02-07,Pediatrics,155.0,34.0,17.0,0.0,57.4,193.0
2025-02-07,Pulmonology,98.0,32.0,17.0,0.0,57.4,193.0
2025-02-08,Cardiology,72.0,24.0,17.5,0.0,49.7,188.0
2025-02-08,Dermatology,30.0,7.0,17.5,0.0,49.7,188.0
2025-02-08,ENT,72.0,10.0,17.5,0.0,49.7,188.0
2025-02-08,Emergency,29.0,135.0,17.5,0.0,49.7,188.0
2025-02-08,General Medicine,163.0,27.0,17.5,0.0,49.7,188.0
2025-02-08,Orthopedics,90.0,28.0,17.5,0.0,49.7,188.0
2025-02-08,Pediatrics,121.0,35.0,17.5,0.0,49.7,188.0
2025-02-08,Pulmonology,82.0,29.0,17.5,0.0,49.7,188.0
2025-02-09,Cardiology,18.0,30.0,17.2,0.0,47.9,188.0
2025-02-09,Dermatology,7.0,6.0,17.2,0.0,47.9,188.0
2025-02-09,ENT,20.0,12.0,17.2,0.0,47.9,188.0
2025-02-09,Emergency,12.0,147.0,17.2,0.0,47.9,188.0
2025-02-09,General Medicine,50.0,29.0,17.2,0.0,47.9,188.0
2025-02-09,Orthopedics,26.0,45.0,17.2,0.0,,188.0
2025-02-09,Pediatrics,,28.0,17.2,0.0,47.9,188.0
2025-02-09,Pulmonology,29.0,30.0,17.2,0.0,47.9,188.0
2025-02-10,Cardiology,,28.0,18.3,0.0,49.0,201.0
2025-02-10,Dermatology,31.0,4.0,18.3,0.0,49.0,201.0
2025-02-10,ENT,100.0,7.0,18.3,0.0,49.0,201.0
2025-02-10,Emergency,42.0,120.0,18.3,0.0,49.0,201.0
2025-02-10,General Medicine,194.0,27.0,,0.0,49.0,201.0
2025-02-10,Orthopedics,112.0,25.0,18.3,0.0,49.0,201.0
2025-02-10,Pediatrics,155.0,34.0,18.3,0.0,49.0,201.0
2025-02-10,Pulmonology,116.0,32.0,18.3,0.0,49.0,201.0
2025-02-11,Cardiology,77.0,25.0,17.0,0.0,44.9,204.0
2025-02-11,Dermatology,21.0,6.0,17.0,0.0,44.9,204.0
2025-02-11,ENT,78.0,9.0,17.0,0.0,44.9,204.0
2025-02-11,Emergency,39.0,101.0,17.0,0.0,44.9,204.0
2025-02-11,General Medicine,186.0,29.0,17.0,0.0,44.9,204.0
2025-02-11,Orthopedics,95.0,27.0,17.0,0.0,44.9,204.0
2025-02-11,Pediatrics,124.0,34.0,17.0,0.0,44.9,204.0
2025-02-11,Pulmonology,109.0,26.0,17.0,0.0,44.9,204.0
2025-02-12,Cardiology,79.0,27.0,17.3,0.0,47.2,177.0
2025-02-12,Dermatology,22.0,3.0,17.3,0.0,47.2,177.0
2025-02-12,ENT,78.0,11.0,17.3,0.0,47.2,177.0
2025-02-12,Emergency,,114.0,17.3,0.0,47.2,177.0
2025-02-12,General Medicine,200.0,33.0,17.3,0.0,47.2,177.0
2025-02-12,Orthopedics,97.0,27.0,17.3,0.0,47.2,177.0
2025-02-12,Pediatrics,124.0,38.0,17.3,0.0,47.2,177.0
2025-02-12,Pulmonology,92.0,26.0,17.3,0.0,47.2,177.0
2025-02-13,Cardiology,81.0,22.0,17.9,0.0,54.9,160.0
2025-02-13,Dermatology,34.0,6.0,17.9,0.0,54.9,160.0
2025-02-13,ENT,74.0,7.0,17.9,0.0,54.9,160.0
2025-02-13,Emergency,35.0,117.0,17.9,0.0,54.9,160.0
2025-02-13,General Medicine,180.0,25.0,17.9,0.0,54.9,160.0
2025-02-13,Orthopedics,100.0,33.0,17.9,0.0,54.9,160.0
2025-02-13,Pediatrics,149.0,30.0,17.9,0.0,54.9,160.0
2025-02-13,Pulmonology,92.0,21.0,17.9,0.0,54.9,160.0
2025-02-14,Cardiology,80.0,29.0,18.8,0.0,53.5,169.0
2025-02-14,Dermatology,36.0,5.0,18.8,0.0,53.5,169.0
2025-02-14,ENT,85.0,11.0,18.8,0.0,53.5,169.0
2025-02-14,Emergency,38.0,124.0,18.8,0.0,53.5,169.0
2025-02-14,General Medicine,195.0,29.0,18.8,0.0,53.5,169.0
2025-02-14,Orthopedics,96.0,24.0,18.8,0.0,53.5,169.0
2025-02-14,Pediatrics,137.0,36.0,18.8,0.0,53.5,169.0
2025-02-14,Pulmonology,85.0,10.0,18.8,0.0,53.5,169.0
2025-02-15,Cardiology,72.0,22.0,19.6,0.0,53.4,190.0
2025-02-15,Dermatology,33.0,8.0,19.6,0.0,53.4,190.0
2025-02-15,ENT,76.0,11.0,19.6,0.0,53.4,190.0
2025-02-15,Emergency,31.0,117.0,19.6,0.0,53.4,190.0
2025-02-15,General Medicine,172.0,28.0,19.6,0.0,53.4,190.0
2025-02-15,Orthopedics,91.0,26.0,19.6,0.0,53.4,190.0
2025-02-15,Pediatrics,130.0,30.0,19.6,0.0,53.4,
2025-02-15,Pulmonology,93.0,28.0,19.6,0.0,53.4,190.0
2025-02-16,Cardiology,19.0,34.0,18.0,6.3,50.2,156.0
2025-02-16,Dermatology,5.0,7.0,18.0,6.3,50.2,156.0
2025-02-16,ENT,23.0,,18.0,6.3,50.2,156.0
2025-02-16,Emergency,11.0,136.0,18.0,6.3,50.2,156.0
2025-02-16,General Medicine,59.0,36.0,18.0,6.3,50.2,156.0
2025-02-16,Orthopedics,18.0,53.0,18.0,6.3,50.2,156.0
2025-02-16,Pediatrics,43.0,42.0,18.0,6.3,50.2,156.0
2025-02-16,Pulmonology,25.0,32.0,18.0,6.3,50.2,156.0
2025-02-17,Cardiology,91.0,26.0,16.5,0.0,48.5,171.0
2025-02-17,Dermatology,28.0,4.0,16.5,0.0,48.5,171.0
2025-02-17,ENT,82.0,10.0,16.5,0.0,48.5,171.0
2025-02-17,Emergency,38.0,97.0,16.5,0.0,48.5,171.0
2025-02-17,General Medicine,203.0,29.0,16.5,0.0,48.5,171.0
2025-02-17,Orthopedics,113.0,31.0,16.5,0.0,48.5,171.0
2025-02-17,Pediatrics,160.0,31.0,16.5,0.0,48.5,171.0
2025-02-17,Pulmonology,104.0,19.0,16.5,0.0,48.5,171.0
2025-02-18,Cardiology,76.0,24.0,18.9,0.0,48.0,178.0
2025-02-18,Dermatology,35.0,4.0,18.9,0.0,48.0,178.0
2025-02-18,ENT,72.0,7.0,18.9,0.0,48.0,178.0
2025-02-18,Emergency,42.0,109.0,18.9,0.0,48.0,178.0
2025-02-18,General Medicine,182.0,30.0,18.9,0.0,48.0,178.0
2025-02-18,Orthopedics,101.0,34.0,18.9,0.0,48.0,178.0
2025-02-18,Pediatrics,130.0,28.0,18.9,0.0,48.0,178.0
2025-02-18,Pulmonology,94.0,,18.9,0.0,48.0,178.0
2025-02-19,Cardiology,81.0,23.0,19.4,0.0,48.2,210.0
2025-02-19,Dermatology,31.0,5.0,19.4,0.0,48.2,210.0
2025-02-19,ENT,92.0,8.0,19.4,0.0,48.2,210.0
2025-02-19,Emergency,37.0,121.0,19.4,0.0,48.2,210.0
2025-02-19,General Medicine,175.0,26.0,19.4,0.0,48.2,210.0
2025-02-19,Orthopedics,94.0,33.0,19.4,0.0,48.2,210.0
2025-02-19,Pediatrics,133.0,33.0,19.4,0.0,48.2,210.0
2025-02-19,Pulmonology,117.0,25.0,19.4,0.0,48.2,210.0
2025-02-20,Cardiology,75.0,26.0,18.4,0.0,54.4,207.0
2025-02-20,Dermatology,35.0,6.0,18.4,0.0,54.4,207.0
2025-02-20,ENT,86.0,9.0,18.4,0.0,54.4,207.0
2025-02-20,Emergency,42.0,118.0,18.4,0.0,54.4,207.0
2025-02-20,General Medicine,214.0,30.0,18.4,0.0,54.4,207.0
2025-02-20,Orthopedics,96.0,31.0,18.4,0.0,54.4,207.0
2025-02-20,Pediatrics,144.0,34.0,18.4,0.0,54.4,207.0
2025-02-20,Pulmonology,114.0,29.0,18.4,0.0,54.4,207.0
2025-02-21,Cardiology,88.0,26.0,20.6,0.0,54.6,216.0
2025-02-21,Dermatology,40.0,6.0,20.6,0.0,54.6,216.0
2025-02-21,ENT,93.0,11.0,20.6,0.0,54.6,216.0
2025-02-21,Emergency,35.0,128.0,20.6,0.0,54.6,216.0
2025-02-21,General Medicine,192.0,35.0,20.6,0.0,54.6,216.0
2025-02-21,Orthopedics,97.0,32.0,20.6,0.0,54.6,216.0
2025-02-21,Pediatrics,130.0,27.0,20.6,0.0,54.6,216.0
2025-02-21,Pulmonology,117.0,25.0,20.6,0.0,54.6,216.0
2025-02-22,Cardiology,67.0,26.0,20.4,0.0,49.4,219.0
2025-02-22,Dermatology,34.0,4.0,20.4,0.0,49.4,219.0
2025-02-22,ENT,81.0,13.0,20.4,0.0,49.4,219.0
2025-02-22,Emergency,30.0,131.0,20.4,0.0,49.4,219.0
2025-02-22,General Medicine,175.0,29.0,20.4,0.0,49.4,219.0
2025-02-22,Orthopedics,88.0,36.0,20.4,0.0,49.4,219.0
2025-02-22,Pediatrics,118.0,34.0,20.4,0.0,49.4,219.0
2025-02-22,Pulmonology,102.0,37.0,20.4,0.0,49.4,219.0
2025-02-23,Cardiology,25.0,27.0,21.5,0.0,50.7,189.0
2025-02-23,Dermatology,10.0,7.0,21.5,0.0,50.7,189.0
2025-02-23,ENT,24.0,9.0,21.5,0.0,50.7,189.0
2025-02-23,Emergency,11.0,111.0,21.5,0.0,50.7,189.0
2025-02-23,General Medicine,60.0,37.0,21.5,0.0,50.7,189.0
2025-02-23,Orthopedics,27.0,40.0,21.5,0.0,50.7,189.0
2025-02-23,Pediatrics,43.0,38.0,21.5,0.0,50.7,189.0
2025-02-23,Pulmonology,31.0,31.0,21.5,0.0,50.7,189.0
2025-02-24,Cardiology,88.0,28.0,21.0,0.0,52.7,209.0
2025-02-24,Dermatology,46.0,6.0,21.0,0.0,52.7,209.0
2025-02-24,ENT,103.0,11.0,21.0,0.0,52.7,209.0
2025-02-24,Emergency,45.0,101.0,21.0,0.0,52.7,209.0
2025-02-24,General Medicine,226.0,28.0,21.0,0.0,52.7,209.0
2025-02-24,Orthopedics,101.0,33.0,21.0,0.0,52.7,209.0
2025-02-24,Pediatrics,151.0,29.0,21.0,0.0,52.7,209.0
2025-02-24,Pulmonology,132.0,25.0,21.0,0.0,52.7,209.0
2025-02-25,Cardiology,88.0,25.0,23.0,0.0,55.3,215.0
2025-02-25,Dermatology,55.0,8.0,23.0,0.0,55.3,215.0
2025-02-25,ENT,96.0,8.0,23.0,0.0,55.3,215.0
2025-02-25,Emergency,35.0,118.0,23.0,0.0,55.3,215.0
2025-02-25,General Medicine,172.0,26.0,23.0,0.0,55.3,215.0
2025-02-25,Orthopedics,92.0,29.0,23.0,0.0,55.3,215.0
2025-02-25,Pediatrics,155.0,40.0,23.0,0.0,55.3,215.0
2025-02-25,Pulmonology,107.0,20.0,23.0,0.0,55.3,215.0
2025-02-26,Cardiology,83.0,23.0,24.1,0.0,58.5,223.0
2025-02-26,Dermatology,60.0,5.0,24.1,0.0,58.5,223.0
2025-02-26,ENT,101.0,10.0,24.1,0.0,58.5,223.0
2025-02-26,Emergency,36.0,107.0,24.1,0.0,58.5,223.0
2025-02-26,General Medicine,203.0,30.0,24.1,0.0,58.5,223.0
2025-02-26,Orthopedics,94.0,36.0,24.1,0.0,58.5,223.0
2025-02-26,Pediatrics,137.0,35.0,24.1,0.0,58.5,223.0
2025-02-26,Pulmonology,121.0,35.0,24.1,0.0,58.5,223.0
2025-02-27,Cardiology,90.0,40.0,22.4,0.0,52.1,277.0
2025-02-27,Dermatology,45.0,9.0,22.4,0.0,52.1,277.0
2025-02-27,ENT,139.0,12.0,22.4,0.0,52.1,277.0
2025-02-27,Emergency,45.0,141.0,22.4,0.0,52.1,277.0
2025-02-27,General Medicine,222.0,39.0,22.4,0.0,52.1,277.0
2025-02-27,Orthopedics,86.0,28.0,22.4,0.0,52.1,277.0
2025-02-27,Pediatrics,175.0,51.0,22.4,0.0,52.1,277.0
2025-02-27,Pulmonology,179.0,52.0,22.4,0.0,52.1,277.0
2025-02-28,Cardiology,83.0,30.0,22.8,0.0,48.5,230.0
2025-02-28,Dermatology,42.0,7.0,22.8,0.0,48.5,230.0
2025-02-28,ENT,103.0,9.0,22.8,0.0,48.5,230.0
2025-02-28,Emergency,39.0,114.0,22.8,0.0,48.5,230.0
2025-02-28,General Medicine,174.0,25.0,22.8,0.0,48.5,230.0
2025-02-28,Orthopedics,102.0,22.0,22.8,0.0,48.5,230.0
2025-02-28,Pediatrics,134.0,40.0,22.8,0.0,48.5,230.0
2025-02-28,Pulmonology,119.0,38.0,22.8,0.0,48.5,230.0
2025-03-01,Cardiology,67.0,25.0,22.7,0.0,,181.0
2025-03-01,Dermatology,34.0,8.0,22.7,0.0,44.9,181.0
2025-03-01,ENT,68.0,8.0,22.7,0.0,44.9,181.0
2025-03-01,Emergency,35.0,116.0,22.7,0.0,44.9,181.0
2025-03-01,General Medicine,165.0,35.0,22.7,0.0,44.9,181.0
2025-03-01,Orthopedics,88.0,27.0,22.7,0.0,44.9,181.0
2025-03-01,Pediatrics,111.0,39.0,22.7,0.0,44.9,181.0
2025-03-01,Pulmonology,88.0,28.0,22.7,0.0,44.9,181.0
2025-03-02,Cardiology,23.0,33.0,23.6,0.0,46.0,167.0
2025-03-02,Dermatology,12.0,9.0,23.6,0.0,46.0,167.0
2025-03-02,ENT,23.0,13.0,23.6,0.0,46.0,167.0
2025-03-02,Emergency,9.0,108.0,23.6,0.0,46.0,167.0
2025-03-02,General Medicine,58.0,38.0,23.6,0.0,46.0,167.0
2025-03-02,Orthopedics,26.0,27.0,23.6,0.0,46.0,167.0
2025-03-02,Pediatrics,39.0,43.0,23.6,0.0,46.0,167.0
2025-03-02,Pulmonology,29.0,25.0,23.6,0.0,46.0,167.0
2025-03-03,Cardiology,99.0,26.0,21.4,0.0,50.1,166.0
2025-03-03,Dermatology,47.0,7.0,21.4,0.0,50.1,166.0
2025-03-03,ENT,85.0,11.0,21.4,0.0,50.1,166.0
2025-03-03,Emergency,44.0,96.0,21.4,0.0,50.1,166.0
2025-03-03,General Medicine,206.0,27.0,21.4,0.0,50.1,166.0
2025-03-03,Orthopedics,107.0,27.0,21.4,0.0,50.1,166.0
2025-03-03,Pediatrics,150.0,35.0,21.4,0.0,50.1,166.0
2025-03-03,Pulmonology,100.0,21.0,21.4,0.0,50.1,166.0
2025-03-04,Cardiology,82.0,25.0,22.0,0.0,53.7,160.0
2025-03-04,Dermatology,48.0,8.0,22.0,0.0,53.7,160.0
2025-03-04,ENT,83.0,7.0,22.0,0.0,53.7,160.0
2025-03-04,Emergency,38.0,112.0,22.0,0.0,53.7,160.0
2025-03-04,General Medicine,198.0,25.0,22.0,0.0,53.7,160.0
2025-03-04,Orthopedics,87.0,31.0,22.0,0.0,53.7,160.0
2025-03-04,Pediatrics,131.0,28.0,22.0,0.0,53.7,160.0
2025-03-04,Pulmonology,81.0,23.0,22.0,0.0,53.7,160.0
2025-03-05,Cardiology,75.0,30.0,22.9,0.0,,151.0
2025-03-05,Dermatology,45.0,7.0,22.9,0.0,51.9,151.0
2025-03-05,ENT,67.0,14.0,22.9,0.0,51.9,151.0
2025-03-05,Emergency,34.0,118.0,22.9,0.0,51.9,151.0
2025-03-05,General Medicine,195.0,29.0,22.9,0.0,51.9,151.0
2025-03-05,Orthopedics,93.0,27.0,22.9,0.0,51.9,151.0
2025-03-05,Pediatrics,135.0,30.0,22.9,0.0,51.9,151.0
2025-03-05,Pulmonology,86.0,23.0,22.9,0.0,51.9,151.0
2025-03-06,Cardiology,74.0,29.0,20.2,0.0,51.1,142.0
2025-03-06,Dermatology,36.0,6.0,20.2,0.0,51.1,142.0
2025-03-06,ENT,73.0,12.0,20.2,0.0,51.1,142.0
2025-03-06,Emergency,39.0,111.0,20.2,0.0,51.1,142.0
2025-03-06,General Medicine,206.0,30.0,20.2,0.0,51.1,142.0
2025-03-06,Orthopedics,89.0,20.0,20.2,0.0,51.1,142.0
2025-03-06,Pediatrics,138.0,28.0,20.2,0.0,51.1,142.0
2025-03-06,Pulmonology,,18.0,20.2,0.0,51.1,142.0
2025-03-07,Cardiology,77.0,23.0,19.1,0.0,52.1,149.0
2025-03-07,Dermatology,40.0,5.0,19.1,0.0,52.1,149.0
2025-03-07,ENT,78.0,8.0,19.1,0.0,52.1,149.0
2025-03-07,Emergency,38.0,112.0,19.1,0.0,52.1,149.0
2025-03-07,General Medicine,184.0,33.0,19.1,0.0,52.1,149.0
2025-03-07,Orthopedics,94.0,30.0,19.1,0.0,52.1,149.0
2025-03-07,Pediatrics,140.0,23.0,19.1,0.0,52.1,149.0
2025-03-07,Pulmonology,81.0,22.0,19.1,0.0,52.1,149.0
2025-03-08,Cardiology,66.0,37.0,17.5,0.0,49.6,128.0
2025-03-08,Dermatology,25.0,7.0,17.5,0.0,49.6,128.0
2025-03-08,ENT,46.0,11.0,17.5,0.0,49.6,128.0
2025-03-08,Emergency,30.0,128.0,17.5,0.0,49.6,128.0
2025-03-08,General Medicine,168.0,32.0,17.5,0.0,49.6,128.0
2025-03-08,Orthopedics,76.0,31.0,17.5,0.0,49.6,128.0
2025-03-08,Pediatrics,122.0,31.0,17.5,0.0,49.6,128.0
2025-03-08,Pulmonology,61.0,20.0,17.5,0.0,49.6,128.0
2025-03-09,Cardiology,21.0,25.0,18.6,0.0,57.6,144.0
2025-03-09,Dermatology,13.0,6.0,18.6,0.0,57.6,144.0
2025-03-09,ENT,18.0,12.0,18.6,0.0,57.6,144.0
2025-03-09,Emergency,14.0,118.0,18.6,0.0,57.6,144.0
2025-03-09,General Medicine,51.0,29.0,18.6,0.0,57.6,144.0
2025-03-09,Orthopedics,23.0,34.0,18.6,0.0,57.6,144.0
2025-03-09,Pediatrics,39.0,32.0,18.6,0.0,57.6,144.0
2025-03-09,Pulmonology,18.0,27.0,18.6,0.0,57.6,144.0
2025-03-10,Cardiology,85.0,24.0,20.5,11.1,51.5,133.0
2025-03-10,Dermatology,43.0,7.0,20.5,11.1,51.5,133.0
2025-03-10,ENT,77.0,7.0,20.5,11.1,51.5,133.0
2025-03-10,Emergency,48.0,130.0,20.5,11.1,51.5,133.0
2025-03-10,General Medicine,220.0,25.0,20.5,11.1,51.5,133.0
2025-03-10,Orthopedics,83.0,39.0,20.5,11.1,51.5,133.0
2025-03-10,Pediatrics,170.0,38.0,20.5,11.1,51.5,133.0
2025-03-10,Pulmonology,77.0,18.0,20.5,11.1,51.5,133.0
2025-03-11,Cardiology,81.0,22.0,22.8,0.0,49.8,127.0
2025-03-11,Dermatology,47.0,5.0,22.8,0.0,49.8,127.0
2025-03-11,ENT,61.0,10.0,22.8,0.0,49.8,127.0
2025-03-11,Emergency,40.0,131.0,22.8,0.0,49.8,127.0
2025-03-11,General Medicine,188.0,19.0,22.8,0.0,49.8,127.0
2025-03-11,Orthopedics,100.0,32.0,22.8,0.0,49.8,127.0
2025-03-11,Pediatrics,140.0,38.0,22.8,0.0,49.8,127.0
2025-03-11,Pulmonology,69.0,22.0,22.8,0.0,49.8,127.0
2025-03-12,Cardiology,83.0,24.0,22.6,0.0,57.2,127.0
2025-03-12,Dermatology,59.0,4.0,22.6,0.0,57.2,127.0
2025-03-12,ENT,65.0,12.0,22.6,0.0,57.2,127.0
2025-03-12,Emergency,38.0,111.0,22.6,0.0,57.2,127.0
2025-03-12,General Medicine,205.0,23.0,22.6,0.0,57.2,127.0
2025-03-12,Orthopedics,89.0,31.0,22.6,0.0,57.2,127.0
2025-03-12,Pediatrics,144.0,35.0,22.6,0.0,57.2,127.0
2025-03-12,Pulmonology,87.0,15.0,22.6,0.0,57.2,127.0
2025-03-13,Cardiology,81.0,27.0,24.4,0.0,53.9,151.0
2025-03-13,Dermatology,58.0,9.0,24.4,0.0,53.9,151.0
2025-03-13,ENT,66.0,10.0,24.4,0.0,53.9,151.0
2025-03-13,Emergency,36.0,112.0,24.4,0.0,53.9,151.0
2025-03-13,General Medicine,198.0,29.0,24.4,0.0,53.9,151.0
2025-03-13,Orthopedics,95.0,30.0,24.4,0.0,53.9,151.0
2025-03-13,Pediatrics,147.0,37.0,24.4,0.0,53.9,151.0
2025-03-13,Pulmonology,86.0,22.0,24.4,0.0,53.9,151.0
2025-03-14,Cardiology,76.0,29.0,22.0,0.0,52.5,143.0
2025-03-14,Dermatology,45.0,2.0,22.0,0.0,52.5,143.0
2025-03-14,ENT,70.0,13.0,22.0,0.0,52.5,143.0
2025-03-14,Emergency,,108.0,22.0,0.0,52.5,143.0
2025-03-14,General Medicine,195.0,31.0,22.0,0.0,52.5,143.0
2025-03-14,Orthopedics,98.0,35.0,22.0,0.0,52.5,143.0
2025-03-14,Pediatrics,137.0,24.0,22.0,0.0,52.5,143.0
2025-03-14,Pulmonology,68.0,23.0,22.0,0.0,52.5,143.0
2025-03-15,Cardiology,66.0,25.0,20.1,0.0,51.2,150.0
2025-03-15,Dermatology,33.0,3.0,20.1,0.0,51.2,150.0
2025-03-15,ENT,65.0,15.0,20.1,0.0,51.2,150.0
2025-03-15,Emergency,32.0,119.0,20.1,0.0,51.2,150.0
2025-03-15,General Medicine,168.0,28.0,20.1,0.0,51.2,150.0
2025-03-15,Orthopedics,84.0,37.0,20.1,0.0,51.2,150.0
2025-03-15,Pediatrics,115.0,39.0,20.1,0.0,51.2,150.0
2025-03-15,Pulmonology,69.0,17.0,20.1,0.0,51.2,150.0
2025-03-16,Cardiology,24.0,33.0,21.0,0.0,50.3,139.0
2025-03-16,Dermatology,9.0,7.0,21.0,0.0,50.3,139.0
2025-03-16,ENT,14.0,13.0,21.0,0.0,50.3,139.0
2025-03-16,Emergency,10.0,127.0,21.0,0.0,50.3,139.0
2025-03-16,General Medicine,55.0,39.0,21.0,0.0,50.3,139.0
2025-03-16,Orthopedics,30.0,37.0,21.0,0.0,50.3,139.0
2025-03-16,Pediatrics,37.0,31.0,21.0,0.0,50.3,139.0
2025-03-16,Pulmonology,22.0,19.0,21.0,0.0,50.3,139.0
2025-03-17,Cardiology,89.0,29.0,22.1,0.0,55.0,153.0
2025-03-17,Dermatology,56.0,5.0,22.1,0.0,55.0,
2025-03-17,ENT,81.0,15.0,22.1,0.0,55.0,153.0
2025-03-17,Emergency,45.0,107.0,22.1,0.0,55.0,153.0
2025-03-17,General Medicine,215.0,28.0,22.1,0.0,55.0,153.0
2025-03-17,Orthopedics,106.0,29.0,22.1,0.0,55.0,153.0
2025-03-17,Pediatrics,165.0,34.0,22.1,0.0,55.0,153.0
2025-03-17,Pulmonology,99.0,20.0,22.1,0.0,55.0,153.0
2025-03-18,Cardiology,85.0,27.0,22.4,0.0,45.4,161.0
2025-03-18,Dermatology,41.0,,22.4,0.0,45.4,161.0
2025-03-18,ENT,70.0,9.0,22.4,0.0,45.4,161.0
2025-03-18,Emergency,36.0,104.0,22.4,0.0,45.4,161.0
2025-03-18,General Medicine,193.0,28.0,22.4,0.0,45.4,161.0
2025-03-18,Orthopedics,96.0,30.0,22.4,0.0,45.4,161.0
2025-03-18,Pediatrics,135.0,33.0,22.4,0.0,45.4,161.0
2025-03-18,Pulmonology,85.0,23.0,22.4,0.0,45.4,161.0
2025-03-19,Cardiology,79.0,18.0,20.2,0.0,53.6,183.0
2025-03-19,Dermatology,38.0,10.0,20.2,0.0,53.6,183.0
2025-03-19,ENT,79.0,11.0,20.2,0.0,53.6,183.0
2025-03-19,Emergency,34.0,115.0,20.2,0.0,53.6,183.0
2025-03-19,General Medicine,177.0,25.0,20.2,0.0,53.6,183.0
2025-03-19,Orthopedics,97.0,37.0,20.2,0.0,53.6,183.0
2025-03-19,Pediatrics,138.0,32.0,20.2,0.0,53.6,183.0
2025-03-19,Pulmonology,110.0,29.0,20.2,0.0,53.6,183.0
2025-03-20,Cardiology,78.0,24.0,21.2,0.0,47.4,171.0
2025-03-20,Dermatology,33.0,8.0,21.2,0.0,47.4,171.0
2025-03-20,ENT,83.0,11.0,21.2,0.0,47.4,171.0
2025-03-20,Emergency,40.0,126.0,21.2,0.0,47.4,171.0
2025-03-20,General Medicine,192.0,27.0,21.2,0.0,47.4,171.0
2025-03-20,Orthopedics,100.0,35.0,21.2,0.0,47.4,171.0
2025-03-20,Pediatrics,139.0,32.0,21.2,0.0,47.4,171.0
2025-03-20,Pulmonology,96.0,20.0,21.2,0.0,47.4,171.0
2025-03-21,Cardiology,82.0,28.0,20.4,0.0,48.2,173.0
2025-03-21,Dermatology,36.0,6.0,20.4,0.0,48.2,173.0
2025-03-21,ENT,76.0,8.0,20.4,0.0,48.2,173.0
2025-03-21,Emergency,43.0,109.0,20.4,0.0,48.2,173.0
2025-03-21,General Medicine,186.0,29.0,20.4,0.0,48.2,173.0
2025-03-21,Orthopedics,92.0,37.0,20.4,0.0,48.2,173.0
2025-03-21,Pediatrics,125.0,33.0,20.4,0.0,48.2,173.0
2025-03-21,Pulmonology,99.0,20.0,20.4,0.0,48.2,173.0
2025-03-22,Cardiology,67.0,30.0,22.4,13.4,50.2,159.0
2025-03-22,Dermatology,39.0,7.0,22.4,13.4,50.2,159.0
2025-03-22,ENT,58.0,10.0,22.4,13.4,50.2,159.0
2025-03-22,Emergency,36.0,147.0,22.4,13.4,,159.0
2025-03-22,General Medicine,164.0,33.0,22.4,13.4,50.2,159.0
2025-03-22,Orthopedics,65.0,54.0,22.4,13.4,50.2,159.0
2025-03-22,Pediatrics,122.0,38.0,22.4,13.4,50.2,159.0
2025-03-22,Pulmonology,74.0,26.0,22.4,13.4,50.2,159.0
2025-03-23,Cardiology,23.0,30.0,23.3,0.0,50.3,180.0
2025-03-23,Dermatology,15.0,5.0,23.3,0.0,50.3,180.0
2025-03-23,ENT,24.0,8.0,23.3,0.0,50.3,180.0
2025-03-23,Emergency,16.0,123.0,23.3,0.0,50.3,180.0
2025-03-23,General Medicine,61.0,34.0,23.3,0.0,50.3,180.0
2025-03-23,Orthopedics,23.0,30.0,23.3,0.0,50.3,180.0
2025-03-23,Pediatrics,32.0,35.0,23.3,0.0,50.3,180.0
2025-03-23,Pulmonology,25.0,28.0,23.3,0.0,50.3,180.0
2025-03-24,Cardiology,92.0,29.0,22.4,0.0,45.0,161.0
2025-03-24,Dermatology,47.0,4.0,22.4,0.0,45.0,161.0
2025-03-24,ENT,79.0,9.0,22.4,0.0,45.0,161.0
2025-03-24,Emergency,42.0,102.0,22.4,0.0,45.0,161.0
2025-03-24,General Medicine,206.0,29.0,22.4,0.0,45.0,161.0
2025-03-24,Orthopedics,106.0,39.0,22.4,0.0,,161.0
2025-03-24,Pediatrics,143.0,33.0,22.4,0.0,45.0,161.0
2025-03-24,Pulmonology,100.0,,22.4,0.0,45.0,161.0
2025-03-25,Cardiology,85.0,30.0,22.4,0.0,48.9,167.0
2025-03-25,Dermatology,48.0,5.0,22.4,0.0,48.9,167.0
2025-03-25,ENT,67.0,10.0,22.4,0.0,48.9,167.0
2025-03-25,Emergency,38.0,128.0,22.4,0.0,48.9,167.0
2025-03-25,General Medicine,185.0,35.0,22.4,0.0,48.9,167.0
2025-03-25,Orthopedics,,28.0,22.4,0.0,48.9,167.0
2025-03-25,Pediatrics,139.0,22.0,22.4,0.0,48.9,167.0
2025-03-25,Pulmonology,89.0,24.0,22.4,0.0,48.9,
2025-03-26,Cardiology,77.0,30.0,21.9,0.0,56.8,159.0
2025-03-26,Dermatology,48.0,6.0,21.9,0.0,56.8,159.0
2025-03-26,ENT,76.0,13.0,21.9,0.0,56.8,159.0
2025-03-26,Emergency,39.0,124.0,21.9,0.0,56.8,159.0
2025-03-26,General Medicine,193.0,26.0,21.9,0.0,56.8,159.0
2025-03-26,Orthopedics,96.0,26.0,21.9,0.0,56.8,159.0
2025-03-26,Pediatrics,150.0,32.0,21.9,0.0,56.8,159.0
2025-03-26,Pulmonology,92.0,22.0,21.9,0.0,56.8,159.0
2025-03-27,Cardiology,80.0,23.0,22.7,0.0,49.3,155.0
2025-03-27,Dermatology,41.0,5.0,22.7,0.0,49.3,155.0
2025-03-27,ENT,75.0,11.0,22.7,0.0,49.3,155.0
2025-03-27,Emergency,38.0,118.0,22.7,0.0,49.3,155.0
2025-03-27,General Medicine,189.0,32.0,22.7,0.0,49.3,155.0
2025-03-27,Orthopedics,92.0,34.0,22.7,0.0,49.3,155.0
2025-03-27,Pediatrics,138.0,32.0,22.7,0.0,49.3,155.0
2025-03-27,Pulmonology,87.0,20.0,22.7,0.0,49.3,155.0
2025-03-28,Cardiology,77.0,25.0,24.6,1.8,50.2,153.0
2025-03-28,Dermatology,52.0,8.0,24.6,1.8,50.2,153.0
2025-03-28,ENT,66.0,9.0,24.6,1.8,50.2,153.0
2025-03-28,Emergency,39.0,125.0,24.6,1.8,50.2,153.0
2025-03-28,General Medicine,195.0,24.0,24.6,1.8,50.2,153.0
2025-03-28,Orthopedics,82.0,38.0,24.6,1.8,50.2,153.0
2025-03-28,Pediatrics,141.0,41.0,24.6,,50.2,153.0
2025-03-28,Pulmonology,82.0,20.0,24.6,1.8,50.2,153.0
2025-03-29,Cardiology,68.0,26.0,23.5,0.0,47.9,156.0
2025-03-29,Dermatology,37.0,5.0,23.5,0.0,47.9,156.0
2025-03-29,ENT,59.0,10.0,23.5,0.0,47.9,156.0
2025-03-29,Emergency,31.0,115.0,23.5,0.0,47.9,156.0
2025-03-29,General Medicine,158.0,34.0,,0.0,47.9,156.0
2025-03-29,Orthopedics,91.0,27.0,23.5,0.0,47.9,156.0
2025-03-29,Pediatrics,126.0,30.0,23.5,0.0,47.9,156.0
2025-03-29,Pulmonology,85.0,20.0,23.5,0.0,47.9,156.0
2025-03-30,Cardiology,23.0,28.0,24.7,0.0,49.9,152.0
2025-03-30,Dermatology,18.0,11.0,24.7,0.0,49.9,152.0
2025-03-30,ENT,21.0,14.0,24.7,0.0,49.9,152.0
2025-03-30,Emergency,10.0,116.0,24.7,0.0,49.9,152.0
2025-03-30,General Medicine,57.0,37.0,24.7,0.0,49.9,152.0
2025-03-30,Orthopedics,23.0,30.0,24.7,0.0,49.9,152.0
2025-03-30,Pediatrics,41.0,39.0,24.7,0.0,49.9,152.0
2025-03-30,Pulmonology,20.0,24.0,24.7,0.0,49.9,152.0
2025-03-31,Cardiology,94.0,22.0,24.3,0.0,50.0,154.0
2025-03-31,Dermatology,54.0,5.0,24.3,0.0,50.0,154.0
2025-03-31,ENT,78.0,7.0,24.3,0.0,50.0,154.0
2025-03-31,Emergency,43.0,128.0,24.3,0.0,50.0,154.0
2025-03-31,General Medicine,219.0,30.0,24.3,0.0,50.0,154.0
2025-03-31,Orthopedics,107.0,26.0,24.3,0.0,50.0,154.0
2025-03-31,Pediatrics,153.0,31.0,24.3,0.0,50.0,154.0
2025-03-31,Pulmonology,91.0,17.0,24.3,0.0,50.0,154.0
2025-04-01,Cardiology,80.0,26.0,23.7,0.0,47.9,175.0
2025-04-01,Dermatology,43.0,4.0,23.7,0.0,47.9,175.0
2025-04-01,ENT,77.0,10.0,23.7,0.0,47.9,175.0
2025-04-01,Emergency,34.0,117.0,23.7,0.0,47.9,175.0
2025-04-01,General Medicine,190.0,34.0,23.7,0.0,47.9,175.0
2025-04-01,Orthopedics,85.0,32.0,23.7,0.0,47.9,175.0
2025-04-01,Pediatrics,144.0,35.0,23.7,0.0,47.9,175.0
2025-04-01,Pulmonology,98.0,21.0,23.7,0.0,47.9,175.0
2025-04-02,Cardiology,89.0,25.0,24.3,0.0,50.3,181.0
2025-04-02,Dermatology,50.0,5.0,24.3,0.0,50.3,181.0
2025-04-02,ENT,76.0,13.0,24.3,0.0,50.3,181.0
2025-04-02,Emergency,38.0,131.0,24.3,0.0,50.3,181.0
2025-04-02,General Medicine,200.0,24.0,24.3,0.0,50.3,181.0
2025-04-02,Orthopedics,95.0,31.0,24.3,0.0,50.3,181.0
2025-04-02,Pediatrics,146.0,26.0,24.3,0.0,50.3,181.0
2025-04-02,Pulmonology,99.0,17.0,24.3,0.0,50.3,181.0
2025-04-03,Cardiology,75.0,30.0,23.6,0.0,56.7,183.0
2025-04-03,Dermatology,55.0,6.0,23.6,0.0,56.7,183.0
2025-04-03,ENT,72.0,9.0,23.6,0.0,56.7,183.0
2025-04-03,Emergency,39.0,119.0,23.6,0.0,56.7,183.0
2025-04-03,General Medicine,188.0,26.0,23.6,0.0,56.7,183.0
2025-04-03,Orthopedics,105.0,25.0,23.6,0.0,56.7,183.0
2025-04-03,Pediatrics,148.0,25.0,23.6,0.0,56.7,183.0
2025-04-03,Pulmonology,96.0,19.0,23.6,0.0,56.7,183.0
2025-04-04,Cardiology,74.0,21.0,23.8,0.0,53.4,167.0
2025-04-04,Dermatology,51.0,6.0,23.8,0.0,53.4,167.0
2025-04-04,ENT,83.0,9.0,23.8,0.0,53.4,167.0
2025-04-04,Emergency,40.0,115.0,23.8,0.0,53.4,167.0
2025-04-04,General Medicine,201.0,27.0,23.8,0.0,53.4,167.0
2025-04-04,Orthopedics,87.0,31.0,23.8,0.0,53.4,167.0
2025-04-04,Pediatrics,145.0,29.0,23.8,0.0,53.4,167.0
2025-04-04,Pulmonology,86.0,26.0,23.8,0.0,53.4,167.0
2025-04-05,Cardiology,73.0,26.0,23.2,0.0,54.8,149.0
2025-04-05,Dermatology,47.0,4.0,23.2,0.0,54.8,149.0
2025-04-05,ENT,65.0,10.0,23.2,0.0,54.8,149.0
2025-04-05,Emergency,32.0,129.0,23.2,0.0,54.8,149.0
2025-04-05,General Medicine,168.0,39.0,23.2,0.0,54.8,149.0
2025-04-05,Orthopedics,81.0,27.0,23.2,0.0,54.8,149.0
2025-04-05,Pediatrics,114.0,40.0,23.2,0.0,54.8,149.0
2025-04-05,Pulmonology,81.0,16.0,23.2,0.0,54.8,149.0
2025-04-06,Cardiology,16.0,27.0,26.7,0.0,47.2,162.0
2025-04-06,Dermatology,14.0,6.0,26.7,0.0,47.2,162.0
2025-04-06,ENT,19.0,11.0,26.7,0.0,47.2,162.0
2025-04-06,Emergency,13.0,136.0,26.7,0.0,47.2,162.0
2025-04-06,General Medicine,52.0,28.0,26.7,0.0,47.2,162.0
2025-04-06,Orthopedics,28.0,36.0,26.7,0.0,47.2,162.0
2025-04-06,Pediatrics,46.0,35.0,26.7,0.0,47.2,162.0
2025-04-06,Pulmonology,21.0,27.0,26.7,0.0,47.2,162.0
2025-04-07,Cardiology,91.0,30.0,26.7,0.0,44.6,170.0
2025-04-07,Dermatology,53.0,7.0,26.7,0.0,44.6,170.0
2025-04-07,ENT,81.0,13.0,26.7,0.0,44.6,170.0
2025-04-07,Emergency,41.0,113.0,26.7,0.0,44.6,170.0
2025-04-07,General Medicine,215.0,30.0,26.7,0.0,44.6,170.0
2025-04-07,Orthopedics,99.0,31.0,26.7,0.0,44.6,170.0
2025-04-07,Pediatrics,154.0,33.0,26.7,0.0,44.6,170.0
2025-04-07,Pulmonology,97.0,18.0,26.7,0.0,44.6,170.0
2025-04-08,Cardiology,81.0,27.0,25.9,0.0,48.3,185.0
2025-04-08,Dermatology,55.0,7.0,25.9,0.0,48.3,185.0
2025-04-08,ENT,86.0,13.0,25.9,0.0,48.3,185.0
2025-04-08,Emergency,37.0,129.0,25.9,0.0,48.3,185.0
2025-04-08,General Medicine,200.0,33.0,25.9,0.0,,185.0
2025-04-08,Orthopedics,85.0,28.0,25.9,0.0,48.3,185.0
2025-04-08,Pediatrics,130.0,33.0,25.9,0.0,48.3,185.0
2025-04-08,Pulmonology,98.0,28.0,25.9,0.0,48.3,185.0
2025-04-09,Cardiology,80.0,25.0,26.5,0.0,53.7,165.0
2025-04-09,Dermatology,57.0,5.0,26.5,0.0,53.7,165.0
2025-04-09,ENT,77.0,11.0,26.5,0.0,53.7,165.0
2025-04-09,Emergency,36.0,126.0,26.5,0.0,53.7,165.0
2025-04-09,General Medicine,184.0,31.0,26.5,0.0,53.7,165.0
2025-04-09,Orthopedics,89.0,27.0,26.5,0.0,53.7,165.0
2025-04-09,Pediatrics,153.0,37.0,26.5,0.0,53.7,165.0
2025-04-09,Pulmonology,84.0,24.0,26.5,0.0,53.7,165.0
2025-04-10,Cardiology,81.0,25.0,26.6,0.0,53.1,157.0
2025-04-10,Dermatology,55.0,4.0,26.6,0.0,53.1,157.0
2025-04-10,ENT,80.0,13.0,26.6,0.0,53.1,157.0
2025-04-10,Emergency,35.0,122.0,26.6,0.0,53.1,157.0
2025-04-10,General Medicine,189.0,25.0,26.6,0.0,53.1,157.0
2025-04-10,Orthopedics,96.0,28.0,26.6,0.0,53.1,157.0
2025-04-10,Pediatrics,141.0,40.0,26.6,0.0,53.1,157.0
2025-04-10,Pulmonology,80.0,21.0,26.6,0.0,53.1,157.0
2025-04-11,Cardiology,72.0,28.0,26.6,0.0,50.4,132.0
2025-04-11,Dermatology,56.0,8.0,26.6,0.0,50.4,132.0
2025-04-11,ENT,63.0,8.0,26.6,0.0,50.4,132.0
2025-04-11,Emergency,35.0,99.0,26.6,0.0,50.4,132.0
2025-04-11,General Medicine,177.0,33.0,26.6,0.0,50.4,132.0
2025-04-11,Orthopedics,100.0,30.0,26.6,0.0,50.4,132.0
2025-04-11,Pediatrics,138.0,36.0,26.6,0.0,50.4,132.0
2025-04-11,Pulmonology,73.0,20.0,26.6,0.0,50.4,132.0
2025-04-12,Cardiology,74.0,25.0,27.7,0.0,49.5,131.0
2025-04-12,Dermatology,51.0,3.0,27.7,0.0,49.5,131.0
2025-04-12,ENT,54.0,14.0,27.7,0.0,49.5,131.0
2025-04-12,Emergency,32.0,118.0,27.7,0.0,49.5,131.0
2025-04-12,General Medicine,162.0,35.0,27.7,0.0,49.5,131.0
2025-04-12,Orthopedics,87.0,26.0,27.7,0.0,49.5,131.0
2025-04-12,Pediatrics,121.0,32.0,27.7,0.0,49.5,
2025-04-12,Pulmonology,64.0,18.0,27.7,0.0,49.5,131.0
2025-04-13,Cardiology,19.0,35.0,28.6,0.0,44.5,151.0
2025-04-13,Dermatology,18.0,6.0,28.6,0.0,44.5,151.0
2025-04-13,ENT,22.0,13.0,28.6,0.0,44.5,151.0
2025-04-13,Emergency,9.0,133.0,28.6,0.0,44.5,151.0
2025-04-13,General Medicine,55.0,37.0,28.6,0.0,44.5,151.0
2025-04-13,Orthopedics,20.0,32.0,28.6,0.0,44.5,151.0
2025-04-13,Pediatrics,36.0,40.0,28.6,0.0,44.5,151.0
2025-04-13,Pulmonology,29.0,23.0,28.6,0.0,44.5,151.0
2025-04-14,Cardiology,100.0,21.0,27.7,0.0,48.5,144.0
2025-04-14,Dermatology,69.0,9.0,27.7,0.0,48.5,144.0
2025-04-14,ENT,75.0,10.0,27.7,0.0,48.5,144.0
2025-04-14,Emergency,37.0,115.0,27.7,0.0,48.5,144.0
2025-04-14,General Medicine,201.0,27.0,27.7,0.0,48.5,144.0
2025-04-14,Orthopedics,98.0,30.0,27.7,0.0,48.5,144.0
2025-04-14,Pediatrics,146.0,37.0,27.7,0.0,48.5,144.0
2025-04-14,Pulmonology,79.0,18.0,27.7,0.0,48.5,144.0
2025-04-15,Cardiology,73.0,18.0,27.2,0.0,51.8,154.0
2025-04-15,Dermatology,59.0,4.0,27.2,0.0,51.8,154.0
2025-04-15,ENT,59.0,13.0,27.2,0.0,51.8,154.0
2025-04-15,Emergency,35.0,111.0,27.2,0.0,51.8,154.0
2025-04-15,General Medicine,191.0,30.0,27.2,0.0,51.8,154.0
2025-04-15,Orthopedics,97.0,28.0,27.2,0.0,51.8,154.0
2025-04-15,Pediatrics,132.0,30.0,27.2,0.0,51.8,154.0
2025-04-15,Pulmonology,80.0,16.0,27.2,0.0,51.8,154.0
2025-04-16,Cardiology,78.0,32.0,27.2,0.0,49.1,150.0
2025-04-16,Dermatology,58.0,7.0,27.2,0.0,49.1,150.0
2025-04-16,ENT,73.0,5.0,27.2,0.0,49.1,150.0
2025-04-16,Emergency,35.0,109.0,27.2,0.0,49.1,150.0
2025-04-16,General Medicine,174.0,32.0,27.2,0.0,49.1,150.0
2025-04-16,Orthopedics,90.0,23.0,27.2,0.0,49.1,150.0
2025-04-16,Pediatrics,136.0,29.0,27.2,0.0,49.1,150.0
2025-04-16,Pulmonology,82.0,19.0,27.2,0.0,49.1,150.0
2025-04-17,Cardiology,76.0,29.0,24.9,0.0,48.2,154.0
2025-04-17,Dermatology,53.0,0.0,24.9,0.0,48.2,154.0
2025-04-17,ENT,76.0,12.0,24.9,0.0,48.2,154.0
2025-04-17,Emergency,44.0,128.0,24.9,0.0,48.2,154.0
2025-04-17,General Medicine,188.0,27.0,24.9,0.0,48.2,154.0
2025-04-17,Orthopedics,103.0,36.0,24.9,0.0,48.2,154.0
2025-04-17,Pediatrics,134.0,34.0,24.9,0.0,48.2,154.0
2025-04-17,Pulmonology,85.0,19.0,24.9,0.0,48.2,154.0
2025-04-18,Cardiology,81.0,20.0,24.4,0.0,49.9,136.0
2025-04-18,Dermatology,46.0,5.0,24.4,0.0,49.9,136.0
2025-04-18,ENT,67.0,14.0,24.4,0.0,49.9,136.0
2025-04-18,Emergency,41.0,126.0,24.4,0.0,49.9,136.0
2025-04-18,General Medicine,206.0,31.0,24.4,0.0,49.9,136.0
2025-04-18,Orthopedics,95.0,25.0,24.4,0.0,49.9,136.0
2025-04-18,Pediatrics,146.0,40.0,24.4,0.0,49.9,136.0
2025-04-18,Pulmonology,74.0,19.0,24.4,0.0,49.9,136.0
2025-04-19,Cardiology,68.0,28.0,27.6,0.0,47.2,141.0
2025-04-19,Dermatology,50.0,7.0,27.6,0.0,47.2,141.0
2025-04-19,ENT,60.0,9.0,27.6,0.0,47.2,141.0
2025-04-19,Emergency,35.0,128.0,27.6,0.0,47.2,141.0
2025-04-19,General Medicine,165.0,23.0,27.6,0.0,47.2,141.0
2025-04-19,Orthopedics,82.0,25.0,27.6,0.0,47.2,141.0
2025-04-19,Pediatrics,115.0,33.0,27.6,0.0,47.2,141.0
2025-04-19,Pulmonology,69.0,22.0,27.6,0.0,47.2,141.0
2025-04-20,Cardiology,22.0,27.0,30.1,0.0,46.7,102.0
2025-04-20,Dermatology,19.0,6.0,30.1,0.0,46.7,102.0
2025-04-20,ENT,13.0,12.0,30.1,0.0,46.7,102.0
2025-04-20,Emergency,11.0,132.0,30.1,0.0,46.7,102.0
2025-04-20,General Medicine,53.0,36.0,30.1,0.0,46.7,102.0
2025-04-20,Orthopedics,27.0,34.0,30.1,0.0,46.7,102.0
2025-04-20,Pediatrics,35.0,34.0,30.1,0.0,46.7,102.0
2025-04-20,Pulmonology,17.0,13.0,30.1,0.0,46.7,102.0
2025-04-20,Pulmonology,17.0,13.0,30.1,0.0,46.7,102.0
2025-04-21,Cardiology,91.0,22.0,29.5,0.0,54.8,113.0
2025-04-21,Dermatology,77.0,9.0,29.5,0.0,54.8,113.0
2025-04-21,ENT,68.0,9.0,29.5,0.0,54.8,113.0
2025-04-21,Emergency,42.0,133.0,29.5,0.0,54.8,113.0
2025-04-21,General Medicine,235.0,24.0,29.5,0.0,54.8,113.0
2025-04-21,Orthopedics,108.0,28.0,29.5,0.0,54.8,113.0
2025-04-21,Pediatrics,157.0,26.0,29.5,0.0,54.8,113.0
2025-04-21,Pulmonology,73.0,15.0,29.5,0.0,54.8,113.0
2025-04-22,Cardiology,77.0,21.0,30.2,0.0,51.0,101.0
2025-04-22,Dermatology,69.0,9.0,30.2,0.0,51.0,101.0
2025-04-22,ENT,57.0,9.0,30.2,0.0,51.0,101.0
2025-04-22,Emergency,36.0,106.0,30.2,0.0,51.0,101.0
2025-04-22,General Medicine,188.0,25.0,30.2,0.0,51.0,101.0
2025-04-22,Orthopedics,98.0,29.0,30.2,0.0,51.0,101.0
2025-04-22,Pediatrics,132.0,30.0,30.2,0.0,51.0,101.0
2025-04-22,Pulmonology,54.0,12.0,30.2,0.0,51.0,101.0
2025-04-23,Cardiology,77.0,27.0,30.3,0.0,48.4,132.0
2025-04-23,Dermatology,63.0,6.0,30.3,0.0,48.4,132.0
2025-04-23,ENT,61.0,10.0,30.3,0.0,48.4,132.0
2025-04-23,Emergency,42.0,117.0,30.3,0.0,48.4,132.0
2025-04-23,General Medicine,,27.0,30.3,0.0,48.4,132.0
2025-04-23,Orthopedics,92.0,29.0,30.3,0.0,48.4,132.0
2025-04-23,Pediatrics,132.0,29.0,30.3,0.0,48.4,132.0
2025-04-23,Pulmonology,67.0,20.0,30.3,0.0,48.4,132.0
2025-04-24,Cardiology,81.0,28.0,33.8,0.0,44.7,148.0
2025-04-24,Dermatology,79.0,3.0,33.8,0.0,44.7,148.0
2025-04-24,ENT,62.0,8.0,33.8,0.0,44.7,148.0
2025-04-24,Emergency,36.0,110.0,33.8,0.0,44.7,148.0
2025-04-24,General Medicine,178.0,25.0,33.8,0.0,44.7,148.0
2025-04-24,Orthopedics,85.0,33.0,33.8,0.0,44.7,148.0
2025-04-24,Pediatrics,136.0,37.0,33.8,0.0,44.7,148.0
2025-04-24,Pulmonology,81.0,23.0,33.8,0.0,44.7,148.0
2025-04-25,Cardiology,76.0,31.0,33.8,0.0,48.1,155.0
2025-04-25,Dermatology,81.0,5.0,33.8,0.0,48.1,155.0
2025-04-25,ENT,71.0,7.0,33.8,0.0,48.1,155.0
2025-04-25,Emergency,36.0,108.0,33.8,0.0,48.1,155.0
2025-04-25,General Medicine,191.0,,33.8,0.0,48.1,155.0
2025-04-25,Orthopedics,97.0,30.0,33.8,0.0,48.1,155.0
2025-04-25,Pediatrics,142.0,29.0,33.8,0.0,48.1,155.0
2025-04-25,Pulmonology,87.0,20.0,33.8,0.0,48.1,155.0
2025-04-26,Cardiology,73.0,28.0,32.4,0.0,47.3,174.0
2025-04-26,Dermatology,62.0,6.0,32.4,0.0,47.3,174.0
2025-04-26,ENT,68.0,7.0,32.4,0.0,47.3,174.0
2025-04-26,Emergency,35.0,115.0,32.4,0.0,47.3,174.0
2025-04-26,General Medicine,162.0,27.0,32.4,0.0,,174.0
2025-04-26,Orthopedics,85.0,30.0,32.4,0.0,47.3,174.0
2025-04-26,Pediatrics,114.0,28.0,32.4,0.0,47.3,174.0
2025-04-26,Pulmonology,74.0,21.0,32.4,0.0,47.3,174.0
2025-04-27,Cardiology,22.0,36.0,30.5,0.0,45.6,153.0
2025-04-27,Dermatology,15.0,5.0,30.5,0.0,45.6,153.0
2025-04-27,ENT,17.0,9.0,30.5,0.0,45.6,153.0
2025-04-27,Emergency,10.0,127.0,30.5,0.0,45.6,153.0
2025-04-27,General Medicine,52.0,32.0,30.5,0.0,45.6,153.0
2025-04-27,Orthopedics,26.0,35.0,30.5,0.0,45.6,153.0
2025-04-27,Pediatrics,35.0,32.0,30.5,0.0,45.6,153.0
2025-04-27,Pulmonology,19.0,28.0,30.5,0.0,45.6,153.0
2025-04-28,Cardiology,84.0,28.0,28.6,0.0,51.8,177.0
2025-04-28,Dermatology,69.0,7.0,28.6,0.0,51.8,177.0
2025-04-28,ENT,88.0,12.0,28.6,0.0,51.8,177.0
2025-04-28,Emergency,46.0,108.0,28.6,0.0,51.8,177.0
2025-04-28,General Medicine,,24.0,28.6,0.0,51.8,177.0
2025-04-28,Orthopedics,110.0,26.0,28.6,0.0,51.8,177.0
2025-04-28,Pediatrics,155.0,33.0,28.6,0.0,51.8,177.0
2025-04-28,Pulmonology,107.0,15.0,28.6,0.0,51.8,177.0
2025-04-29,Cardiology,85.0,29.0,29.6,0.0,55.0,181.0
2025-04-29,Cardiology,85.0,29.0,29.6,0.0,55.0,181.0
2025-04-29,Dermatology,73.0,7.0,29.6,0.0,55.0,181.0
2025-04-29,ENT,84.0,3.0,29.6,0.0,55.0,181.0
2025-04-29,Emergency,34.0,107.0,29.6,0.0,55.0,181.0
2025-04-29,General Medicine,201.0,25.0,29.6,0.0,55.0,181.0
2025-04-29,Orthopedics,94.0,22.0,29.6,0.0,55.0,181.0
2025-04-29,Pediatrics,158.0,29.0,29.6,0.0,55.0,181.0
2025-04-29,Pulmonology,103.0,23.0,29.6,0.0,55.0,181.0
2025-04-30,Cardiology,75.0,28.0,29.1,0.0,58.2,150.0
2025-04-30,Dermatology,76.0,4.0,29.1,0.0,58.2,150.0
2025-04-30,ENT,76.0,12.0,29.1,0.0,58.2,150.0
2025-04-30,Emergency,36.0,127.0,29.1,0.0,58.2,150.0
2025-04-30,General Medicine,197.0,29.0,29.1,0.0,58.2,150.0
2025-04-30,Orthopedics,94.0,37.0,29.1,0.0,58.2,150.0
2025-04-30,Pediatrics,142.0,35.0,29.1,0.0,58.2,150.0
2025-04-30,Pulmonology,89.0,23.0,29.1,0.0,58.2,150.0
2025-05-01,Cardiology,82.0,29.0,28.1,0.0,51.1,160.0
2025-05-01,Dermatology,66.0,6.0,28.1,0.0,51.1,160.0
2025-05-01,ENT,77.0,9.0,28.1,0.0,51.1,160.0
2025-05-01,Emergency,37.0,101.0,28.1,0.0,51.1,160.0
2025-05-01,General Medicine,194.0,19.0,28.1,0.0,51.1,160.0
2025-05-01,Orthopedics,94.0,32.0,28.1,0.0,51.1,160.0
2025-05-01,Pediatrics,139.0,30.0,28.1,0.0,51.1,160.0
2025-05-01,Pulmonology,89.0,27.0,28.1,0.0,51.1,160.0
2025-05-02,Cardiology,79.0,22.0,28.4,0.0,56.7,136.0
2025-05-02,Dermatology,69.0,5.0,28.4,0.0,56.7,136.0
2025-05-02,ENT,66.0,10.0,28.4,0.0,56.7,136.0
2025-05-02,Emergency,38.0,117.0,28.4,0.0,56.7,136.0
2025-05-02,General Medicine,196.0,29.0,28.4,0.0,56.7,136.0
2025-05-02,Orthopedics,99.0,34.0,28.4,0.0,56.7,136.0
2025-05-02,Pediatrics,151.0,35.0,,0.0,56.7,136.0
2025-05-02,Pulmonology,81.0,23.0,28.4,0.0,56.7,136.0
2025-05-03,Cardiology,71.0,27.0,28.2,5.3,55.4,119.0
2025-05-03,Dermatology,55.0,8.0,28.2,5.3,55.4,119.0
2025-05-03,ENT,58.0,11.0,28.2,5.3,55.4,119.0
2025-05-03,Emergency,41.0,136.0,28.2,5.3,55.4,119.0
2025-05-03,General Medicine,173.0,33.0,28.2,5.3,55.4,119.0
2025-05-03,Orthopedics,72.0,47.0,28.2,5.3,55.4,119.0
2025-05-03,Pediatrics,130.0,44.0,28.2,5.3,55.4,119.0
2025-05-03,Pulmonology,59.0,14.0,28.2,5.3,55.4,119.0
2025-05-04,Cardiology,24.0,23.0,31.4,5.9,58.0,112.0
2025-05-04,Dermatology,24.0,7.0,31.4,5.9,58.0,112.0
2025-05-04,ENT,15.0,10.0,31.4,5.9,58.0,112.0
2025-05-04,Emergency,8.0,140.0,31.4,5.9,58.0,112.0
2025-05-04,General Medicine,52.0,37.0,31.4,5.9,58.0,112.0
2025-05-04,Orthopedics,18.0,47.0,31.4,5.9,58.0,112.0
2025-05-04,Pediatrics,,39.0,31.4,5.9,58.0,112.0
2025-05-04,Pulmonology,22.0,17.0,31.4,5.9,58.0,112.0
2025-05-05,Cardiology,87.0,25.0,32.6,0.0,48.8,113.0
2025-05-05,Dermatology,84.0,8.0,32.6,0.0,48.8,113.0
2025-05-05,ENT,60.0,8.0,32.6,0.0,48.8,113.0
2025-05-05,Emergency,41.0,109.0,32.6,0.0,48.8,113.0
2025-05-05,General Medicine,224.0,28.0,32.6,0.0,48.8,113.0
2025-05-05,Orthopedics,97.0,32.0,32.6,0.0,48.8,113.0
2025-05-05,Pediatrics,158.0,38.0,32.6,0.0,48.8,113.0
2025-05-05,Pulmonology,79.0,19.0,32.6,0.0,48.8,113.0
2025-05-06,Cardiology,84.0,31.0,32.4,5.7,55.7,100.0
2025-05-06,Dermatology,83.0,5.0,32.4,5.7,55.7,100.0
2025-05-06,ENT,51.0,7.0,32.4,5.7,55.7,100.0
2025-05-06,Emergency,42.0,117.0,32.4,,55.7,100.0
2025-05-06,General Medicine,208.0,26.0,32.4,5.7,55.7,100.0
2025-05-06,Orthopedics,78.0,49.0,32.4,5.7,55.7,100.0
2025-05-06,Pediatrics,150.0,29.0,32.4,5.7,55.7,100.0
2025-05-06,Pulmonology,59.0,14.0,32.4,5.7,55.7,100.0
2025-05-07,Cardiology,87.0,29.0,34.1,0.0,49.8,129.0
2025-05-07,Dermatology,81.0,6.0,34.1,0.0,49.8,129.0
2025-05-07,ENT,62.0,3.0,34.1,0.0,49.8,129.0
2025-05-07,Emergency,43.0,120.0,34.1,0.0,49.8,129.0
2025-05-07,General Medicine,191.0,26.0,34.1,0.0,49.8,129.0
2025-05-07,Orthopedics,93.0,35.0,34.1,0.0,49.8,129.0
2025-05-07,Pediatrics,128.0,27.0,34.1,0.0,49.8,129.0
2025-05-07,Pulmonology,78.0,19.0,34.1,0.0,49.8,
2025-05-08,Cardiology,83.0,21.0,33.6,2.1,54.8,124.0
2025-05-08,Dermatology,80.0,4.0,33.6,2.1,54.8,124.0
2025-05-08,ENT,64.0,12.0,33.6,2.1,54.8,124.0
2025-05-08,Emergency,35.0,126.0,33.6,2.1,54.8,124.0
2025-05-08,General Medicine,199.0,30.0,33.6,2.1,54.8,124.0
2025-05-08,Orthopedics,83.0,38.0,33.6,2.1,54.8,124.0
2025-05-08,Pediatrics,150.0,32.0,33.6,2.1,54.8,124.0
2025-05-08,Pulmonology,72.0,19.0,33.6,2.1,54.8,124.0
2025-05-09,Cardiology,84.0,26.0,32.2,0.0,54.9,132.0
2025-05-09,Dermatology,80.0,8.0,32.2,0.0,54.9,132.0
2025-05-09,ENT,70.0,11.0,32.2,0.0,54.9,132.0
2025-05-09,Emergency,38.0,122.0,32.2,0.0,54.9,132.0
2025-05-09,General Medicine,186.0,27.0,32.2,0.0,54.9,132.0
2025-05-09,Orthopedics,98.0,32.0,32.2,0.0,54.9,132.0
2025-05-09,Pediatrics,130.0,29.0,32.2,0.0,54.9,132.0
2025-05-09,Pulmonology,74.0,18.0,32.2,0.0,54.9,132.0
2025-05-10,Cardiology,66.0,25.0,34.2,0.0,50.9,123.0
2025-05-10,Dermatology,77.0,7.0,34.2,0.0,50.9,123.0
2025-05-10,ENT,49.0,9.0,34.2,0.0,50.9,123.0
2025-05-10,Emergency,30.0,118.0,34.2,0.0,50.9,123.0
2025-05-10,General Medicine,170.0,34.0,34.2,0.0,50.9,123.0
2025-05-10,Orthopedics,85.0,34.0,34.2,0.0,50.9,123.0
2025-05-10,Pediatrics,126.0,30.0,34.2,0.0,50.9,123.0
2025-05-10,Pulmonology,64.0,13.0,34.2,0.0,50.9,123.0
2025-05-11,Cardiology,26.0,35.0,34.4,0.0,50.8,100.0
2025-05-11,Dermatology,26.0,7.0,34.4,0.0,50.8,100.0
2025-05-11,ENT,14.0,9.0,34.4,0.0,50.8,100.0
2025-05-11,Emergency,3.0,120.0,34.4,0.0,50.8,100.0
2025-05-11,General Medicine,53.0,27.0,34.4,0.0,50.8,100.0
2025-05-11,Orthopedics,28.0,29.0,34.4,0.0,50.8,100.0
2025-05-11,Pediatrics,43.0,31.0,34.4,0.0,50.8,100.0
2025-05-11,Pulmonology,19.0,14.0,34.4,0.0,50.8,100.0
2025-05-12,Cardiology,98.0,31.0,32.6,0.0,55.2,113.0
2025-05-12,Dermatology,92.0,3.0,32.6,0.0,55.2,113.0
2025-05-12,ENT,71.0,10.0,32.6,0.0,55.2,113.0
2025-05-12,Emergency,42.0,125.0,32.6,0.0,55.2,113.0
2025-05-12,General Medicine,229.0,26.0,32.6,0.0,55.2,113.0
2025-05-12,Orthopedics,120.0,39.0,32.6,0.0,55.2,113.0
2025-05-12,Pediatrics,156.0,35.0,32.6,0.0,55.2,113.0
2025-05-12,Pulmonology,70.0,11.0,32.6,0.0,55.2,113.0
2025-05-13,Cardiology,82.0,27.0,32.6,0.0,55.4,91.0
2025-05-13,Dermatology,80.0,8.0,32.6,0.0,55.4,91.0
2025-05-13,ENT,52.0,9.0,32.6,0.0,55.4,91.0
2025-05-13,Emergency,35.0,126.0,32.6,0.0,55.4,91.0
2025-05-13,General Medicine,196.0,24.0,32.6,0.0,55.4,91.0
2025-05-13,Orthopedics,96.0,17.0,32.6,0.0,55.4,91.0
2025-05-13,Pediatrics,138.0,35.0,32.6,0.0,55.4,91.0
2025-05-13,Pulmonology,58.0,12.0,32.6,0.0,55.4,91.0
2025-05-14,Cardiology,79.0,25.0,31.8,0.0,57.5,102.0
2025-05-14,Dermatology,89.0,7.0,31.8,0.0,57.5,102.0
2025-05-14,ENT,58.0,12.0,31.8,0.0,57.5,102.0
2025-05-14,Emergency,34.0,108.0,31.8,0.0,57.5,102.0
2025-05-14,General Medicine,199.0,31.0,31.8,0.0,57.5,102.0
2025-05-14,Orthopedics,99.0,23.0,31.8,0.0,57.5,102.0
2025-05-14,Pediatrics,129.0,31.0,31.8,0.0,57.5,102.0
2025-05-14,Pulmonology,60.0,14.0,31.8,0.0,57.5,102.0
2025-05-15,Cardiology,77.0,28.0,30.8,0.0,63.8,91.0
2025-05-15,Dermatology,87.0,7.0,30.8,0.0,63.8,91.0
2025-05-15,ENT,62.0,13.0,30.8,0.0,63.8,91.0
2025-05-15,Emergency,38.0,122.0,30.8,0.0,63.8,91.0
2025-05-15,General Medicine,196.0,33.0,30.8,0.0,63.8,91.0
2025-05-15,Orthopedics,95.0,33.0,30.8,0.0,63.8,91.0
2025-05-15,Pediatrics,148.0,34.0,30.8,0.0,63.8,91.0
2025-05-15,Pulmonology,65.0,18.0,30.8,0.0,63.8,91.0
2025-05-16,Cardiology,73.0,29.0,32.9,0.0,54.3,131.0
2025-05-16,Dermatology,82.0,7.0,32.9,0.0,54.3,131.0
2025-05-16,ENT,64.0,10.0,32.9,0.0,54.3,131.0
2025-05-16,Emergency,,114.0,32.9,0.0,54.3,131.0
2025-05-16,General Medicine,188.0,25.0,32.9,0.0,54.3,131.0
2025-05-16,Orthopedics,103.0,29.0,32.9,0.0,54.3,131.0
2025-05-16,Pediatrics,138.0,32.0,32.9,0.0,54.3,131.0
2025-05-16,Pulmonology,64.0,26.0,32.9,0.0,54.3,131.0
2025-05-17,Cardiology,71.0,27.0,35.5,0.0,59.2,144.0
2025-05-17,Dermatology,83.0,7.0,35.5,0.0,59.2,144.0
2025-05-17,ENT,64.0,14.0,35.5,0.0,59.2,144.0
2025-05-17,Emergency,33.0,139.0,35.5,0.0,59.2,144.0
2025-05-17,General Medicine,173.0,25.0,35.5,0.0,59.2,144.0
2025-05-17,Orthopedics,85.0,38.0,35.5,0.0,59.2,144.0
2025-05-17,Pediatrics,127.0,35.0,35.5,,59.2,144.0
2025-05-17,Pulmonology,79.0,22.0,35.5,0.0,59.2,144.0
2025-05-18,Cardiology,24.0,19.0,33.3,0.0,58.2,141.0
2025-05-18,Dermatology,23.0,7.0,33.3,0.0,58.2,141.0
2025-05-18,ENT,16.0,12.0,33.3,0.0,58.2,141.0
2025-05-18,Emergency,15.0,136.0,33.3,0.0,58.2,141.0
2025-05-18,General Medicine,54.0,29.0,33.3,0.0,58.2,141.0
2025-05-18,Orthopedics,23.0,32.0,33.3,0.0,58.2,141.0
2025-05-18,Pediatrics,42.0,35.0,33.3,0.0,58.2,141.0
2025-05-18,Pulmonology,23.0,22.0,33.3,0.0,58.2,141.0
2025-05-19,Cardiology,87.0,23.0,34.3,23.5,58.4,140.0
2025-05-19,Dermatology,101.0,7.0,34.3,23.5,58.4,140.0
2025-05-19,ENT,76.0,15.0,34.3,23.5,58.4,140.0
2025-05-19,Emergency,49.0,127.0,34.3,23.5,58.4,140.0
2025-05-19,General Medicine,239.0,38.0,34.3,23.5,58.4,140.0
2025-05-19,Orthopedics,74.0,59.0,34.3,23.5,58.4,140.0
2025-05-19,Pediatrics,199.0,48.0,34.3,23.5,58.4,140.0
2025-05-19,Pulmonology,96.0,23.0,34.3,23.5,58.4,140.0
2025-05-20,Cardiology,74.0,23.0,33.5,0.0,49.3,136.0
2025-05-20,Dermatology,87.0,2.0,33.5,0.0,49.3,136.0
2025-05-20,ENT,60.0,8.0,33.5,0.0,49.3,136.0
2025-05-20,Emergency,37.0,112.0,33.5,0.0,49.3,136.0
2025-05-20,General Medicine,185.0,26.0,33.5,,49.3,136.0
2025-05-20,Orthopedics,100.0,35.0,33.5,0.0,49.3,136.0
2025-05-20,Pediatrics,130.0,30.0,33.5,0.0,49.3,136.0
2025-05-20,Pulmonology,83.0,20.0,33.5,0.0,49.3,136.0
2025-05-21,Cardiology,70.0,22.0,33.3,0.0,50.8,142.0
2025-05-21,Dermatology,75.0,6.0,33.3,0.0,50.8,142.0
2025-05-21,ENT,63.0,8.0,33.3,0.0,50.8,142.0
2025-05-21,Emergency,34.0,113.0,33.3,0.0,50.8,142.0
2025-05-21,General Medicine,185.0,29.0,33.3,0.0,50.8,142.0
2025-05-21,Orthopedics,89.0,28.0,33.3,0.0,50.8,142.0
2025-05-21,Pediatrics,137.0,29.0,33.3,0.0,50.8,142.0
2025-05-21,Pulmonology,76.0,18.0,33.3,0.0,50.8,142.0
2025-05-22,Cardiology,76.0,27.0,33.0,0.0,55.7,141.0
2025-05-22,Dermatology,88.0,6.0,33.0,0.0,,141.0
2025-05-22,ENT,73.0,8.0,33.0,,55.7,141.0
2025-05-22,Emergency,37.0,119.0,33.0,0.0,55.7,141.0
2025-05-22,General Medicine,183.0,31.0,33.0,0.0,55.7,141.0
2025-05-22,Orthopedics,103.0,32.0,33.0,0.0,55.7,141.0
2025-05-22,Pediatrics,144.0,32.0,33.0,0.0,55.7,141.0
2025-05-22,Pulmonology,84.0,20.0,33.0,0.0,55.7,141.0
2025-05-23,Cardiology,76.0,27.0,32.6,5.1,56.1,138.0
2025-05-23,Dermatology,80.0,5.0,32.6,5.1,56.1,138.0
2025-05-23,ENT,69.0,10.0,32.6,5.1,56.1,138.0
2025-05-23,Emergency,40.0,121.0,32.6,5.1,56.1,138.0
2025-05-23,General Medicine,202.0,33.0,32.6,5.1,56.1,138.0
2025-05-23,Orthopedics,79.0,40.0,32.6,5.1,56.1,138.0
2025-05-23,Pediatrics,164.0,30.0,32.6,5.1,56.1,138.0
2025-05-23,Pulmonology,76.0,30.0,32.6,5.1,56.1,138.0
2025-05-24,Cardiology,72.0,34.0,33.5,0.0,59.9,156.0
2025-05-24,Dermatology,81.0,5.0,33.5,0.0,59.9,156.0
2025-05-24,ENT,70.0,14.0,33.5,0.0,59.9,156.0
2025-05-24,Emergency,32.0,114.0,33.5,0.0,59.9,156.0
2025-05-24,General Medicine,184.0,36.0,33.5,0.0,59.9,156.0
2025-05-24,Orthopedics,90.0,33.0,33.5,0.0,59.9,156.0
2025-05-24,Pediatrics,129.0,29.0,33.5,0.0,59.9,156.0
2025-05-24,Pulmonology,86.0,27.0,33.5,0.0,59.9,156.0
2025-05-25,Cardiology,28.0,25.0,33.0,0.0,52.8,159.0
2025-05-25,Dermatology,22.0,5.0,33.0,0.0,52.8,159.0
2025-05-25,ENT,16.0,11.0,33.0,0.0,52.8,159.0
2025-05-25,Emergency,14.0,139.0,33.0,0.0,52.8,159.0
2025-05-25,Emergency,14.0,139.0,33.0,0.0,52.8,159.0
2025-05-25,General Medicine,54.0,31.0,33.0,0.0,52.8,159.0
2025-05-25,Orthopedics,21.0,36.0,33.0,0.0,52.8,159.0
2025-05-25,Pediatrics,41.0,35.0,33.0,0.0,52.8,159.0
2025-05-25,Pulmonology,29.0,22.0,33.0,0.0,52.8,159.0
2025-05-26,Cardiology,83.0,25.0,34.1,2.3,53.7,153.0
2025-05-26,Dermatology,94.0,3.0,34.1,2.3,53.7,153.0
2025-05-26,ENT,83.0,11.0,34.1,2.3,53.7,153.0
2025-05-26,Emergency,38.0,111.0,34.1,2.3,53.7,153.0
2025-05-26,General Medicine,219.0,32.0,34.1,2.3,53.7,153.0
2025-05-26,Orthopedics,97.0,40.0,34.1,2.3,53.7,153.0
2025-05-26,Pediatrics,166.0,29.0,34.1,2.3,53.7,153.0
2025-05-26,Pulmonology,96.0,24.0,34.1,2.3,53.7,153.0
2025-05-27,Cardiology,79.0,25.0,34.5,24.0,54.4,108.0
2025-05-27,Dermatology,90.0,4.0,34.5,,54.4,108.0
2025-05-27,ENT,63.0,9.0,34.5,24.0,54.4,108.0
2025-05-27,Emergency,49.0,123.0,34.5,24.0,54.4,108.0
2025-05-27,General Medicine,195.0,34.0,34.5,24.0,54.4,108.0
2025-05-27,Orthopedics,59.0,51.0,34.5,24.0,54.4,108.0
2025-05-27,Pediatrics,156.0,40.0,34.5,24.0,54.4,108.0
2025-05-27,Pulmonology,61.0,14.0,34.5,24.0,54.4,108.0
2025-05-28,Cardiology,77.0,26.0,34.6,0.0,52.4,112.0
2025-05-28,Dermatology,88.0,6.0,34.6,0.0,52.4,112.0
2025-05-28,ENT,57.0,7.0,34.6,0.0,52.4,112.0
2025-05-28,Emergency,37.0,79.0,34.6,0.0,52.4,112.0
2025-05-28,General Medicine,170.0,30.0,34.6,0.0,52.4,112.0
2025-05-28,Orthopedics,99.0,31.0,34.6,0.0,52.4,112.0
2025-05-28,Pediatrics,140.0,32.0,34.6,0.0,52.4,112.0
2025-05-28,Pulmonology,62.0,15.0,34.6,0.0,52.4,112.0
2025-05-29,Cardiology,82.0,18.0,33.8,0.0,56.5,116.0
2025-05-29,Dermatology,93.0,7.0,33.8,0.0,56.5,116.0
2025-05-29,ENT,62.0,10.0,33.8,0.0,56.5,116.0
2025-05-29,Emergency,36.0,109.0,33.8,0.0,56.5,116.0
2025-05-29,General Medicine,187.0,28.0,33.8,0.0,56.5,116.0
2025-05-29,Orthopedics,89.0,29.0,33.8,0.0,56.5,116.0
2025-05-29,Pediatrics,146.0,31.0,33.8,0.0,56.5,116.0
2025-05-29,Pulmonology,68.0,12.0,33.8,0.0,56.5,116.0
2025-05-30,Cardiology,84.0,29.0,33.8,0.0,54.2,122.0
2025-05-30,Dermatology,80.0,11.0,33.8,0.0,54.2,122.0
2025-05-30,ENT,65.0,14.0,33.8,0.0,54.2,122.0
2025-05-30,Emergency,40.0,107.0,33.8,0.0,54.2,122.0
2025-05-30,General Medicine,196.0,23.0,33.8,0.0,54.2,122.0
2025-05-30,Orthopedics,91.0,23.0,33.8,0.0,54.2,122.0
2025-05-30,Pediatrics,144.0,30.0,33.8,0.0,54.2,122.0
2025-05-30,Pulmonology,64.0,15.0,33.8,0.0,54.2,122.0
2025-05-31,Cardiology,65.0,40.0,35.5,19.6,48.9,96.0
2025-05-31,Dermatology,75.0,9.0,35.5,19.6,48.9,96.0
2025-05-31,ENT,44.0,8.0,35.5,19.6,48.9,96.0
2025-05-31,Emergency,38.0,134.0,35.5,19.6,48.9,96.0
2025-05-31,General Medicine,171.0,38.0,35.5,19.6,48.9,96.0
2025-05-31,Orthopedics,57.0,51.0,35.5,19.6,48.9,96.0
2025-05-31,Pediatrics,141.0,40.0,35.5,19.6,48.9,96.0
2025-05-31,Pulmonology,47.0,13.0,35.5,19.6,48.9,96.0
2025-06-01,Cardiology,19.0,30.0,36.3,0.0,48.7,149.0
2025-06-01,Dermatology,24.0,2.0,36.3,0.0,48.7,149.0
2025-06-01,ENT,16.0,10.0,36.3,0.0,48.7,149.0
2025-06-01,Emergency,14.0,122.0,36.3,0.0,48.7,149.0
2025-06-01,General Medicine,57.0,37.0,36.3,0.0,48.7,149.0
2025-06-01,Orthopedics,25.0,32.0,36.3,0.0,48.7,149.0
2025-06-01,Pediatrics,38.0,31.0,36.3,0.0,48.7,149.0
2025-06-01,Pulmonology,24.0,21.0,36.3,0.0,48.7,149.0
2025-06-02,Cardiology,89.0,24.0,35.1,0.0,52.6,165.0
2025-06-02,Dermatology,100.0,7.0,35.1,0.0,52.6,165.0
2025-06-02,ENT,91.0,14.0,35.1,0.0,52.6,165.0
2025-06-02,Emergency,43.0,127.0,35.1,0.0,52.6,165.0
2025-06-02,General Medicine,216.0,29.0,35.1,0.0,52.6,165.0
2025-06-02,Orthopedics,104.0,32.0,35.1,0.0,52.6,165.0
2025-06-02,Pediatrics,166.0,37.0,35.1,0.0,52.6,165.0
2025-06-02,Pulmonology,99.0,21.0,35.1,0.0,52.6,165.0
2025-06-03,Cardiology,80.0,24.0,35.6,7.2,56.0,158.0
2025-06-03,Dermatology,96.0,8.0,35.6,7.2,56.0,158.0
2025-06-03,ENT,75.0,13.0,35.6,,56.0,158.0
2025-06-03,Emergency,33.0,111.0,35.6,7.2,56.0,158.0
2025-06-03,General Medicine,196.0,36.0,35.6,7.2,56.0,158.0
2025-06-03,Orthopedics,80.0,41.0,35.6,7.2,56.0,158.0
2025-06-03,Pediatrics,166.0,42.0,35.6,7.2,56.0,158.0
2025-06-03,Pulmonology,83.0,22.0,35.6,7.2,56.0,158.0
2025-06-04,Cardiology,82.0,28.0,36.8,0.0,58.1,154.0
2025-06-04,Dermatology,89.0,8.0,36.8,0.0,58.1,154.0
2025-06-04,ENT,82.0,14.0,36.8,0.0,58.1,154.0
2025-06-04,Emergency,39.0,122.0,36.8,0.0,58.1,154.0
2025-06-04,General Medicine,184.0,25.0,36.8,0.0,58.1,154.0
2025-06-04,Orthopedics,97.0,28.0,36.8,0.0,58.1,154.0
2025-06-04,Pediatrics,146.0,33.0,36.8,0.0,58.1,154.0
2025-06-04,Pulmonology,84.0,18.0,36.8,0.0,58.1,154.0
2025-06-05,Cardiology,84.0,27.0,34.7,0.0,53.2,144.0
2025-06-05,Dermatology,82.0,9.0,34.7,0.0,53.2,144.0
2025-06-05,ENT,69.0,13.0,34.7,0.0,53.2,144.0
2025-06-05,Emergency,41.0,120.0,34.7,0.0,,144.0
2025-06-05,General Medicine,206.0,26.0,34.7,0.0,53.2,144.0
2025-06-05,Orthopedics,87.0,36.0,34.7,0.0,53.2,144.0
2025-06-05,Pediatrics,147.0,33.0,34.7,0.0,53.2,144.0
2025-06-05,Pulmonology,87.0,20.0,34.7,0.0,53.2,144.0
2025-06-06,Cardiology,75.0,27.0,36.0,0.0,55.5,127.0
2025-06-06,Dermatology,93.0,6.0,36.0,0.0,55.5,127.0
2025-06-06,ENT,64.0,11.0,36.0,0.0,55.5,127.0
2025-06-06,Emergency,36.0,126.0,36.0,0.0,55.5,127.0
2025-06-06,General Medicine,198.0,30.0,36.0,0.0,55.5,127.0
2025-06-06,Orthopedics,103.0,34.0,36.0,0.0,55.5,127.0
2025-06-06,Pediatrics,125.0,32.0,36.0,0.0,55.5,127.0
2025-06-06,Pulmonology,69.0,15.0,36.0,0.0,55.5,127.0
2025-06-07,Cardiology,72.0,26.0,35.5,0.0,59.1,129.0
2025-06-07,Dermatology,85.0,6.0,35.5,0.0,59.1,129.0
2025-06-07,ENT,62.0,,35.5,0.0,59.1,129.0
2025-06-07,Emergency,37.0,117.0,35.5,0.0,59.1,129.0
2025-06-07,General Medicine,169.0,29.0,35.5,0.0,59.1,129.0
2025-06-07,Orthopedics,80.0,32.0,35.5,0.0,59.1,129.0
2025-06-07,Pediatrics,127.0,32.0,35.5,0.0,59.1,129.0
2025-06-07,Pulmonology,69.0,24.0,35.5,0.0,59.1,129.0
2025-06-08,Cardiology,19.0,39.0,,0.0,50.3,133.0
2025-06-08,Dermatology,33.0,6.0,36.7,0.0,50.3,133.0
2025-06-08,ENT,17.0,7.0,36.7,0.0,50.3,133.0
2025-06-08,Emergency,12.0,119.0,36.7,0.0,50.3,133.0
2025-06-08,General Medicine,50.0,31.0,36.7,0.0,50.3,133.0
2025-06-08,Orthopedics,29.0,28.0,36.7,0.0,50.3,133.0
2025-06-08,Pediatrics,35.0,39.0,36.7,0.0,50.3,133.0
2025-06-08,Pulmonology,25.0,20.0,,0.0,50.3,133.0
2025-06-09,Cardiology,91.0,21.0,35.9,0.0,53.0,115.0
2025-06-09,Dermatology,96.0,5.0,35.9,0.0,53.0,115.0
2025-06-09,ENT,67.0,9.0,35.9,0.0,53.0,115.0
2025-06-09,Emergency,45.0,117.0,35.9,0.0,53.0,115.0
2025-06-09,General Medicine,215.0,26.0,35.9,0.0,53.0,115.0
2025-06-09,Orthopedics,122.0,32.0,35.9,0.0,53.0,115.0
2025-06-09,Pediatrics,146.0,29.0,35.9,0.0,53.0,115.0
2025-06-09,Pulmonology,71.0,18.0,35.9,0.0,53.0,115.0
2025-06-10,Cardiology,76.0,34.0,34.1,0.0,52.1,124.0
2025-06-10,Dermatology,92.0,9.0,34.1,0.0,52.1,124.0
2025-06-10,ENT,61.0,16.0,34.1,0.0,52.1,124.0
2025-06-10,Emergency,39.0,125.0,34.1,0.0,52.1,124.0
2025-06-10,General Medicine,200.0,27.0,34.1,0.0,52.1,124.0
2025-06-10,Orthopedics,92.0,40.0,34.1,0.0,52.1,124.0
2025-06-10,Pediatrics,148.0,31.0,34.1,0.0,52.1,124.0
2025-06-10,Pulmonology,63.0,15.0,34.1,0.0,52.1,124.0
2025-06-11,Cardiology,83.0,27.0,33.3,0.0,53.0,124.0
2025-06-11,Dermatology,85.0,8.0,33.3,0.0,53.0,124.0
2025-06-11,ENT,62.0,10.0,33.3,0.0,53.0,124.0
2025-06-11,Emergency,41.0,131.0,33.3,0.0,53.0,124.0
2025-06-11,General Medicine,193.0,28.0,33.3,0.0,53.0,124.0
2025-06-11,Orthopedics,79.0,32.0,33.3,0.0,53.0,124.0
2025-06-11,Pediatrics,137.0,31.0,33.3,0.0,53.0,124.0
2025-06-11,Pulmonology,71.0,21.0,33.3,0.0,53.0,124.0
2025-06-12,Cardiology,77.0,31.0,34.7,4.1,55.3,96.0
2025-06-12,Dermatology,85.0,9.0,34.7,4.1,55.3,96.0
2025-06-12,ENT,52.0,10.0,34.7,4.1,55.3,96.0
2025-06-12,Emergency,39.0,132.0,34.7,4.1,55.3,96.0
2025-06-12,General Medicine,194.0,32.0,34.7,4.1,55.3,96.0
2025-06-12,Orthopedics,77.0,36.0,34.7,4.1,55.3,96.0
2025-06-12,Pediatrics,167.0,27.0,34.7,4.1,55.3,96.0
2025-06-12,Pulmonology,61.0,15.0,34.7,4.1,55.3,96.0
2025-06-13,Cardiology,80.0,21.0,36.0,0.0,52.1,96.0
2025-06-13,Dermatology,87.0,4.0,36.0,0.0,52.1,96.0
2025-06-13,ENT,49.0,8.0,36.0,0.0,52.1,96.0
2025-06-13,Emergency,37.0,136.0,36.0,0.0,52.1,96.0
2025-06-13,General Medicine,185.0,28.0,36.0,0.0,52.1,96.0
2025-06-13,Orthopedics,91.0,30.0,36.0,0.0,52.1,96.0
2025-06-13,Pediatrics,125.0,25.0,36.0,0.0,52.1,96.0
2025-06-13,Pulmonology,62.0,8.0,36.0,0.0,52.1,96.0
2025-06-14,Cardiology,60.0,27.0,35.4,0.9,50.8,100.0
2025-06-14,Dermatology,74.0,5.0,35.4,0.9,50.8,100.0
2025-06-14,ENT,43.0,9.0,35.4,0.9,50.8,
2025-06-14,Emergency,31.0,133.0,35.4,0.9,50.8,100.0
2025-06-14,General Medicine,170.0,36.0,,0.9,50.8,100.0
2025-06-14,Orthopedics,86.0,43.0,35.4,0.9,50.8,100.0
2025-06-14,Pediatrics,128.0,41.0,35.4,0.9,50.8,100.0
2025-06-14,Pulmonology,54.0,13.0,35.4,0.9,50.8,100.0
2025-06-15,Cardiology,27.0,32.0,37.0,0.0,51.5,136.0
2025-06-15,Dermatology,25.0,11.0,37.0,0.0,51.5,136.0
2025-06-15,ENT,18.0,14.0,37.0,0.0,51.5,136.0
2025-06-15,Emergency,12.0,139.0,37.0,0.0,51.5,136.0
2025-06-15,General Medicine,49.0,35.0,37.0,0.0,51.5,136.0
2025-06-15,Orthopedics,28.0,39.0,37.0,0.0,51.5,136.0
2025-06-15,Pediatrics,40.0,29.0,37.0,0.0,51.5,136.0
2025-06-15,Pulmonology,24.0,19.0,37.0,0.0,51.5,136.0
2025-06-16,Cardiology,98.0,25.0,35.2,0.0,72.6,87.0
2025-06-16,Dermatology,116.0,7.0,35.2,0.0,72.6,87.0
2025-06-16,ENT,76.0,9.0,35.2,0.0,72.6,87.0
2025-06-16,Emergency,44.0,104.0,35.2,0.0,72.6,87.0
2025-06-16,General Medicine,205.0,29.0,35.2,0.0,72.6,87.0
2025-06-16,Orthopedics,99.0,36.0,35.2,0.0,72.6,87.0
2025-06-16,Pediatrics,168.0,29.0,35.2,0.0,72.6,87.0
2025-06-16,Pulmonology,66.0,16.0,35.2,0.0,72.6,87.0
2025-06-17,Cardiology,79.0,25.0,36.0,0.0,70.4,65.0
2025-06-17,Dermatology,107.0,6.0,36.0,0.0,70.4,65.0
2025-06-17,ENT,53.0,,36.0,0.0,70.4,65.0
2025-06-17,Emergency,40.0,119.0,36.0,0.0,70.4,65.0
2025-06-17,General Medicine,228.0,32.0,36.0,0.0,70.4,65.0
2025-06-17,Orthopedics,96.0,30.0,36.0,0.0,70.4,65.0
2025-06-17,Pediatrics,153.0,29.0,36.0,0.0,70.4,65.0
2025-06-17,Pulmonology,56.0,10.0,36.0,0.0,70.4,65.0
2025-06-18,Cardiology,86.0,23.0,35.2,33.2,83.1,53.0
2025-06-18,Dermatology,129.0,7.0,35.2,33.2,83.1,53.0
2025-06-18,ENT,59.0,10.0,35.2,33.2,83.1,53.0
2025-06-18,Emergency,48.0,111.0,35.2,33.2,83.1,53.0
2025-06-18,General Medicine,183.0,35.0,35.2,33.2,83.1,53.0
2025-06-18,Orthopedics,64.0,52.0,35.2,33.2,83.1,53.0
2025-06-18,Pediatrics,174.0,44.0,35.2,33.2,83.1,53.0
2025-06-18,Pulmonology,50.0,13.0,35.2,33.2,83.1,53.0
2025-06-19,Cardiology,75.0,26.0,35.4,0.0,72.4,53.0
2025-06-19,Dermatology,110.0,9.0,35.4,0.0,72.4,53.0
2025-06-19,ENT,49.0,7.0,35.4,0.0,72.4,53.0
2025-06-19,Emergency,38.0,111.0,35.4,0.0,72.4,53.0
2025-06-19,General Medicine,203.0,28.0,35.4,0.0,72.4,53.0
2025-06-19,Orthopedics,99.0,32.0,35.4,0.0,72.4,53.0
2025-06-19,Pediatrics,162.0,31.0,35.4,0.0,72.4,
2025-06-19,Pulmonology,42.0,8.0,35.4,0.0,72.4,53.0
2025-06-20,Cardiology,78.0,22.0,36.4,0.0,76.4,75.0
2025-06-20,Dermatology,119.0,3.0,36.4,0.0,76.4,75.0
2025-06-20,ENT,66.0,14.0,36.4,0.0,76.4,75.0
2025-06-20,Emergency,38.0,129.0,36.4,0.0,76.4,75.0
2025-06-20,General Medicine,195.0,28.0,36.4,0.0,76.4,75.0
2025-06-20,Orthopedics,101.0,36.0,36.4,0.0,76.4,75.0
2025-06-20,Pediatrics,154.0,25.0,36.4,0.0,76.4,75.0
2025-06-20,Pulmonology,59.0,14.0,36.4,0.0,76.4,75.0
2025-06-21,Cardiology,65.0,28.0,35.9,16.2,82.0,58.0
2025-06-21,Dermatology,101.0,4.0,35.9,16.2,82.0,58.0
2025-06-21,ENT,53.0,13.0,35.9,16.2,82.0,58.0
2025-06-21,Emergency,41.0,129.0,35.9,16.2,82.0,58.0
2025-06-21,General Medicine,185.0,27.0,35.9,16.2,82.0,58.0
2025-06-21,Orthopedics,57.0,51.0,35.9,16.2,82.0,58.0
2025-06-21,Pediatrics,156.0,50.0,35.9,16.2,82.0,58.0
2025-06-21,Pulmonology,47.0,15.0,35.9,16.2,82.0,58.0
2025-06-22,Cardiology,25.0,33.0,36.3,23.4,76.9,54.0
2025-06-22,Dermatology,28.0,8.0,36.3,23.4,76.9,54.0
2025-06-22,ENT,19.0,9.0,36.3,23.4,76.9,54.0
2025-06-22,Emergency,15.0,173.0,36.3,23.4,76.9,54.0
2025-06-22,General Medicine,56.0,37.0,36.3,23.4,76.9,54.0
2025-06-22,Orthopedics,20.0,53.0,36.3,23.4,76.9,54.0
2025-06-22,Pediatrics,56.0,49.0,36.3,23.4,76.9,54.0
2025-06-22,Pulmonology,15.0,16.0,36.3,23.4,76.9,54.0
2025-06-23,Cardiology,90.0,30.0,38.2,0.0,70.9,89.0
2025-06-23,Dermatology,134.0,10.0,38.2,0.0,70.9,89.0
2025-06-23,ENT,70.0,11.0,38.2,0.0,70.9,89.0
2025-06-23,Emergency,41.0,127.0,38.2,0.0,70.9,89.0
2025-06-23,General Medicine,228.0,26.0,38.2,0.0,70.9,89.0
2025-06-23,Orthopedics,107.0,31.0,38.2,0.0,70.9,89.0
2025-06-23,Pediatrics,174.0,31.0,38.2,0.0,70.9,89.0
2025-06-23,Pulmonology,64.0,12.0,38.2,0.0,70.9,89.0
2025-06-24,Cardiology,74.0,18.0,37.5,0.0,77.5,67.0
2025-06-24,Dermatology,122.0,5.0,37.5,0.0,77.5,67.0
2025-06-24,ENT,52.0,9.0,37.5,0.0,77.5,67.0
2025-06-24,Emergency,41.0,111.0,37.5,0.0,77.5,67.0
2025-06-24,General Medicine,199.0,28.0,37.5,0.0,77.5,67.0
2025-06-24,Orthopedics,96.0,35.0,37.5,0.0,77.5,67.0
2025-06-24,Pediatrics,160.0,36.0,37.5,0.0,77.5,67.0
2025-06-24,Pulmonology,54.0,16.0,37.5,0.0,77.5,67.0
2025-06-25,Cardiology,101.0,33.0,38.8,0.0,73.3,50.0
2025-06-25,Dermatology,132.0,11.0,38.8,0.0,73.3,50.0
2025-06-25,ENT,86.0,20.0,38.8,0.0,73.3,50.0
2025-06-25,Emergency,41.0,125.0,38.8,0.0,73.3,50.0
2025-06-25,General Medicine,214.0,35.0,38.8,0.0,73.3,50.0
2025-06-25,Orthopedics,83.0,35.0,38.8,0.0,73.3,50.0
2025-06-25,Pediatrics,148.0,38.0,38.8,0.0,73.3,50.0
2025-06-25,Pulmonology,41.0,12.0,38.8,0.0,73.3,50.0
2025-06-26,Cardiology,77.0,26.0,37.3,0.0,73.4,49.0
2025-06-26,Dermatology,119.0,6.0,37.3,0.0,73.4,49.0
2025-06-26,ENT,49.0,10.0,37.3,0.0,73.4,49.0
2025-06-26,Emergency,36.0,111.0,37.3,0.0,73.4,49.0
2025-06-26,General Medicine,185.0,27.0,37.3,0.0,73.4,49.0
2025-06-26,Orthopedics,95.0,30.0,37.3,0.0,73.4,49.0
2025-06-26,Pediatrics,154.0,33.0,37.3,0.0,73.4,49.0
2025-06-26,Pulmonology,43.0,11.0,37.3,0.0,73.4,49.0
2025-06-27,Cardiology,69.0,29.0,38.4,65.6,89.1,45.0
2025-06-27,Dermatology,110.0,2.0,38.4,65.6,89.1,45.0
2025-06-27,ENT,42.0,9.0,38.4,65.6,89.1,45.0
2025-06-27,Emergency,57.0,203.0,38.4,65.6,89.1,45.0
2025-06-27,General Medicine,229.0,33.0,38.4,65.6,89.1,45.0
2025-06-27,Orthopedics,15.0,87.0,38.4,65.6,89.1,45.0
2025-06-27,Pediatrics,166.0,,38.4,65.6,89.1,45.0
2025-06-27,Pulmonology,39.0,10.0,38.4,65.6,89.1,45.0
2025-06-28,Cardiology,94.0,51.0,40.2,0.0,78.2,51.0
2025-06-28,Dermatology,143.0,13.0,40.2,0.0,78.2,51.0
2025-06-28,ENT,46.0,12.0,40.2,0.0,78.2,51.0
2025-06-28,Emergency,48.0,169.0,40.2,0.0,78.2,
2025-06-28,General Medicine,187.0,41.0,40.2,,78.2,51.0
2025-06-28,Orthopedics,85.0,48.0,40.2,0.0,78.2,51.0
2025-06-28,Pediatrics,141.0,45.0,40.2,0.0,78.2,51.0
2025-06-28,Pulmonology,39.0,11.0,40.2,0.0,78.2,51.0
2025-06-29,Cardiology,23.0,28.0,33.7,11.0,81.0,
2025-06-29,Dermatology,34.0,6.0,33.7,11.0,81.0,25.0
2025-06-29,ENT,14.0,13.0,33.7,11.0,81.0,25.0
2025-06-29,Emergency,10.0,138.0,33.7,11.0,81.0,25.0
2025-06-29,General Medicine,58.0,35.0,33.7,11.0,81.0,25.0
2025-06-29,Orthopedics,26.0,49.0,33.7,11.0,81.0,25.0
2025-06-29,Pediatrics,51.0,56.0,33.7,11.0,81.0,25.0
2025-06-29,Pulmonology,7.0,11.0,33.7,11.0,81.0,25.0
2025-06-30,Cardiology,92.0,33.0,33.4,29.1,82.8,25.0
2025-06-30,Dermatology,117.0,9.0,33.4,29.1,82.8,25.0
2025-06-30,ENT,46.0,9.0,33.4,29.1,82.8,25.0
2025-06-30,Emergency,41.0,121.0,33.4,29.1,82.8,25.0
2025-06-30,General Medicine,267.0,38.0,33.4,29.1,82.8,25.0
2025-06-30,Orthopedics,63.0,46.0,33.4,29.1,82.8,25.0
2025-06-30,Pediatrics,222.0,44.0,33.4,29.1,82.8,25.0
2025-06-30,Pulmonology,41.0,12.0,33.4,29.1,82.8,25.0
2025-07-01,Cardiology,85.0,26.0,34.9,22.2,86.4,36.0
2025-07-01,Dermatology,120.0,6.0,34.9,22.2,86.4,36.0
2025-07-01,ENT,59.0,11.0,34.9,22.2,86.4,36.0
2025-07-01,Emergency,36.0,133.0,34.9,22.2,86.4,36.0
2025-07-01,General Medicine,214.0,39.0,34.9,22.2,86.4,36.0
2025-07-01,Orthopedics,60.0,44.0,34.9,22.2,86.4,36.0
2025-07-01,Pediatrics,195.0,36.0,34.9,22.2,86.4,36.0
2025-07-01,Pulmonology,44.0,10.0,34.9,22.2,86.4,36.0
2025-07-02,Cardiology,74.0,27.0,35.0,20.7,90.6,61.0
2025-07-02,Dermatology,123.0,1.0,35.0,20.7,90.6,61.0
2025-07-02,ENT,65.0,11.0,35.0,20.7,90.6,61.0
2025-07-02,Emergency,46.0,131.0,35.0,20.7,90.6,61.0
2025-07-02,General Medicine,204.0,29.0,35.0,20.7,90.6,61.0
2025-07-02,Orthopedics,72.0,41.0,35.0,20.7,90.6,61.0
2025-07-02,Pediatrics,186.0,36.0,35.0,20.7,90.6,61.0
2025-07-02,Pulmonology,55.0,18.0,35.0,20.7,90.6,61.0
2025-07-03,Cardiology,70.0,25.0,35.7,41.9,95.0,42.0
2025-07-03,Dermatology,132.0,6.0,35.7,41.9,95.0,42.0
2025-07-03,ENT,56.0,13.0,35.7,41.9,95.0,42.0
2025-07-03,Emergency,40.0,140.0,35.7,41.9,95.0,42.0
2025-07-03,General Medicine,232.0,45.0,35.7,41.9,95.0,42.0
2025-07-03,Orthopedics,45.0,58.0,35.7,41.9,95.0,42.0
2025-07-03,Pediatrics,214.0,39.0,35.7,41.9,95.0,42.0
2025-07-03,Pulmonology,46.0,17.0,35.7,41.9,95.0,42.0
2025-07-04,Cardiology,80.0,25.0,35.0,13.1,85.8,56.0
2025-07-04,Dermatology,125.0,6.0,35.0,13.1,85.8,56.0
2025-07-04,ENT,59.0,11.0,35.0,13.1,85.8,56.0
2025-07-04,Emergency,41.0,135.0,35.0,13.1,85.8,56.0
2025-07-04,General Medicine,217.0,32.0,35.0,13.1,85.8,56.0
2025-07-04,Orthopedics,72.0,43.0,35.0,13.1,85.8,56.0
2025-07-04,Pediatrics,189.0,41.0,35.0,13.1,85.8,56.0
2025-07-04,Pulmonology,53.0,14.0,35.0,13.1,85.8,56.0
2025-07-05,Cardiology,75.0,32.0,35.4,0.0,77.8,84.0
2025-07-05,Dermatology,105.0,7.0,35.4,0.0,77.8,84.0
2025-07-05,ENT,54.0,11.0,35.4,0.0,77.8,84.0
2025-07-05,Emergency,33.0,139.0,35.4,0.0,77.8,84.0
2025-07-05,General Medicine,182.0,28.0,35.4,0.0,77.8,84.0
2025-07-05,Orthopedics,95.0,27.0,35.4,,77.8,84.0
2025-07-05,Pediatrics,146.0,37.0,35.4,0.0,77.8,84.0
2025-07-05,Pulmonology,58.0,15.0,35.4,0.0,77.8,84.0
2025-07-06,Cardiology,19.0,31.0,35.4,2.2,75.2,54.0
2025-07-06,Dermatology,32.0,8.0,35.4,2.2,75.2,54.0
2025-07-06,ENT,16.0,14.0,35.4,2.2,75.2,54.0
2025-07-06,Emergency,10.0,,35.4,2.2,75.2,54.0
2025-07-06,General Medicine,56.0,33.0,35.4,2.2,75.2,54.0
2025-07-06,Orthopedics,26.0,51.0,35.4,2.2,75.2,54.0
2025-07-06,Pediatrics,40.0,48.0,35.4,2.2,75.2,54.0
2025-07-06,Pulmonology,13.0,15.0,35.4,2.2,75.2,
2025-07-07,Cardiology,87.0,21.0,37.0,41.2,86.1,30.0
2025-07-07,Dermatology,127.0,5.0,37.0,41.2,86.1,30.0
2025-07-07,ENT,56.0,12.0,37.0,41.2,86.1,30.0
2025-07-07,Emergency,51.0,148.0,37.0,41.2,86.1,30.0
2025-07-07,General Medicine,257.0,39.0,37.0,41.2,86.1,30.0
2025-07-07,Orthopedics,56.0,54.0,37.0,41.2,86.1,30.0
2025-07-07,Pediatrics,203.0,40.0,37.0,41.2,86.1,30.0
2025-07-07,Pulmonology,48.0,12.0,37.0,41.2,86.1,30.0
2025-07-08,Cardiology,56.0,27.0,36.9,83.8,91.7,38.0
2025-07-08,Dermatology,102.0,9.0,36.9,83.8,91.7,38.0
2025-07-08,ENT,38.0,13.0,36.9,83.8,91.7,38.0
2025-07-08,Emergency,47.0,202.0,36.9,83.8,91.7,38.0
2025-07-08,General Medicine,184.0,37.0,36.9,83.8,91.7,38.0
2025-07-08,Orthopedics,1.0,96.0,36.9,83.8,91.7,38.0
2025-07-08,Pediatrics,166.0,46.0,36.9,83.8,91.7,38.0
2025-07-08,Pulmonology,24.0,12.0,36.9,83.8,91.7,38.0
2025-07-09,Cardiology,82.0,30.0,37.0,33.2,90.0,52.0
2025-07-09,Dermatology,128.0,7.0,37.0,33.2,90.0,52.0
2025-07-09,ENT,63.0,13.0,37.0,33.2,90.0,52.0
2025-07-09,Emergency,43.0,141.0,37.0,33.2,90.0,52.0
2025-07-09,General Medicine,222.0,30.0,37.0,33.2,90.0,52.0
2025-07-09,Orthopedics,55.0,51.0,37.0,33.2,90.0,52.0
2025-07-09,Pediatrics,214.0,44.0,37.0,33.2,90.0,52.0
2025-07-09,Pulmonology,48.0,18.0,37.0,33.2,90.0,52.0
2025-07-10,Cardiology,85.0,28.0,36.1,10.0,85.2,60.0
2025-07-10,Dermatology,120.0,7.0,36.1,10.0,85.2,60.0
2025-07-10,ENT,65.0,9.0,36.1,10.0,85.2,60.0
2025-07-10,Emergency,44.0,123.0,36.1,10.0,85.2,60.0
2025-07-10,General Medicine,219.0,25.0,36.1,10.0,85.2,60.0
2025-07-10,Orthopedics,79.0,45.0,36.1,10.0,85.2,60.0
2025-07-10,Pediatrics,282.0,66.0,36.1,10.0,85.2,60.0
2025-07-10,Pulmonology,52.0,16.0,36.1,10.0,85.2,60.0
2025-07-11,Cardiology,76.0,29.0,35.5,34.2,83.1,48.0
2025-07-11,Dermatology,115.0,6.0,35.5,34.2,,48.0
2025-07-11,ENT,59.0,13.0,35.5,34.2,83.1,48.0
2025-07-11,Emergency,44.0,156.0,35.5,34.2,83.1,48.0
2025-07-11,General Medicine,228.0,34.0,35.5,34.2,83.1,48.0
2025-07-11,Orthopedics,58.0,56.0,35.5,34.2,83.1,48.0
2025-07-11,Pediatrics,196.0,37.0,35.5,34.2,83.1,48.0
2025-07-11,Pulmonology,48.0,15.0,35.5,34.2,83.1,48.0
2025-07-12,Cardiology,72.0,28.0,35.2,13.0,83.0,28.0
2025-07-12,Dermatology,97.0,7.0,35.2,13.0,83.0,28.0
2025-07-12,ENT,48.0,10.0,35.2,13.0,83.0,28.0
2025-07-12,Emergency,40.0,151.0,35.2,13.0,83.0,28.0
2025-07-12,General Medicine,194.0,30.0,35.2,13.0,83.0,28.0
2025-07-12,Orthopedics,64.0,43.0,35.2,13.0,83.0,28.0
2025-07-12,Pediatrics,166.0,40.0,35.2,13.0,83.0,28.0
2025-07-12,Pulmonology,34.0,10.0,35.2,13.0,83.0,28.0
2025-07-13,Cardiology,22.0,34.0,35.9,0.0,75.3,39.0
2025-07-13,Dermatology,34.0,6.0,35.9,0.0,75.3,39.0
2025-07-13,ENT,14.0,10.0,35.9,0.0,75.3,39.0
2025-07-13,Emergency,13.0,135.0,35.9,0.0,75.3,39.0
2025-07-13,General Medicine,60.0,31.0,35.9,0.0,75.3,39.0
2025-07-13,Orthopedics,24.0,35.0,35.9,0.0,75.3,39.0
2025-07-13,Pediatrics,41.0,27.0,35.9,0.0,75.3,39.0
2025-07-13,Pulmonology,8.0,15.0,35.9,0.0,75.3,39.0
2025-07-14,Cardiology,89.0,26.0,35.4,19.1,79.1,44.0
2025-07-14,Dermatology,124.0,2.0,35.4,19.1,79.1,44.0
2025-07-14,ENT,58.0,5.0,35.4,19.1,79.1,44.0
2025-07-14,Emergency,47.0,111.0,35.4,19.1,79.1,44.0
2025-07-14,General Medicine,242.0,39.0,35.4,19.1,79.1,44.0
2025-07-14,Orthopedics,74.0,37.0,35.4,19.1,79.1,44.0
2025-07-14,Pediatrics,213.0,36.0,35.4,19.1,79.1,44.0
2025-07-14,Pulmonology,50.0,19.0,35.4,19.1,79.1,44.0
2025-07-15,Cardiology,69.0,28.0,36.0,44.4,86.3,25.0
2025-07-15,Dermatology,111.0,7.0,36.0,44.4,86.3,25.0
2025-07-15,ENT,50.0,11.0,36.0,44.4,86.3,25.0
2025-07-15,Emergency,48.0,158.0,36.0,44.4,86.3,25.0
2025-07-15,General Medicine,219.0,34.0,36.0,44.4,86.3,25.0
2025-07-15,Orthopedics,43.0,51.0,36.0,44.4,86.3,25.0
2025-07-15,Pediatrics,189.0,41.0,36.0,44.4,86.3,25.0
2025-07-15,Pulmonology,40.0,13.0,36.0,44.4,86.3,25.0
2025-07-16,Cardiology,54.0,32.0,38.5,98.2,96.1,31.0
2025-07-16,Dermatology,109.0,9.0,38.5,98.2,96.1,31.0
2025-07-16,ENT,32.0,13.0,38.5,98.2,96.1,31.0
2025-07-16,Emergency,47.0,221.0,38.5,98.2,96.1,31.0
2025-07-16,General Medicine,191.0,35.0,38.5,98.2,96.1,31.0
2025-07-16,Orthopedics,1.0,126.0,38.5,98.2,96.1,31.0
2025-07-16,Pediatrics,144.0,41.0,38.5,98.2,96.1,31.0
2025-07-16,Pulmonology,27.0,11.0,38.5,98.2,96.1,31.0
2025-07-17,Cardiology,89.0,31.0,38.7,0.0,91.1,69.0
2025-07-17,Dermatology,144.0,9.0,38.7,0.0,91.1,69.0
2025-07-17,ENT,71.0,9.0,38.7,0.0,91.1,69.0
2025-07-17,Emergency,47.0,112.0,38.7,0.0,91.1,69.0
2025-07-17,General Medicine,222.0,23.0,38.7,0.0,91.1,69.0
2025-07-17,Orthopedics,96.0,36.0,38.7,0.0,91.1,69.0
2025-07-17,Pediatrics,184.0,40.0,38.7,0.0,91.1,69.0
2025-07-17,Pulmonology,63.0,19.0,38.7,0.0,91.1,69.0
2025-07-18,Cardiology,82.0,23.0,37.3,30.5,94.5,46.0
2025-07-18,Dermatology,130.0,8.0,37.3,30.5,94.5,46.0
2025-07-18,ENT,62.0,8.0,37.3,30.5,94.5,46.0
2025-07-18,Emergency,45.0,139.0,37.3,30.5,94.5,46.0
2025-07-18,General Medicine,224.0,38.0,37.3,30.5,94.5,46.0
2025-07-18,Orthopedics,59.0,63.0,37.3,30.5,94.5,46.0
2025-07-18,Pediatrics,193.0,42.0,37.3,30.5,94.5,46.0
2025-07-18,Pulmonology,53.0,16.0,37.3,30.5,94.5,46.0
2025-07-19,Cardiology,58.0,33.0,38.3,66.8,95.6,45.0
2025-07-19,Dermatology,113.0,4.0,38.3,66.8,95.6,45.0
2025-07-19,ENT,41.0,13.0,38.3,66.8,95.6,45.0
2025-07-19,Emergency,46.0,186.0,38.3,66.8,95.6,45.0
2025-07-19,General Medicine,191.0,47.0,38.3,66.8,95.6,45.0
2025-07-19,Orthopedics,5.0,109.0,38.3,66.8,95.6,45.0
2025-07-19,Pediatrics,177.0,48.0,38.3,66.8,95.6,45.0
2025-07-19,Pulmonology,35.0,20.0,38.3,66.8,95.6,45.0
2025-07-20,Cardiology,21.0,24.0,37.0,17.3,86.1,47.0
2025-07-20,Dermatology,33.0,3.0,37.0,17.3,86.1,
2025-07-20,ENT,17.0,11.0,37.0,17.3,86.1,47.0
2025-07-20,Emergency,9.0,151.0,37.0,17.3,86.1,
2025-07-20,General Medicine,64.0,29.0,37.0,17.3,86.1,47.0
2025-07-20,Orthopedics,20.0,49.0,37.0,17.3,86.1,47.0
2025-07-20,Pediatrics,53.0,50.0,37.0,17.3,86.1,47.0
2025-07-20,Pediatrics,53.0,50.0,37.0,17.3,86.1,47.0
2025-07-20,Pulmonology,14.0,15.0,37.0,17.3,86.1,47.0
2025-07-21,Cardiology,62.0,33.0,34.2,73.4,97.0,35.0
2025-07-21,Dermatology,119.0,6.0,34.2,73.4,97.0,35.0
2025-07-21,ENT,44.0,9.0,34.2,73.4,97.0,35.0
2025-07-21,Emergency,50.0,192.0,34.2,73.4,97.0,35.0
2025-07-21,General Medicine,235.0,34.0,34.2,73.4,97.0,35.0
2025-07-21,Orthopedics,3.0,85.0,34.2,73.4,97.0,35.0
2025-07-21,Pediatrics,191.0,44.0,34.2,73.4,97.0,35.0
2025-07-21,Pulmonology,37.0,17.0,34.2,73.4,97.0,35.0
2025-07-22,Cardiology,33.0,25.0,,129.8,93.9,48.0
2025-07-22,Dermatology,60.0,9.0,33.6,129.8,93.9,48.0
2025-07-22,ENT,21.0,8.0,33.6,129.8,93.9,48.0
2025-07-22,Emergency,46.0,314.0,33.6,129.8,93.9,48.0
2025-07-22,General Medicine,143.0,41.0,33.6,129.8,93.9,48.0
2025-07-22,Orthopedics,1.0,138.0,33.6,129.8,93.9,48.0
2025-07-22,Pediatrics,119.0,49.0,33.6,129.8,93.9,48.0
2025-07-22,Pulmonology,15.0,14.0,33.6,129.8,93.9,48.0
2025-07-23,Cardiology,82.0,23.0,32.1,24.8,91.9,60.0
2025-07-23,Dermatology,119.0,8.0,32.1,24.8,91.9,60.0
2025-07-23,ENT,66.0,11.0,32.1,24.8,91.9,60.0
2025-07-23,Emergency,47.0,107.0,32.1,24.8,91.9,60.0
2025-07-23,General Medicine,236.0,35.0,32.1,24.8,91.9,60.0
2025-07-23,Orthopedics,65.0,59.0,32.1,24.8,91.9,60.0
2025-07-23,Pediatrics,217.0,47.0,32.1,24.8,91.9,60.0
2025-07-23,Pulmonology,55.0,16.0,32.1,24.8,91.9,60.0
2025-07-24,Cardiology,69.0,25.0,33.0,16.8,87.5,57.0
2025-07-24,Dermatology,119.0,1.0,33.0,16.8,87.5,57.0
2025-07-24,ENT,58.0,9.0,33.0,16.8,87.5,57.0
2025-07-24,Emergency,45.0,135.0,33.0,16.8,87.5,57.0
2025-07-24,General Medicine,215.0,37.0,33.0,16.8,87.5,57.0
2025-07-24,Orthopedics,67.0,50.0,33.0,16.8,87.5,57.0
2025-07-24,Pediatrics,193.0,33.0,33.0,16.8,87.5,57.0
2025-07-24,Pulmonology,55.0,14.0,33.0,16.8,87.5,57.0
2025-07-25,Cardiology,83.0,23.0,34.0,11.5,85.5,65.0
2025-07-25,Dermatology,108.0,5.0,34.0,11.5,85.5,65.0
2025-07-25,ENT,63.0,5.0,34.0,11.5,85.5,65.0
2025-07-25,Emergency,42.0,138.0,34.0,11.5,85.5,65.0
2025-07-25,General Medicine,223.0,30.0,34.0,11.5,85.5,65.0
2025-07-25,Orthopedics,70.0,42.0,34.0,11.5,85.5,65.0
2025-07-25,Pediatrics,183.0,35.0,34.0,11.5,85.5,65.0
2025-07-25,Pulmonology,61.0,17.0,34.0,11.5,85.5,65.0
2025-07-26,Cardiology,71.0,34.0,36.7,19.4,86.6,71.0
2025-07-26,Dermatology,101.0,6.0,36.7,19.4,86.6,71.0
2025-07-26,ENT,61.0,13.0,36.7,19.4,86.6,71.0
2025-07-26,Emergency,41.0,144.0,36.7,19.4,86.6,71.0
2025-07-26,General Medicine,199.0,33.0,36.7,19.4,86.6,71.0
2025-07-26,Orthopedics,56.0,56.0,36.7,19.4,86.6,71.0
2025-07-26,Pediatrics,168.0,40.0,36.7,19.4,86.6,71.0
2025-07-26,Pulmonology,58.0,21.0,36.7,19.4,86.6,71.0
2025-07-26,Pulmonology,58.0,21.0,36.7,19.4,86.6,71.0
2025-07-27,Cardiology,23.0,31.0,,0.0,81.7,52.0
2025-07-27,Dermatology,41.0,5.0,36.7,0.0,81.7,52.0
2025-07-27,ENT,15.0,11.0,,0.0,81.7,
2025-07-27,Emergency,10.0,128.0,36.7,0.0,81.7,52.0
2025-07-27,General Medicine,57.0,34.0,36.7,0.0,81.7,52.0
2025-07-27,Orthopedics,29.0,34.0,36.7,0.0,81.7,52.0
2025-07-27,Pediatrics,43.0,33.0,36.7,0.0,81.7,52.0
2025-07-27,Pulmonology,8.0,18.0,36.7,0.0,81.7,52.0
2025-07-28,Cardiology,100.0,31.0,36.1,0.0,82.9,75.0
2025-07-28,Dermatology,134.0,3.0,36.1,0.0,82.9,75.0
2025-07-28,ENT,71.0,12.0,36.1,0.0,82.9,75.0
2025-07-28,Emergency,45.0,113.0,36.1,0.0,82.9,75.0
2025-07-28,Emergency,45.0,113.0,36.1,0.0,82.9,75.0
2025-07-28,General Medicine,215.0,26.0,36.1,0.0,82.9,75.0
2025-07-28,Orthopedics,105.0,37.0,36.1,0.0,82.9,75.0
2025-07-28,Pediatrics,184.0,37.0,36.1,0.0,82.9,75.0
2025-07-28,Pulmonology,67.0,15.0,36.1,0.0,82.9,75.0
2025-07-29,Cardiology,76.0,23.0,37.0,0.0,78.1,71.0
2025-07-29,Dermatology,122.0,9.0,37.0,0.0,78.1,71.0
2025-07-29,ENT,60.0,9.0,37.0,0.0,78.1,71.0
2025-07-29,Emergency,39.0,129.0,37.0,0.0,78.1,71.0
2025-07-29,General Medicine,213.0,19.0,37.0,0.0,78.1,71.0
2025-07-29,Orthopedics,91.0,31.0,37.0,0.0,78.1,71.0
2025-07-29,Pediatrics,162.0,35.0,37.0,0.0,78.1,71.0
2025-07-29,Pulmonology,52.0,20.0,37.0,0.0,78.1,71.0
2025-07-30,Cardiology,84.0,25.0,33.8,0.0,76.8,78.0
2025-07-30,Dermatology,105.0,9.0,33.8,0.0,76.8,78.0
2025-07-30,ENT,68.0,6.0,33.8,0.0,76.8,78.0
2025-07-30,Emergency,39.0,107.0,33.8,0.0,76.8,78.0
2025-07-30,General Medicine,202.0,24.0,33.8,0.0,76.8,78.0
2025-07-30,Orthopedics,95.0,29.0,33.8,0.0,76.8,78.0
2025-07-30,Pediatrics,146.0,27.0,33.8,0.0,76.8,78.0
2025-07-30,Pulmonology,58.0,14.0,33.8,0.0,76.8,78.0
2025-07-31,Cardiology,83.0,27.0,34.7,6.4,74.5,90.0
2025-07-31,Dermatology,119.0,4.0,34.7,6.4,74.5,90.0
2025-07-31,ENT,61.0,11.0,34.7,6.4,74.5,90.0
2025-07-31,Emergency,42.0,122.0,34.7,6.4,74.5,90.0
2025-07-31,General Medicine,207.0,32.0,34.7,6.4,74.5,90.0
2025-07-31,Orthopedics,69.0,38.0,34.7,6.4,74.5,90.0
2025-07-31,Pediatrics,170.0,38.0,34.7,6.4,74.5,90.0
2025-07-31,Pulmonology,63.0,16.0,34.7,6.4,74.5,90.0
2025-08-01,Cardiology,75.0,29.0,35.9,41.2,85.1,43.0
2025-08-01,Dermatology,132.0,4.0,35.9,41.2,85.1,43.0
2025-08-01,ENT,53.0,11.0,35.9,41.2,85.1,43.0
2025-08-01,Emergency,45.0,140.0,35.9,41.2,85.1,43.0
2025-08-01,General Medicine,233.0,36.0,35.9,41.2,85.1,43.0
2025-08-01,Orthopedics,49.0,48.0,35.9,41.2,85.1,43.0
2025-08-01,Pediatrics,182.0,39.0,35.9,41.2,85.1,43.0
2025-08-01,Pulmonology,44.0,9.0,35.9,41.2,85.1,43.0
2025-08-02,Cardiology,66.0,29.0,34.0,22.6,84.9,46.0
2025-08-02,Dermatology,100.0,8.0,34.0,22.6,84.9,46.0
2025-08-02,ENT,45.0,10.0,34.0,22.6,84.9,46.0
2025-08-02,Emergency,39.0,129.0,34.0,22.6,84.9,46.0
2025-08-02,General Medicine,197.0,42.0,34.0,22.6,84.9,46.0
2025-08-02,Orthopedics,60.0,52.0,34.0,22.6,84.9,46.0
2025-08-02,Pediatrics,174.0,50.0,34.0,22.6,84.9,46.0
2025-08-02,Pulmonology,43.0,16.0,34.0,22.6,84.9,46.0
2025-08-03,Cardiology,26.0,30.0,35.9,17.6,83.9,50.0
2025-08-03,Dermatology,30.0,7.0,35.9,17.6,83.9,50.0
2025-08-03,ENT,15.0,14.0,35.9,17.6,83.9,50.0
2025-08-03,Emergency,15.0,146.0,35.9,17.6,83.9,50.0
2025-08-03,General Medicine,64.0,33.0,35.9,17.6,83.9,50.0
2025-08-03,Orthopedics,19.0,48.0,35.9,17.6,83.9,50.0
2025-08-03,Pediatrics,52.0,46.0,35.9,17.6,83.9,50.0
2025-08-03,Pulmonology,17.0,19.0,35.9,17.6,83.9,50.0
2025-08-04,Cardiology,,26.0,36.1,0.0,84.7,54.0
2025-08-04,Dermatology,141.0,4.0,36.1,0.0,84.7,54.0
2025-08-04,ENT,67.0,9.0,36.1,0.0,84.7,54.0
2025-08-04,Emergency,45.0,113.0,36.1,0.0,84.7,54.0
2025-08-04,General Medicine,219.0,30.0,36.1,0.0,84.7,54.0
2025-08-04,Orthopedics,104.0,24.0,36.1,0.0,84.7,54.0
2025-08-04,Pediatrics,177.0,29.0,36.1,0.0,84.7,54.0
2025-08-04,Pulmonology,62.0,15.0,36.1,0.0,84.7,54.0
2025-08-05,Cardiology,73.0,26.0,35.3,47.7,92.4,59.0
2025-08-05,Dermatology,123.0,4.0,35.3,47.7,92.4,59.0
2025-08-05,ENT,65.0,12.0,35.3,47.7,92.4,59.0
2025-08-05,Emergency,46.0,155.0,35.3,47.7,92.4,59.0
2025-08-05,General Medicine,215.0,36.0,35.3,47.7,92.4,59.0
2025-08-05,Orthopedics,38.0,58.0,35.3,47.7,92.4,59.0
2025-08-05,Pediatrics,210.0,46.0,35.3,47.7,92.4,59.0
2025-08-05,Pulmonology,53.0,15.0,35.3,47.7,92.4,59.0
2025-08-06,Cardiology,73.0,29.0,36.0,0.0,82.2,70.0
2025-08-06,Dermatology,115.0,5.0,36.0,0.0,82.2,70.0
2025-08-06,ENT,62.0,9.0,36.0,0.0,82.2,70.0
2025-08-06,Emergency,36.0,113.0,36.0,0.0,82.2,70.0
2025-08-06,General Medicine,201.0,29.0,36.0,0.0,82.2,70.0
2025-08-06,Orthopedics,91.0,27.0,36.0,0.0,82.2,70.0
2025-08-06,Pediatrics,175.0,29.0,36.0,0.0,82.2,70.0
2025-08-06,Pulmonology,60.0,13.0,36.0,,82.2,70.0
2025-08-07,Cardiology,75.0,32.0,38.4,42.0,84.8,
2025-08-07,Dermatology,130.0,5.0,38.4,42.0,84.8,38.0
2025-08-07,ENT,47.0,10.0,38.4,42.0,84.8,38.0
2025-08-07,Emergency,48.0,146.0,38.4,42.0,84.8,38.0
2025-08-07,General Medicine,223.0,35.0,38.4,42.0,84.8,38.0
2025-08-07,Orthopedics,44.0,60.0,38.4,42.0,84.8,38.0
2025-08-07,Pediatrics,199.0,45.0,38.4,42.0,84.8,38.0
2025-08-07,Pulmonology,43.0,12.0,38.4,42.0,84.8,38.0
2025-08-08,Cardiology,78.0,20.0,37.5,0.0,74.8,70.0
2025-08-08,Dermatology,106.0,8.0,37.5,0.0,74.8,70.0
2025-08-08,ENT,55.0,14.0,37.5,0.0,74.8,70.0
2025-08-08,Emergency,38.0,102.0,37.5,0.0,74.8,70.0
2025-08-08,General Medicine,202.0,24.0,37.5,0.0,74.8,70.0
2025-08-08,Orthopedics,96.0,31.0,37.5,0.0,74.8,70.0
2025-08-08,Pediatrics,154.0,34.0,37.5,0.0,74.8,70.0
2025-08-08,Pulmonology,54.0,12.0,37.5,0.0,74.8,70.0
2025-08-09,Cardiology,77.0,25.0,36.9,14.6,81.4,45.0
2025-08-09,Dermatology,110.0,4.0,36.9,14.6,81.4,45.0
2025-08-09,ENT,52.0,9.0,36.9,14.6,81.4,45.0
2025-08-09,Emergency,47.0,157.0,36.9,14.6,81.4,45.0
2025-08-09,General Medicine,178.0,36.0,36.9,14.6,81.4,45.0
2025-08-09,Orthopedics,60.0,41.0,36.9,14.6,81.4,45.0
2025-08-09,Pediatrics,158.0,,36.9,14.6,81.4,45.0
2025-08-09,Pulmonology,41.0,18.0,36.9,14.6,81.4,45.0
2025-08-10,Cardiology,24.0,35.0,35.7,24.9,86.6,39.0
2025-08-10,Dermatology,35.0,7.0,35.7,24.9,86.6,39.0
2025-08-10,ENT,18.0,7.0,35.7,24.9,86.6,39.0
2025-08-10,Emergency,13.0,153.0,35.7,24.9,86.6,39.0
2025-08-10,General Medicine,59.0,38.0,35.7,24.9,86.6,39.0
2025-08-10,Orthopedics,16.0,62.0,35.7,24.9,86.6,39.0
2025-08-10,Pediatrics,56.0,50.0,35.7,24.9,86.6,39.0
2025-08-10,Pulmonology,12.0,15.0,35.7,24.9,86.6,39.0
2025-08-11,Cardiology,89.0,32.0,34.3,40.5,87.9,40.0
2025-08-11,Dermatology,130.0,5.0,34.3,40.5,87.9,40.0
2025-08-11,ENT,61.0,5.0,34.3,40.5,87.9,40.0
2025-08-11,Emergency,52.0,140.0,34.3,40.5,87.9,40.0
2025-08-11,General Medicine,267.0,28.0,34.3,40.5,87.9,40.0
2025-08-11,Orthopedics,57.0,54.0,34.3,40.5,87.9,40.0
2025-08-11,Pediatrics,232.0,41.0,34.3,40.5,87.9,40.0
2025-08-11,Pulmonology,52.0,15.0,34.3,40.5,87.9,40.0
2025-08-12,Cardiology,80.0,25.0,35.5,18.8,82.0,52.0
2025-08-12,Dermatology,123.0,7.0,35.5,18.8,82.0,52.0
2025-08-12,ENT,56.0,7.0,35.5,18.8,82.0,52.0
2025-08-12,Emergency,43.0,127.0,35.5,18.8,82.0,52.0
2025-08-12,General Medicine,213.0,34.0,35.5,18.8,82.0,52.0
2025-08-12,Orthopedics,70.0,53.0,35.5,18.8,82.0,52.0
2025-08-12,Pediatrics,171.0,48.0,35.5,18.8,82.0,52.0
2025-08-12,Pulmonology,47.0,14.0,35.5,18.8,82.0,52.0
2025-08-13,Cardiology,78.0,20.0,34.2,17.9,76.7,54.0
2025-08-13,Dermatology,110.0,6.0,34.2,17.9,76.7,54.0
2025-08-13,ENT,59.0,13.0,34.2,17.9,76.7,54.0
2025-08-13,Emergency,46.0,135.0,34.2,17.9,76.7,54.0
2025-08-13,General Medicine,226.0,34.0,34.2,17.9,76.7,54.0
2025-08-13,Orthopedics,61.0,56.0,34.2,17.9,76.7,54.0
2025-08-13,Pediatrics,197.0,45.0,34.2,17.9,76.7,54.0
2025-08-13,Pulmonology,52.0,17.0,34.2,17.9,76.7,54.0
2025-08-14,Cardiology,57.0,25.0,34.4,75.3,86.7,35.0
2025-08-14,Dermatology,84.0,6.0,34.4,75.3,86.7,35.0
2025-08-14,ENT,36.0,9.0,34.4,75.3,86.7,35.0
2025-08-14,Emergency,46.0,175.0,34.4,75.3,86.7,35.0
2025-08-14,General Medicine,198.0,33.0,34.4,75.3,86.7,35.0
2025-08-14,Orthopedics,1.0,93.0,34.4,75.3,86.7,35.0
2025-08-14,Pediatrics,156.0,38.0,34.4,75.3,86.7,35.0
2025-08-14,Pulmonology,26.0,13.0,34.4,75.3,86.7,35.0
2025-08-15,Cardiology,81.0,28.0,33.8,0.0,78.5,44.0
2025-08-15,Dermatology,118.0,1.0,33.8,0.0,78.5,44.0
2025-08-15,ENT,52.0,13.0,,0.0,78.5,44.0
2025-08-15,Emergency,38.0,111.0,33.8,0.0,78.5,44.0
2025-08-15,General Medicine,209.0,30.0,33.8,0.0,78.5,44.0
2025-08-15,Orthopedics,87.0,27.0,33.8,0.0,78.5,44.0
2025-08-15,Orthopedics,87.0,27.0,33.8,0.0,78.5,44.0
2025-08-15,Pediatrics,166.0,36.0,33.8,0.0,78.5,44.0
2025-08-15,Pulmonology,44.0,14.0,33.8,0.0,78.5,44.0
2025-08-16,Cardiology,75.0,33.0,34.6,10.4,82.3,51.0
2025-08-16,Dermatology,104.0,4.0,34.6,10.4,82.3,51.0
2025-08-16,ENT,48.0,12.0,34.6,10.4,82.3,51.0
2025-08-16,Emergency,41.0,129.0,34.6,10.4,82.3,51.0
2025-08-16,General Medicine,191.0,33.0,34.6,10.4,82.3,51.0
2025-08-16,Orthopedics,60.0,47.0,34.6,10.4,82.3,51.0
2025-08-16,Pediatrics,161.0,38.0,34.6,10.4,82.3,51.0
2025-08-16,Pulmonology,43.0,12.0,34.6,10.4,82.3,51.0
2025-08-17,Cardiology,25.0,29.0,34.9,22.6,85.7,73.0
2025-08-17,Dermatology,29.0,11.0,34.9,22.6,85.7,73.0
2025-08-17,ENT,16.0,8.0,34.9,22.6,85.7,73.0
2025-08-17,Emergency,12.0,137.0,34.9,22.6,85.7,73.0
2025-08-17,General Medicine,57.0,53.0,34.9,22.6,85.7,73.0
2025-08-17,Orthopedics,18.0,56.0,34.9,22.6,85.7,73.0
2025-08-17,Pediatrics,56.0,44.0,34.9,22.6,85.7,73.0
2025-08-17,Pulmonology,20.0,21.0,34.9,22.6,85.7,73.0
2025-08-18,Cardiology,88.0,26.0,35.9,31.9,86.3,63.0
2025-08-18,Dermatology,153.0,5.0,35.9,31.9,86.3,63.0
2025-08-18,ENT,71.0,8.0,35.9,31.9,86.3,63.0
2025-08-18,Emergency,48.0,159.0,35.9,31.9,86.3,63.0
2025-08-18,General Medicine,247.0,36.0,35.9,31.9,86.3,63.0
2025-08-18,Orthopedics,69.0,43.0,35.9,31.9,86.3,63.0
2025-08-18,Pediatrics,229.0,44.0,35.9,31.9,86.3,63.0
2025-08-18,Pulmonology,66.0,12.0,35.9,31.9,86.3,63.0
2025-08-19,Cardiology,79.0,27.0,34.6,0.0,79.0,84.0
2025-08-19,Dermatology,109.0,3.0,34.6,0.0,79.0,84.0
2025-08-19,ENT,74.0,7.0,34.6,0.0,79.0,84.0
2025-08-19,Emergency,39.0,96.0,34.6,0.0,79.0,84.0
2025-08-19,General Medicine,216.0,22.0,34.6,0.0,79.0,84.0
2025-08-19,Orthopedics,91.0,31.0,34.6,0.0,79.0,84.0
2025-08-19,Pediatrics,175.0,37.0,34.6,0.0,79.0,84.0
2025-08-19,Pulmonology,65.0,23.0,34.6,0.0,79.0,84.0
2025-08-20,Cardiology,52.0,30.0,34.1,86.1,89.5,65.0
2025-08-20,Dermatology,90.0,6.0,34.1,86.1,89.5,65.0
2025-08-20,ENT,43.0,9.0,34.1,86.1,89.5,65.0
2025-08-20,Emergency,47.0,247.0,34.1,,89.5,65.0
2025-08-20,General Medicine,181.0,37.0,34.1,86.1,89.5,65.0
2025-08-20,Orthopedics,1.0,99.0,34.1,86.1,89.5,65.0
2025-08-20,Pediatrics,142.0,46.0,34.1,86.1,89.5,65.0
2025-08-20,Pulmonology,44.0,16.0,34.1,86.1,89.5,65.0
2025-08-21,Cardiology,77.0,22.0,32.8,43.6,89.4,43.0
2025-08-21,Dermatology,102.0,7.0,32.8,43.6,89.4,43.0
2025-08-21,ENT,53.0,9.0,32.8,43.6,89.4,43.0
2025-08-21,Emergency,48.0,150.0,32.8,43.6,89.4,43.0
2025-08-21,General Medicine,224.0,37.0,32.8,43.6,89.4,43.0
2025-08-21,Orthopedics,45.0,67.0,32.8,43.6,89.4,43.0
2025-08-21,Pediatrics,197.0,40.0,32.8,43.6,89.4,43.0
2025-08-21,Pulmonology,50.0,7.0,32.8,43.6,89.4,43.0
2025-08-22,Cardiology,88.0,32.0,32.6,13.0,83.6,86.0
2025-08-22,Dermatology,106.0,1.0,32.6,13.0,83.6,86.0
2025-08-22,ENT,76.0,14.0,32.6,13.0,83.6,86.0
2025-08-22,Emergency,40.0,125.0,32.6,13.0,83.6,86.0
2025-08-22,General Medicine,192.0,28.0,32.6,13.0,83.6,86.0
2025-08-22,Orthopedics,69.0,41.0,32.6,13.0,83.6,86.0
2025-08-22,Pediatrics,195.0,40.0,32.6,13.0,83.6,86.0
2025-08-22,Pulmonology,67.0,27.0,32.6,13.0,83.6,86.0
2025-08-23,Cardiology,69.0,27.0,33.4,34.9,88.9,69.0
2025-08-23,Dermatology,108.0,8.0,33.4,34.9,88.9,69.0
2025-08-23,ENT,57.0,11.0,33.4,34.9,88.9,69.0
2025-08-23,Emergency,41.0,128.0,33.4,34.9,88.9,69.0
2025-08-23,General Medicine,197.0,32.0,33.4,34.9,88.9,69.0
2025-08-23,Orthopedics,51.0,57.0,33.4,34.9,88.9,69.0
2025-08-23,Pediatrics,156.0,43.0,33.4,34.9,88.9,
2025-08-23,Pulmonology,56.0,24.0,33.4,34.9,88.9,69.0
2025-08-24,Cardiology,24.0,28.0,34.3,0.0,77.8,109.0
2025-08-24,Dermatology,27.0,9.0,34.3,0.0,77.8,109.0
2025-08-24,ENT,19.0,11.0,34.3,0.0,77.8,109.0
2025-08-24,Emergency,15.0,138.0,34.3,0.0,77.8,109.0
2025-08-24,General Medicine,61.0,38.0,34.3,0.0,77.8,109.0
2025-08-24,Orthopedics,22.0,36.0,34.3,0.0,77.8,109.0
2025-08-24,Pediatrics,43.0,38.0,34.3,0.0,77.8,109.0
2025-08-24,Pulmonology,23.0,24.0,34.3,0.0,77.8,109.0
2025-08-25,Cardiology,91.0,23.0,32.9,19.2,75.0,76.0
2025-08-25,Dermatology,115.0,10.0,32.9,19.2,75.0,76.0
2025-08-25,ENT,64.0,6.0,32.9,19.2,75.0,76.0
2025-08-25,Emergency,46.0,144.0,32.9,19.2,75.0,76.0
2025-08-25,General Medicine,224.0,29.0,32.9,19.2,75.0,76.0
2025-08-25,Orthopedics,72.0,60.0,32.9,19.2,75.0,76.0
2025-08-25,Pediatrics,195.0,41.0,32.9,19.2,75.0,76.0
2025-08-25,Pulmonology,61.0,17.0,32.9,19.2,75.0,76.0
2025-08-26,Cardiology,72.0,29.0,34.0,4.1,78.1,107.0
2025-08-26,Dermatology,106.0,7.0,34.0,4.1,78.1,107.0
2025-08-26,ENT,67.0,10.0,34.0,4.1,78.1,107.0
2025-08-26,Emergency,42.0,127.0,34.0,4.1,78.1,107.0
2025-08-26,General Medicine,231.0,28.0,34.0,4.1,78.1,107.0
2025-08-26,Orthopedics,73.0,47.0,34.0,4.1,78.1,107.0
2025-08-26,Pediatrics,168.0,31.0,34.0,4.1,78.1,107.0
2025-08-26,Pulmonology,77.0,21.0,34.0,4.1,78.1,107.0
2025-08-27,Cardiology,81.0,27.0,35.3,0.0,75.4,110.0
2025-08-27,Dermatology,115.0,8.0,35.3,0.0,75.4,110.0
2025-08-27,ENT,76.0,11.0,35.3,0.0,75.4,110.0
2025-08-27,Emergency,32.0,104.0,35.3,0.0,75.4,110.0
2025-08-27,General Medicine,205.0,30.0,35.3,0.0,75.4,110.0
2025-08-27,Orthopedics,88.0,21.0,35.3,0.0,75.4,110.0
2025-08-27,Pediatrics,149.0,33.0,35.3,0.0,75.4,110.0
2025-08-27,Pulmonology,76.0,16.0,35.3,0.0,75.4,110.0
2025-08-28,Cardiology,80.0,26.0,35.0,16.6,76.9,97.0
2025-08-28,Dermatology,106.0,5.0,35.0,16.6,76.9,97.0
2025-08-28,ENT,73.0,10.0,35.0,16.6,76.9,97.0
2025-08-28,Emergency,43.0,114.0,35.0,16.6,76.9,97.0
2025-08-28,General Medicine,216.0,33.0,35.0,16.6,76.9,97.0
2025-08-28,Orthopedics,65.0,40.0,35.0,16.6,76.9,97.0
2025-08-28,Pediatrics,178.0,41.0,35.0,16.6,76.9,97.0
2025-08-28,Pulmonology,68.0,22.0,35.0,16.6,76.9,97.0
2025-08-29,Cardiology,77.0,20.0,36.5,43.8,86.5,75.0
2025-08-29,Dermatology,120.0,6.0,36.5,43.8,86.5,75.0
2025-08-29,ENT,61.0,,36.5,43.8,86.5,75.0
2025-08-29,Emergency,54.0,144.0,36.5,43.8,86.5,75.0
2025-08-29,General Medicine,224.0,31.0,36.5,43.8,86.5,75.0
2025-08-29,Orthopedics,42.0,64.0,36.5,43.8,86.5,75.0
2025-08-29,Pediatrics,,48.0,36.5,43.8,86.5,75.0
2025-08-29,Pulmonology,55.0,18.0,36.5,43.8,86.5,75.0
2025-08-30,Cardiology,66.0,24.0,34.2,15.8,79.9,79.0
2025-08-30,Dermatology,98.0,9.0,34.2,15.8,79.9,79.0
2025-08-30,ENT,58.0,7.0,34.2,,79.9,79.0
2025-08-30,Emergency,32.0,130.0,34.2,15.8,79.9,79.0
2025-08-30,General Medicine,193.0,36.0,34.2,15.8,79.9,79.0
2025-08-30,Orthopedics,50.0,53.0,34.2,15.8,79.9,79.0
2025-08-30,Pediatrics,159.0,38.0,34.2,15.8,79.9,79.0
2025-08-30,Pulmonology,56.0,17.0,34.2,15.8,79.9,79.0
2025-08-31,Cardiology,18.0,34.0,32.2,0.0,81.4,102.0
2025-08-31,Dermatology,31.0,5.0,32.2,0.0,81.4,102.0
2025-08-31,ENT,24.0,9.0,32.2,0.0,81.4,102.0
2025-08-31,Emergency,13.0,142.0,32.2,0.0,81.4,102.0
2025-08-31,General Medicine,56.0,36.0,32.2,0.0,81.4,102.0
2025-08-31,Orthopedics,31.0,35.0,32.2,0.0,81.4,102.0
2025-08-31,Pediatrics,46.0,42.0,32.2,0.0,81.4,102.0
2025-08-31,Pulmonology,23.0,17.0,32.2,0.0,81.4,102.0
2025-09-01,Cardiology,82.0,34.0,30.1,17.8,87.0,84.0
2025-09-01,Dermatology,123.0,8.0,30.1,17.8,87.0,84.0
2025-09-01,ENT,74.0,13.0,30.1,17.8,87.0,84.0
2025-09-01,Emergency,52.0,118.0,30.1,17.8,87.0,84.0
2025-09-01,General Medicine,233.0,41.0,30.1,17.8,87.0,84.0
2025-09-01,Orthopedics,70.0,44.0,30.1,17.8,87.0,84.0
2025-09-01,Pediatrics,216.0,42.0,30.1,17.8,87.0,84.0
2025-09-01,Pulmonology,72.0,23.0,30.1,17.8,87.0,84.0
2025-09-02,Cardiology,76.0,27.0,32.7,0.0,83.1,62.0
2025-09-02,Dermatology,111.0,8.0,32.7,0.0,83.1,62.0
2025-09-02,ENT,64.0,12.0,32.7,0.0,,62.0
2025-09-02,Emergency,35.0,121.0,32.7,0.0,83.1,62.0
2025-09-02,General Medicine,226.0,23.0,32.7,0.0,83.1,62.0
2025-09-02,Orthopedics,99.0,29.0,32.7,0.0,83.1,62.0
2025-09-02,Pediatrics,160.0,34.0,32.7,0.0,,62.0
2025-09-02,Pulmonology,56.0,15.0,32.7,0.0,83.1,62.0
2025-09-03,Cardiology,83.0,29.0,33.3,6.7,77.7,46.0
2025-09-03,Dermatology,109.0,6.0,33.3,6.7,77.7,46.0
2025-09-03,ENT,50.0,13.0,33.3,6.7,77.7,46.0
2025-09-03,Emergency,35.0,139.0,33.3,6.7,77.7,46.0
2025-09-03,General Medicine,201.0,26.0,33.3,6.7,77.7,46.0
2025-09-03,Orthopedics,69.0,40.0,33.3,6.7,77.7,46.0
2025-09-03,Pediatrics,175.0,33.0,33.3,6.7,77.7,46.0
2025-09-03,Pulmonology,39.0,10.0,33.3,6.7,77.7,46.0
2025-09-04,Cardiology,67.0,26.0,32.8,50.2,92.4,29.0
2025-09-04,Dermatology,104.0,4.0,32.8,50.2,92.4,29.0
2025-09-04,ENT,48.0,11.0,32.8,50.2,92.4,29.0
2025-09-04,Emergency,45.0,175.0,32.8,50.2,92.4,29.0
2025-09-04,General Medicine,207.0,34.0,32.8,50.2,92.4,29.0
2025-09-04,Orthopedics,33.0,65.0,32.8,50.2,92.4,29.0
2025-09-04,Pediatrics,181.0,49.0,32.8,50.2,92.4,29.0
2025-09-04,Pulmonology,39.0,9.0,32.8,50.2,92.4,29.0
2025-09-05,Cardiology,74.0,20.0,32.8,30.4,87.8,46.0
2025-09-05,Dermatology,121.0,6.0,32.8,30.4,87.8,46.0
2025-09-05,ENT,66.0,10.0,32.8,30.4,87.8,46.0
2025-09-05,Emergency,48.0,141.0,32.8,30.4,87.8,46.0
2025-09-05,General Medicine,209.0,28.0,32.8,30.4,87.8,46.0
2025-09-05,Orthopedics,60.0,50.0,32.8,30.4,87.8,46.0
2025-09-05,Pediatrics,215.0,37.0,32.8,30.4,87.8,46.0
2025-09-05,Pulmonology,53.0,14.0,32.8,30.4,87.8,46.0
2025-09-06,Cardiology,68.0,29.0,31.1,0.0,79.3,68.0
2025-09-06,Dermatology,86.0,8.0,31.1,0.0,79.3,68.0
2025-09-06,ENT,,9.0,31.1,0.0,79.3,68.0
2025-09-06,Emergency,32.0,144.0,31.1,,79.3,68.0
2025-09-06,General Medicine,181.0,28.0,31.1,0.0,79.3,68.0
2025-09-06,Orthopedics,88.0,40.0,31.1,0.0,79.3,68.0
2025-09-06,Pediatrics,145.0,37.0,31.1,0.0,79.3,68.0
2025-09-06,Pulmonology,53.0,23.0,31.1,0.0,,68.0
2025-09-07,Cardiology,24.0,30.0,34.2,13.2,81.5,78.0
2025-09-07,Dermatology,38.0,5.0,34.2,13.2,81.5,78.0
2025-09-07,ENT,18.0,11.0,34.2,13.2,81.5,78.0
2025-09-07,Emergency,9.0,145.0,34.2,13.2,81.5,78.0
2025-09-07,General Medicine,57.0,31.0,34.2,13.2,81.5,78.0
2025-09-07,Orthopedics,24.0,54.0,34.2,13.2,81.5,78.0
2025-09-07,Pediatrics,56.0,50.0,34.2,13.2,81.5,78.0
2025-09-07,Pulmonology,16.0,21.0,34.2,13.2,81.5,78.0
2025-09-08,Cardiology,95.0,26.0,33.4,0.0,72.3,56.0
2025-09-08,Dermatology,110.0,7.0,33.4,,72.3,56.0
2025-09-08,ENT,60.0,12.0,33.4,0.0,,56.0
2025-09-08,Emergency,44.0,115.0,33.4,0.0,72.3,56.0
2025-09-08,General Medicine,231.0,30.0,33.4,0.0,72.3,56.0
2025-09-08,Orthopedics,110.0,26.0,33.4,0.0,72.3,56.0
2025-09-08,Pediatrics,195.0,34.0,33.4,0.0,72.3,56.0
2025-09-08,Pulmonology,57.0,19.0,33.4,0.0,72.3,56.0
2025-09-09,Cardiology,82.0,30.0,32.7,0.0,76.3,64.0
2025-09-09,Dermatology,101.0,8.0,32.7,0.0,76.3,64.0
2025-09-09,ENT,56.0,8.0,32.7,0.0,76.3,64.0
2025-09-09,Emergency,44.0,110.0,32.7,0.0,76.3,
2025-09-09,General Medicine,197.0,30.0,32.7,0.0,76.3,64.0
2025-09-09,Orthopedics,91.0,30.0,32.7,0.0,76.3,64.0
2025-09-09,Pediatrics,176.0,36.0,32.7,0.0,76.3,64.0
2025-09-09,Pulmonology,52.0,13.0,32.7,0.0,76.3,64.0
2025-09-10,Cardiology,83.0,32.0,33.0,17.9,77.4,30.0
2025-09-10,Dermatology,97.0,6.0,33.0,17.9,77.4,30.0
2025-09-10,ENT,42.0,11.0,33.0,17.9,77.4,30.0
2025-09-10,Emergency,37.0,107.0,33.0,17.9,77.4,30.0
2025-09-10,General Medicine,216.0,35.0,33.0,17.9,77.4,30.0
2025-09-10,Orthopedics,66.0,49.0,33.0,17.9,77.4,30.0
2025-09-10,Pediatrics,170.0,45.0,33.0,17.9,77.4,30.0
2025-09-10,Pulmonology,34.0,11.0,33.0,17.9,77.4,30.0
2025-09-11,Cardiology,81.0,29.0,32.9,33.4,78.0,41.0
2025-09-11,Dermatology,105.0,3.0,32.9,33.4,78.0,41.0
2025-09-11,ENT,52.0,11.0,32.9,33.4,78.0,41.0
2025-09-11,Emergency,42.0,121.0,32.9,33.4,78.0,41.0
2025-09-11,General Medicine,226.0,31.0,32.9,33.4,78.0,41.0
2025-09-11,Orthopedics,58.0,61.0,32.9,33.4,78.0,41.0
2025-09-11,Pediatrics,176.0,47.0,32.9,33.4,78.0,41.0
2025-09-11,Pulmonology,41.0,19.0,32.9,33.4,78.0,41.0
2025-09-12,Cardiology,66.0,21.0,32.4,57.9,81.3,39.0
2025-09-12,Dermatology,92.0,6.0,32.4,57.9,81.3,39.0
2025-09-12,ENT,43.0,9.0,32.4,57.9,81.3,39.0
2025-09-12,Emergency,44.0,182.0,32.4,57.9,81.3,39.0
2025-09-12,General Medicine,201.0,36.0,32.4,57.9,81.3,39.0
2025-09-12,Orthopedics,27.0,76.0,32.4,57.9,81.3,39.0
2025-09-12,Pediatrics,146.0,47.0,32.4,57.9,81.3,39.0
2025-09-12,Pulmonology,36.0,12.0,32.4,57.9,81.3,39.0
2025-09-13,Cardiology,70.0,26.0,33.8,25.9,81.6,57.0
2025-09-13,Dermatology,96.0,8.0,33.8,25.9,81.6,57.0
2025-09-13,ENT,52.0,9.0,33.8,25.9,81.6,57.0
2025-09-13,Emergency,43.0,120.0,33.8,25.9,81.6,57.0
2025-09-13,General Medicine,190.0,36.0,33.8,25.9,81.6,57.0
2025-09-13,Orthopedics,57.0,50.0,33.8,25.9,81.6,57.0
2025-09-13,Pediatrics,175.0,43.0,,25.9,81.6,57.0
2025-09-13,Pulmonology,47.0,17.0,33.8,25.9,81.6,57.0
2025-09-14,Cardiology,26.0,30.0,34.3,0.0,74.4,62.0
2025-09-14,Dermatology,27.0,8.0,34.3,0.0,74.4,62.0
2025-09-14,ENT,10.0,10.0,34.3,0.0,74.4,62.0
2025-09-14,ENT,10.0,10.0,34.3,0.0,74.4,62.0
2025-09-14,Emergency,,121.0,34.3,0.0,74.4,62.0
2025-09-14,General Medicine,59.0,27.0,34.3,0.0,74.4,62.0
2025-09-14,Orthopedics,28.0,31.0,34.3,0.0,74.4,62.0
2025-09-14,Pediatrics,97.0,54.0,34.3,0.0,74.4,62.0
2025-09-14,Pulmonology,13.0,16.0,34.3,0.0,74.4,62.0
2025-09-15,Cardiology,95.0,25.0,36.2,0.0,80.4,84.0
2025-09-15,Dermatology,124.0,5.0,36.2,0.0,80.4,84.0
2025-09-15,ENT,76.0,,36.2,0.0,80.4,84.0
2025-09-15,Emergency,50.0,106.0,36.2,0.0,80.4,84.0
2025-09-15,General Medicine,246.0,26.0,36.2,0.0,80.4,84.0
2025-09-15,Orthopedics,108.0,31.0,36.2,0.0,80.4,84.0
2025-09-15,Pediatrics,188.0,35.0,36.2,0.0,80.4,84.0
2025-09-15,Pulmonology,81.0,16.0,36.2,0.0,80.4,84.0
2025-09-16,Cardiology,77.0,24.0,36.7,30.0,83.7,76.0
2025-09-16,Dermatology,127.0,8.0,36.7,30.0,83.7,76.0
2025-09-16,ENT,69.0,10.0,36.7,30.0,83.7,76.0
2025-09-16,Emergency,49.0,124.0,36.7,30.0,83.7,76.0
2025-09-16,General Medicine,233.0,37.0,36.7,30.0,,76.0
2025-09-16,Orthopedics,56.0,58.0,36.7,30.0,83.7,76.0
2025-09-16,Pediatrics,191.0,36.0,36.7,30.0,83.7,76.0
2025-09-16,Pulmonology,57.0,15.0,36.7,30.0,83.7,76.0
2025-09-17,Cardiology,80.0,27.0,37.3,32.7,78.0,
2025-09-17,Dermatology,109.0,5.0,37.3,32.7,78.0,76.0
2025-09-17,ENT,64.0,11.0,37.3,32.7,78.0,76.0
2025-09-17,Emergency,49.0,130.0,37.3,32.7,78.0,76.0
2025-09-17,General Medicine,218.0,37.0,37.3,32.7,78.0,76.0
2025-09-17,Orthopedics,60.0,52.0,37.3,32.7,78.0,76.0
2025-09-17,Pediatrics,173.0,55.0,37.3,32.7,78.0,76.0
2025-09-17,Pulmonology,64.0,19.0,37.3,32.7,78.0,76.0
2025-09-18,Cardiology,79.0,30.0,35.1,0.0,70.1,89.0
2025-09-18,Dermatology,108.0,3.0,35.1,0.0,70.1,89.0
2025-09-18,ENT,62.0,11.0,35.1,0.0,70.1,89.0
2025-09-18,Emergency,,129.0,35.1,0.0,70.1,89.0
2025-09-18,General Medicine,185.0,32.0,35.1,0.0,70.1,89.0
2025-09-18,Orthopedics,88.0,28.0,35.1,0.0,70.1,89.0
2025-09-18,Pediatrics,166.0,36.0,35.1,0.0,70.1,89.0
2025-09-18,Pulmonology,74.0,17.0,35.1,0.0,70.1,89.0
2025-09-19,Cardiology,80.0,20.0,33.0,36.5,86.1,69.0
2025-09-19,Dermatology,108.0,11.0,33.0,36.5,86.1,69.0
2025-09-19,ENT,64.0,13.0,33.0,36.5,86.1,69.0
2025-09-19,Emergency,41.0,128.0,33.0,36.5,86.1,69.0
2025-09-19,General Medicine,230.0,25.0,33.0,36.5,86.1,69.0
2025-09-19,Orthopedics,50.0,53.0,33.0,36.5,86.1,69.0
2025-09-19,Pediatrics,202.0,44.0,33.0,36.5,86.1,69.0
2025-09-19,Pulmonology,58.0,14.0,33.0,36.5,86.1,69.0
2025-09-20,Cardiology,69.0,35.0,32.7,0.0,77.7,78.0
2025-09-20,Dermatology,92.0,6.0,32.7,0.0,77.7,78.0
2025-09-20,ENT,56.0,14.0,32.7,0.0,77.7,78.0
2025-09-20,Emergency,37.0,121.0,32.7,0.0,77.7,78.0
2025-09-20,General Medicine,181.0,27.0,32.7,0.0,77.7,78.0
2025-09-20,Orthopedics,86.0,35.0,32.7,0.0,77.7,78.0
2025-09-20,Pediatrics,138.0,34.0,32.7,0.0,77.7,78.0
2025-09-20,Pulmonology,55.0,19.0,32.7,0.0,77.7,78.0
2025-09-21,Cardiology,17.0,35.0,32.6,69.7,89.3,63.0
2025-09-21,Dermatology,25.0,5.0,32.6,69.7,89.3,63.0
2025-09-21,ENT,14.0,10.0,32.6,69.7,89.3,63.0
2025-09-21,Emergency,13.0,225.0,32.6,69.7,89.3,63.0
2025-09-21,General Medicine,58.0,39.0,32.6,69.7,89.3,63.0
2025-09-21,Orthopedics,1.0,93.0,32.6,69.7,89.3,63.0
2025-09-21,Pediatrics,46.0,46.0,32.6,69.7,89.3,63.0
2025-09-21,Pulmonology,13.0,20.0,32.6,69.7,89.3,63.0
2025-09-22,Cardiology,91.0,24.0,33.7,0.0,77.2,108.0
2025-09-22,Dermatology,125.0,9.0,33.7,0.0,77.2,108.0
2025-09-22,ENT,87.0,,33.7,0.0,77.2,108.0
2025-09-22,Emergency,46.0,103.0,33.7,0.0,77.2,108.0
2025-09-22,General Medicine,217.0,27.0,33.7,0.0,77.2,108.0
2025-09-22,Orthopedics,112.0,32.0,33.7,0.0,77.2,108.0
2025-09-22,Pediatrics,180.0,37.0,33.7,0.0,77.2,108.0
2025-09-22,Pulmonology,87.0,26.0,33.7,0.0,77.2,108.0
2025-09-23,Cardiology,81.0,19.0,31.1,40.4,89.1,87.0
2025-09-23,Dermatology,99.0,5.0,31.1,40.4,89.1,87.0
2025-09-23,ENT,75.0,11.0,31.1,40.4,89.1,87.0
2025-09-23,Emergency,42.0,151.0,31.1,40.4,89.1,87.0
2025-09-23,General Medicine,201.0,35.0,31.1,40.4,89.1,87.0
2025-09-23,Orthopedics,46.0,66.0,31.1,40.4,89.1,87.0
2025-09-23,Pediatrics,193.0,38.0,31.1,40.4,89.1,87.0
2025-09-23,Pulmonology,68.0,19.0,31.1,40.4,89.1,87.0
2025-09-24,Cardiology,76.0,23.0,33.1,20.4,87.4,78.0
2025-09-24,Dermatology,125.0,1.0,33.1,20.4,87.4,78.0
2025-09-24,ENT,74.0,10.0,33.1,20.4,87.4,78.0
2025-09-24,Emergency,45.0,120.0,33.1,20.4,87.4,78.0
2025-09-24,General Medicine,224.0,43.0,33.1,20.4,87.4,78.0
2025-09-24,Orthopedics,64.0,51.0,33.1,20.4,87.4,78.0
2025-09-24,Pediatrics,196.0,39.0,33.1,20.4,87.4,78.0
2025-09-24,Pulmonology,63.0,23.0,33.1,20.4,87.4,78.0
2025-09-25,Cardiology,86.0,25.0,32.4,31.3,93.2,71.0
2025-09-25,Dermatology,114.0,5.0,32.4,31.3,93.2,71.0
2025-09-25,ENT,70.0,10.0,32.4,31.3,93.2,71.0
2025-09-25,Emergency,46.0,132.0,32.4,31.3,93.2,71.0
2025-09-25,General Medicine,215.0,36.0,32.4,31.3,93.2,71.0
2025-09-25,Orthopedics,59.0,39.0,32.4,31.3,93.2,71.0
2025-09-25,Pediatrics,226.0,45.0,32.4,31.3,93.2,71.0
2025-09-25,Pulmonology,64.0,17.0,32.4,31.3,93.2,71.0
2025-09-26,Cardiology,79.0,29.0,31.5,41.3,91.3,42.0
2025-09-26,Dermatology,106.0,3.0,31.5,41.3,91.3,42.0
2025-09-26,ENT,60.0,10.0,31.5,41.3,91.3,42.0
2025-09-26,Emergency,42.0,133.0,31.5,41.3,91.3,42.0
2025-09-26,General Medicine,212.0,26.0,31.5,41.3,91.3,42.0
2025-09-26,Orthopedics,49.0,54.0,31.5,41.3,91.3,42.0
2025-09-26,Pediatrics,187.0,36.0,31.5,41.3,91.3,42.0
2025-09-26,Pulmonology,50.0,17.0,31.5,41.3,91.3,42.0
2025-09-27,Cardiology,62.0,27.0,30.2,16.3,80.3,68.0
2025-09-27,Dermatology,88.0,6.0,30.2,16.3,80.3,68.0
2025-09-27,ENT,55.0,10.0,30.2,16.3,80.3,68.0
2025-09-27,Emergency,37.0,156.0,30.2,16.3,80.3,68.0
2025-09-27,General Medicine,181.0,35.0,30.2,16.3,80.3,68.0
2025-09-27,Orthopedics,56.0,52.0,30.2,16.3,80.3,68.0
2025-09-27,Pediatrics,171.0,40.0,30.2,16.3,80.3,68.0
2025-09-27,Pulmonology,50.0,17.0,30.2,16.3,80.3,68.0
2025-09-28,Cardiology,25.0,24.0,28.5,0.0,76.8,84.0
2025-09-28,Dermatology,23.0,8.0,28.5,0.0,76.8,84.0
2025-09-28,ENT,19.0,13.0,,0.0,76.8,84.0
2025-09-28,Emergency,8.0,137.0,28.5,0.0,76.8,84.0
2025-09-28,General Medicine,59.0,36.0,28.5,0.0,76.8,84.0
2025-09-28,Orthopedics,32.0,38.0,28.5,0.0,76.8,84.0
2025-09-28,Pediatrics,48.0,39.0,28.5,0.0,76.8,84.0
2025-09-28,Pulmonology,18.0,19.0,28.5,0.0,76.8,84.0
2025-09-29,Cardiology,95.0,22.0,30.3,0.0,78.3,55.0
2025-09-29,Dermatology,110.0,3.0,30.3,0.0,78.3,55.0
2025-09-29,ENT,59.0,15.0,30.3,0.0,78.3,55.0
2025-09-29,Emergency,44.0,107.0,30.3,0.0,78.3,55.0
2025-09-29,General Medicine,227.0,29.0,30.3,0.0,78.3,55.0
2025-09-29,Orthopedics,102.0,27.0,30.3,0.0,78.3,55.0
2025-09-29,Pediatrics,173.0,30.0,30.3,0.0,78.3,55.0
2025-09-29,Pulmonology,52.0,14.0,30.3,0.0,78.3,55.0
2025-09-30,Cardiology,63.0,19.0,30.5,73.0,88.4,25.0
2025-09-30,Dermatology,84.0,5.0,30.5,73.0,88.4,25.0
2025-09-30,ENT,34.0,12.0,30.5,73.0,88.4,25.0
2025-09-30,Emergency,49.0,182.0,30.5,73.0,88.4,25.0
2025-09-30,General Medicine,199.0,37.0,30.5,73.0,88.4,25.0
2025-09-30,Orthopedics,2.0,79.0,30.5,73.0,88.4,25.0
2025-09-30,Pediatrics,169.0,42.0,30.5,73.0,88.4,25.0
2025-09-30,Pulmonology,21.0,13.0,30.5,73.0,88.4,25.0
2025-10-01,Cardiology,85.0,27.0,28.9,0.0,49.4,108.0
2025-10-01,Dermatology,67.0,8.0,28.9,0.0,49.4,108.0
2025-10-01,ENT,53.0,13.0,28.9,0.0,49.4,108.0
2025-10-01,Emergency,38.0,116.0,28.9,0.0,49.4,108.0
2025-10-01,General Medicine,178.0,26.0,28.9,0.0,49.4,108.0
2025-10-01,Orthopedics,101.0,19.0,28.9,0.0,49.4,108.0
2025-10-01,Pediatrics,135.0,29.0,28.9,0.0,49.4,108.0
2025-10-01,Pulmonology,62.0,11.0,28.9,0.0,49.4,108.0
2025-10-02,Cardiology,76.0,27.0,27.9,0.0,53.2,111.0
2025-10-02,Dermatology,65.0,4.0,27.9,0.0,53.2,111.0
2025-10-02,ENT,59.0,8.0,27.9,,53.2,111.0
2025-10-02,Emergency,38.0,123.0,27.9,0.0,53.2,111.0
2025-10-02,General Medicine,195.0,40.0,27.9,0.0,53.2,111.0
2025-10-02,Orthopedics,96.0,26.0,27.9,0.0,53.2,111.0
2025-10-02,Pediatrics,149.0,35.0,27.9,0.0,53.2,111.0
2025-10-02,Pulmonology,61.0,18.0,27.9,0.0,53.2,111.0
2025-10-03,Cardiology,75.0,27.0,28.2,0.0,53.8,101.0
2025-10-03,Dermatology,68.0,8.0,28.2,0.0,53.8,101.0
2025-10-03,ENT,49.0,,28.2,0.0,53.8,101.0
2025-10-03,Emergency,41.0,99.0,28.2,0.0,53.8,101.0
2025-10-03,General Medicine,191.0,27.0,28.2,0.0,53.8,101.0
2025-10-03,Orthopedics,95.0,32.0,28.2,0.0,53.8,101.0
2025-10-03,Pediatrics,141.0,35.0,28.2,0.0,53.8,101.0
2025-10-03,Pulmonology,64.0,16.0,28.2,0.0,53.8,101.0
2025-10-04,Cardiology,71.0,36.0,30.8,0.0,53.7,116.0
2025-10-04,Dermatology,68.0,8.0,30.8,0.0,53.7,116.0
2025-10-04,ENT,53.0,11.0,30.8,0.0,53.7,116.0
2025-10-04,Emergency,32.0,115.0,30.8,0.0,53.7,116.0
2025-10-04,General Medicine,172.0,29.0,30.8,0.0,53.7,116.0
2025-10-04,Orthopedics,85.0,30.0,30.8,0.0,53.7,116.0
2025-10-04,Pediatrics,116.0,36.0,30.8,0.0,53.7,116.0
2025-10-04,Pulmonology,57.0,22.0,30.8,0.0,53.7,116.0
2025-10-05,Cardiology,23.0,24.0,30.1,0.0,51.6,124.0
2025-10-05,Dermatology,20.0,8.0,30.1,0.0,51.6,124.0
2025-10-05,ENT,19.0,13.0,30.1,0.0,51.6,124.0
2025-10-05,Emergency,15.0,143.0,30.1,0.0,51.6,124.0
2025-10-05,General Medicine,56.0,31.0,30.1,0.0,51.6,124.0
2025-10-05,Orthopedics,26.0,36.0,30.1,0.0,51.6,124.0
2025-10-05,Pediatrics,38.0,38.0,30.1,0.0,51.6,124.0
2025-10-05,Pulmonology,23.0,20.0,30.1,0.0,51.6,124.0
2025-10-06,Cardiology,87.0,20.0,28.1,0.0,52.7,124.0
2025-10-06,Dermatology,71.0,11.0,28.1,0.0,52.7,124.0
2025-10-06,ENT,68.0,9.0,28.1,0.0,52.7,124.0
2025-10-06,Emergency,40.0,129.0,28.1,0.0,52.7,
2025-10-06,General Medicine,212.0,24.0,28.1,0.0,52.7,124.0
2025-10-06,Orthopedics,98.0,32.0,28.1,0.0,52.7,124.0
2025-10-06,Pediatrics,169.0,31.0,28.1,0.0,52.7,124.0
2025-10-06,Pulmonology,81.0,17.0,28.1,0.0,52.7,124.0
2025-10-07,Cardiology,83.0,32.0,28.2,0.0,50.5,116.0
2025-10-07,Dermatology,67.0,7.0,28.2,0.0,50.5,116.0
2025-10-07,ENT,61.0,8.0,28.2,0.0,50.5,116.0
2025-10-07,Emergency,40.0,104.0,28.2,0.0,50.5,116.0
2025-10-07,General Medicine,186.0,25.0,28.2,0.0,50.5,116.0
2025-10-07,Orthopedics,100.0,37.0,28.2,0.0,50.5,116.0
2025-10-07,Pediatrics,142.0,26.0,28.2,,50.5,116.0
2025-10-07,Pulmonology,67.0,17.0,28.2,0.0,50.5,116.0
2025-10-08,Cardiology,85.0,27.0,28.2,0.0,55.6,136.0
2025-10-08,Dermatology,71.0,8.0,28.2,0.0,55.6,136.0
2025-10-08,ENT,69.0,9.0,28.2,0.0,55.6,136.0
2025-10-08,Emergency,40.0,99.0,28.2,0.0,55.6,136.0
2025-10-08,General Medicine,189.0,16.0,28.2,0.0,55.6,136.0
2025-10-08,Orthopedics,100.0,38.0,28.2,0.0,55.6,136.0
2025-10-08,Pediatrics,144.0,29.0,28.2,0.0,55.6,136.0
2025-10-08,Pulmonology,83.0,16.0,28.2,0.0,55.6,136.0
2025-10-09,Cardiology,82.0,26.0,25.3,0.0,60.1,158.0
2025-10-09,Dermatology,61.0,7.0,25.3,0.0,60.1,158.0
2025-10-09,ENT,75.0,9.0,25.3,0.0,60.1,158.0
2025-10-09,Emergency,32.0,112.0,25.3,0.0,60.1,158.0
2025-10-09,General Medicine,191.0,21.0,25.3,0.0,60.1,158.0
2025-10-09,Orthopedics,93.0,27.0,25.3,0.0,60.1,158.0
2025-10-09,Pediatrics,139.0,35.0,25.3,0.0,60.1,158.0
2025-10-09,Pulmonology,93.0,17.0,25.3,0.0,60.1,158.0
2025-10-10,Cardiology,79.0,32.0,26.4,6.9,53.3,139.0
2025-10-10,Dermatology,57.0,0.0,26.4,6.9,53.3,139.0
2025-10-10,ENT,73.0,12.0,26.4,6.9,53.3,139.0
2025-10-10,Emergency,44.0,118.0,26.4,6.9,53.3,139.0
2025-10-10,General Medicine,186.0,32.0,26.4,6.9,53.3,139.0
2025-10-10,Orthopedics,69.0,43.0,26.4,6.9,53.3,139.0
2025-10-10,Pediatrics,146.0,37.0,26.4,6.9,53.3,139.0
2025-10-10,Pulmonology,81.0,14.0,26.4,6.9,53.3,139.0
2025-10-11,Cardiology,76.0,22.0,26.9,0.0,50.0,132.0
2025-10-11,Dermatology,54.0,9.0,26.9,0.0,50.0,132.0
2025-10-11,ENT,57.0,9.0,26.9,0.0,50.0,132.0
2025-10-11,Emergency,34.0,145.0,26.9,0.0,50.0,132.0
2025-10-11,General Medicine,171.0,27.0,26.9,0.0,50.0,132.0
2025-10-11,Orthopedics,81.0,33.0,26.9,0.0,50.0,132.0
2025-10-11,Pediatrics,121.0,31.0,26.9,0.0,50.0,132.0
2025-10-11,Pulmonology,69.0,19.0,26.9,0.0,50.0,132.0
2025-10-12,Cardiology,26.0,28.0,28.3,0.0,46.6,139.0
2025-10-12,Dermatology,15.0,12.0,28.3,0.0,46.6,139.0
2025-10-12,ENT,18.0,12.0,28.3,0.0,46.6,139.0
2025-10-12,Emergency,7.0,110.0,28.3,0.0,46.6,139.0
2025-10-12,General Medicine,57.0,36.0,28.3,0.0,46.6,139.0
2025-10-12,Orthopedics,24.0,30.0,28.3,0.0,46.6,139.0
2025-10-12,Pediatrics,40.0,40.0,28.3,0.0,46.6,139.0
2025-10-12,Pulmonology,17.0,20.0,28.3,0.0,46.6,139.0
2025-10-13,Cardiology,93.0,24.0,30.5,0.0,47.0,132.0
2025-10-13,Dermatology,68.0,5.0,30.5,0.0,47.0,132.0
2025-10-13,ENT,62.0,13.0,30.5,0.0,47.0,132.0
2025-10-13,Emergency,42.0,91.0,30.5,0.0,47.0,132.0
2025-10-13,General Medicine,201.0,33.0,30.5,0.0,47.0,132.0
2025-10-13,Orthopedics,115.0,32.0,30.5,0.0,47.0,132.0
2025-10-13,Pediatrics,152.0,34.0,30.5,0.0,47.0,132.0
2025-10-13,Pulmonology,86.0,15.0,30.5,0.0,47.0,132.0
2025-10-14,Cardiology,80.0,25.0,31.0,0.0,49.6,130.0
2025-10-14,Dermatology,69.0,6.0,31.0,0.0,49.6,130.0
2025-10-14,ENT,55.0,7.0,31.0,0.0,49.6,130.0
2025-10-14,Emergency,40.0,119.0,31.0,0.0,49.6,130.0
2025-10-14,General Medicine,193.0,26.0,31.0,0.0,49.6,130.0
2025-10-14,Orthopedics,88.0,35.0,31.0,0.0,49.6,130.0
2025-10-14,Pediatrics,125.0,39.0,31.0,0.0,49.6,130.0
2025-10-14,Pulmonology,70.0,13.0,31.0,0.0,49.6,130.0
2025-10-15,Cardiology,79.0,33.0,29.5,0.0,46.9,142.0
2025-10-15,Dermatology,66.0,9.0,29.5,0.0,46.9,142.0
2025-10-15,ENT,57.0,11.0,29.5,0.0,46.9,142.0
2025-10-15,Emergency,36.0,134.0,29.5,0.0,46.9,142.0
2025-10-15,General Medicine,206.0,33.0,29.5,0.0,46.9,142.0
2025-10-15,Orthopedics,96.0,36.0,29.5,0.0,46.9,
2025-10-15,Pediatrics,132.0,34.0,29.5,0.0,46.9,142.0
2025-10-15,Pulmonology,81.0,,29.5,0.0,46.9,142.0
2025-10-16,Cardiology,80.0,35.0,27.5,0.0,47.6,112.0
2025-10-16,Dermatology,58.0,9.0,27.5,0.0,47.6,112.0
2025-10-16,ENT,55.0,6.0,27.5,0.0,47.6,112.0
2025-10-16,Emergency,39.0,108.0,27.5,0.0,47.6,112.0
2025-10-16,General Medicine,204.0,28.0,27.5,0.0,47.6,112.0
2025-10-16,Orthopedics,100.0,29.0,27.5,0.0,47.6,112.0
2025-10-16,Pediatrics,145.0,39.0,27.5,0.0,47.6,112.0
2025-10-16,Pulmonology,61.0,14.0,27.5,0.0,47.6,112.0
2025-10-17,Cardiology,85.0,24.0,30.6,0.9,46.4,136.0
2025-10-17,Dermatology,65.0,4.0,30.6,0.9,46.4,136.0
2025-10-17,ENT,63.0,12.0,30.6,0.9,46.4,136.0
2025-10-17,Emergency,42.0,108.0,30.6,0.9,46.4,136.0
2025-10-17,General Medicine,199.0,32.0,30.6,0.9,46.4,136.0
2025-10-17,Orthopedics,85.0,41.0,30.6,0.9,46.4,136.0
2025-10-17,Pediatrics,149.0,37.0,30.6,0.9,46.4,136.0
2025-10-17,Pulmonology,76.0,23.0,30.6,0.9,46.4,136.0
2025-10-18,Cardiology,67.0,30.0,29.5,0.0,50.6,137.0
2025-10-18,Dermatology,61.0,5.0,29.5,0.0,50.6,137.0
2025-10-18,ENT,54.0,13.0,29.5,0.0,50.6,137.0
2025-10-18,Emergency,32.0,121.0,29.5,0.0,50.6,137.0
2025-10-18,General Medicine,171.0,28.0,29.5,0.0,50.6,137.0
2025-10-18,Orthopedics,85.0,28.0,29.5,0.0,50.6,137.0
2025-10-18,Pediatrics,110.0,31.0,29.5,0.0,50.6,137.0
2025-10-18,Pulmonology,71.0,15.0,29.5,0.0,50.6,137.0
2025-10-19,Cardiology,18.0,35.0,28.7,0.0,52.9,130.0
2025-10-19,Dermatology,21.0,8.0,28.7,0.0,52.9,130.0
2025-10-19,ENT,19.0,12.0,28.7,0.0,52.9,130.0
2025-10-19,Emergency,12.0,136.0,28.7,0.0,52.9,130.0
2025-10-19,General Medicine,47.0,36.0,28.7,0.0,52.9,130.0
2025-10-19,Orthopedics,34.0,32.0,28.7,0.0,52.9,130.0
2025-10-19,Pediatrics,41.0,,28.7,0.0,52.9,130.0
2025-10-19,Pulmonology,19.0,19.0,28.7,0.0,52.9,130.0
2025-10-20,Cardiology,94.0,29.0,28.0,0.0,51.5,129.0
2025-10-20,Dermatology,67.0,5.0,28.0,0.0,51.5,129.0
2025-10-20,ENT,66.0,9.0,28.0,0.0,51.5,129.0
2025-10-20,Emergency,41.0,90.0,28.0,0.0,51.5,129.0
2025-10-20,General Medicine,213.0,34.0,28.0,0.0,51.5,129.0
2025-10-20,Orthopedics,95.0,30.0,28.0,0.0,51.5,129.0
2025-10-20,Pediatrics,143.0,36.0,28.0,0.0,51.5,129.0
2025-10-20,Pulmonology,86.0,17.0,28.0,0.0,51.5,129.0
2025-10-21,Cardiology,80.0,24.0,27.8,0.0,53.8,130.0
2025-10-21,Dermatology,60.0,7.0,27.8,0.0,53.8,130.0
2025-10-21,ENT,65.0,14.0,27.8,0.0,53.8,130.0
2025-10-21,Emergency,39.0,111.0,27.8,0.0,53.8,130.0
2025-10-21,General Medicine,199.0,36.0,27.8,0.0,53.8,130.0
2025-10-21,Orthopedics,91.0,37.0,27.8,0.0,53.8,130.0
2025-10-21,Pediatrics,144.0,31.0,27.8,0.0,53.8,130.0
2025-10-21,Pulmonology,75.0,18.0,27.8,0.0,53.8,130.0
2025-10-22,Cardiology,72.0,23.0,27.2,0.0,52.7,107.0
2025-10-22,Dermatology,64.0,6.0,27.2,0.0,52.7,107.0
2025-10-22,ENT,54.0,9.0,27.2,0.0,52.7,107.0
2025-10-22,Emergency,36.0,108.0,27.2,0.0,52.7,107.0
2025-10-22,General Medicine,188.0,28.0,27.2,0.0,52.7,107.0
2025-10-22,Orthopedics,85.0,29.0,27.2,0.0,52.7,107.0
2025-10-22,Pediatrics,130.0,29.0,27.2,0.0,52.7,107.0
2025-10-22,Pulmonology,62.0,16.0,27.2,0.0,52.7,107.0
2025-10-23,Cardiology,80.0,24.0,26.2,0.0,53.3,135.0
2025-10-23,Dermatology,59.0,4.0,26.2,0.0,53.3,135.0
2025-10-23,ENT,68.0,12.0,26.2,0.0,53.3,135.0
2025-10-23,Emergency,39.0,106.0,26.2,0.0,53.3,135.0
2025-10-23,General Medicine,193.0,37.0,26.2,0.0,53.3,135.0
2025-10-23,Orthopedics,92.0,33.0,26.2,0.0,53.3,135.0
2025-10-23,Pediatrics,133.0,31.0,26.2,0.0,53.3,135.0
2025-10-23,Pulmonology,81.0,12.0,26.2,0.0,53.3,135.0
2025-10-24,Cardiology,69.0,26.0,25.5,0.0,60.5,135.0
2025-10-24,Dermatology,65.0,4.0,25.5,0.0,60.5,135.0
2025-10-24,ENT,68.0,14.0,25.5,0.0,60.5,135.0
2025-10-24,Emergency,41.0,136.0,25.5,0.0,60.5,135.0
2025-10-24,General Medicine,369.0,49.0,25.5,0.0,60.5,
2025-10-24,Orthopedics,93.0,33.0,25.5,0.0,60.5,135.0
2025-10-24,Pediatrics,151.0,38.0,25.5,0.0,60.5,135.0
2025-10-24,Pulmonology,73.0,28.0,25.5,0.0,60.5,135.0
2025-10-25,Cardiology,66.0,28.0,25.6,11.8,66.1,133.0
2025-10-25,Dermatology,68.0,6.0,25.6,11.8,66.1,133.0
2025-10-25,ENT,68.0,16.0,25.6,11.8,66.1,133.0
2025-10-25,Emergency,42.0,152.0,25.6,11.8,66.1,133.0
2025-10-25,General Medicine,182.0,36.0,25.6,11.8,66.1,133.0
2025-10-25,Orthopedics,62.0,50.0,25.6,11.8,66.1,133.0
2025-10-25,Pediatrics,146.0,40.0,25.6,11.8,66.1,133.0
2025-10-25,Pulmonology,70.0,24.0,25.6,11.8,66.1,
2025-10-26,Cardiology,23.0,30.0,25.0,0.0,56.3,152.0
2025-10-26,Dermatology,16.0,7.0,25.0,0.0,56.3,152.0
2025-10-26,ENT,22.0,15.0,25.0,0.0,56.3,152.0
2025-10-26,Emergency,11.0,134.0,25.0,0.0,56.3,152.0
2025-10-26,General Medicine,53.0,33.0,25.0,0.0,56.3,152.0
2025-10-26,Orthopedics,32.0,38.0,25.0,0.0,56.3,152.0
2025-10-26,Pediatrics,36.0,39.0,25.0,0.0,56.3,152.0
2025-10-26,Pulmonology,27.0,20.0,25.0,0.0,56.3,152.0
2025-10-27,Cardiology,97.0,27.0,24.4,0.0,59.5,132.0
2025-10-27,Dermatology,65.0,6.0,24.4,0.0,59.5,132.0
2025-10-27,ENT,79.0,8.0,24.4,0.0,59.5,132.0
2025-10-27,Emergency,41.0,116.0,24.4,0.0,59.5,132.0
2025-10-27,General Medicine,218.0,35.0,24.4,0.0,59.5,132.0
2025-10-27,Orthopedics,105.0,36.0,24.4,0.0,59.5,132.0
2025-10-27,Pediatrics,159.0,32.0,24.4,0.0,59.5,132.0
2025-10-27,Pulmonology,93.0,17.0,24.4,0.0,59.5,132.0
2025-10-28,Cardiology,80.0,28.0,24.8,0.0,61.0,139.0
2025-10-28,Dermatology,65.0,4.0,24.8,0.0,61.0,139.0
2025-10-28,ENT,74.0,13.0,24.8,0.0,61.0,139.0
2025-10-28,Emergency,37.0,116.0,24.8,0.0,61.0,139.0
2025-10-28,General Medicine,196.0,33.0,24.8,0.0,61.0,139.0
2025-10-28,Orthopedics,97.0,33.0,24.8,0.0,61.0,139.0
2025-10-28,Pediatrics,158.0,29.0,24.8,0.0,61.0,139.0
2025-10-28,Pulmonology,90.0,23.0,24.8,0.0,61.0,139.0
2025-10-29,Cardiology,78.0,22.0,24.7,0.0,55.3,133.0
2025-10-29,Dermatology,53.0,8.0,24.7,0.0,55.3,133.0
2025-10-29,ENT,65.0,9.0,24.7,0.0,55.3,133.0
2025-10-29,Emergency,37.0,123.0,24.7,0.0,55.3,133.0
2025-10-29,General Medicine,190.0,19.0,24.7,0.0,55.3,133.0
2025-10-29,Orthopedics,105.0,35.0,24.7,0.0,55.3,133.0
2025-10-29,Pediatrics,,33.0,24.7,0.0,55.3,133.0
2025-10-29,Pulmonology,73.0,21.0,24.7,0.0,55.3,133.0
2025-10-30,Cardiology,82.0,30.0,26.6,0.0,58.0,145.0
2025-10-30,Dermatology,65.0,6.0,26.6,0.0,58.0,145.0
2025-10-30,ENT,70.0,7.0,26.6,0.0,58.0,145.0
2025-10-30,Emergency,32.0,114.0,26.6,0.0,58.0,145.0
2025-10-30,General Medicine,204.0,28.0,26.6,0.0,58.0,145.0
2025-10-30,Orthopedics,89.0,30.0,26.6,0.0,58.0,145.0
2025-10-30,Pediatrics,143.0,34.0,26.6,0.0,58.0,145.0
2025-10-30,Pulmonology,78.0,21.0,26.6,0.0,58.0,145.0
2025-10-31,Cardiology,86.0,32.0,22.8,0.0,63.9,112.0
2025-10-31,Dermatology,55.0,8.0,22.8,0.0,63.9,112.0
2025-10-31,ENT,73.0,12.0,22.8,0.0,63.9,112.0
2025-10-31,Emergency,39.0,115.0,22.8,0.0,63.9,112.0
2025-10-31,General Medicine,192.0,25.0,22.8,0.0,63.9,112.0
2025-10-31,Orthopedics,93.0,19.0,22.8,0.0,63.9,112.0
2025-10-31,Pediatrics,159.0,29.0,22.8,0.0,63.9,112.0
2025-10-31,Pulmonology,63.0,18.0,22.8,0.0,63.9,112.0
2025-11-01,Cardiology,62.0,33.0,24.8,0.0,56.6,187.0
2025-11-01,Dermatology,51.0,7.0,24.8,0.0,56.6,187.0
2025-11-01,ENT,74.0,8.0,24.8,0.0,56.6,187.0
2025-11-01,Emergency,31.0,138.0,24.8,0.0,56.6,187.0
2025-11-01,General Medicine,186.0,39.0,24.8,0.0,56.6,187.0
2025-11-01,Orthopedics,75.0,29.0,24.8,0.0,56.6,187.0
2025-11-01,Pediatrics,121.0,26.0,24.8,0.0,56.6,187.0
2025-11-01,Pulmonology,92.0,29.0,24.8,0.0,56.6,187.0
2025-11-02,Cardiology,21.0,27.0,26.2,0.0,52.9,183.0
2025-11-02,Dermatology,18.0,6.0,26.2,0.0,52.9,183.0
2025-11-02,ENT,24.0,16.0,26.2,0.0,52.9,183.0
2025-11-02,Emergency,16.0,125.0,26.2,0.0,52.9,183.0
2025-11-02,General Medicine,54.0,35.0,26.2,0.0,52.9,183.0
2025-11-02,Orthopedics,29.0,46.0,26.2,0.0,52.9,183.0
2025-11-02,Pediatrics,36.0,24.0,26.2,0.0,52.9,183.0
2025-11-02,Pulmonology,29.0,41.0,26.2,0.0,52.9,183.0
2025-11-03,Cardiology,90.0,24.0,23.0,0.0,58.8,195.0
2025-11-03,Dermatology,61.0,8.0,23.0,0.0,58.8,195.0
2025-11-03,ENT,106.0,8.0,23.0,,58.8,195.0
2025-11-03,Emergency,40.0,112.0,23.0,0.0,58.8,195.0
2025-11-03,General Medicine,221.0,23.0,23.0,0.0,58.8,195.0
2025-11-03,Orthopedics,107.0,31.0,23.0,0.0,58.8,195.0
2025-11-03,Pediatrics,169.0,38.0,23.0,0.0,58.8,195.0
2025-11-03,Pulmonology,126.0,29.0,23.0,0.0,58.8,195.0
2025-11-04,Cardiology,79.0,29.0,23.0,0.0,59.1,204.0
2025-11-04,Dermatology,54.0,,23.0,0.0,59.1,204.0
2025-11-04,ENT,94.0,11.0,23.0,0.0,59.1,204.0
2025-11-04,Emergency,36.0,116.0,23.0,0.0,59.1,204.0
2025-11-04,General Medicine,202.0,29.0,23.0,,59.1,204.0
2025-11-04,Orthopedics,96.0,35.0,23.0,0.0,59.1,204.0
2025-11-04,Pediatrics,139.0,33.0,23.0,0.0,59.1,204.0
2025-11-04,Pulmonology,117.0,28.0,23.0,0.0,59.1,204.0
2025-11-05,Cardiology,75.0,28.0,22.9,9.1,62.3,188.0
2025-11-05,Dermatology,57.0,6.0,,9.1,62.3,188.0
2025-11-05,ENT,91.0,9.0,22.9,9.1,62.3,188.0
2025-11-05,Emergency,42.0,152.0,22.9,9.1,62.3,188.0
2025-11-05,General Medicine,216.0,,22.9,9.1,62.3,188.0
2025-11-05,Orthopedics,74.0,46.0,22.9,9.1,62.3,188.0
2025-11-05,Pediatrics,152.0,32.0,22.9,9.1,62.3,188.0
2025-11-05,Pulmonology,100.0,26.0,22.9,9.1,62.3,188.0
2025-11-06,Cardiology,74.0,23.0,21.5,0.0,60.7,186.0
2025-11-06,Dermatology,49.0,5.0,21.5,0.0,60.7,186.0
2025-11-06,ENT,88.0,12.0,21.5,0.0,60.7,186.0
2025-11-06,Emergency,39.0,111.0,21.5,0.0,60.7,186.0
2025-11-06,General Medicine,204.0,37.0,21.5,0.0,60.7,186.0
2025-11-06,Orthopedics,105.0,25.0,21.5,0.0,60.7,186.0
2025-11-06,Pediatrics,142.0,32.0,21.5,0.0,60.7,186.0
2025-11-06,Pulmonology,118.0,25.0,21.5,0.0,60.7,186.0
2025-11-07,Cardiology,85.0,19.0,21.3,0.0,61.0,190.0
2025-11-07,Dermatology,56.0,8.0,21.3,0.0,61.0,190.0
2025-11-07,ENT,93.0,,21.3,0.0,61.0,190.0
2025-11-07,Emergency,33.0,109.0,21.3,0.0,61.0,190.0
2025-11-07,General Medicine,194.0,27.0,21.3,0.0,61.0,190.0
2025-11-07,Orthopedics,91.0,33.0,21.3,0.0,61.0,190.0
2025-11-07,Pediatrics,139.0,28.0,21.3,0.0,61.0,190.0
2025-11-07,Pulmonology,119.0,26.0,21.3,0.0,61.0,190.0
2025-11-08,Cardiology,72.0,25.0,20.7,0.0,55.2,181.0
2025-11-08,Dermatology,37.0,6.0,20.7,0.0,55.2,181.0
2025-11-08,ENT,73.0,9.0,20.7,0.0,55.2,181.0
2025-11-08,Emergency,31.0,127.0,20.7,0.0,55.2,181.0
2025-11-08,General Medicine,161.0,35.0,20.7,0.0,55.2,181.0
2025-11-08,Orthopedics,80.0,33.0,20.7,0.0,55.2,181.0
2025-11-08,Pediatrics,121.0,38.0,20.7,0.0,55.2,181.0
2025-11-08,Pulmonology,86.0,32.0,20.7,0.0,55.2,181.0
2025-11-09,Cardiology,,36.0,23.7,0.0,59.0,199.0
2025-11-09,Dermatology,14.0,5.0,23.7,0.0,59.0,199.0
2025-11-09,ENT,24.0,11.0,23.7,0.0,59.0,199.0
2025-11-09,Emergency,12.0,140.0,23.7,0.0,59.0,199.0
2025-11-09,General Medicine,52.0,29.0,23.7,0.0,59.0,199.0
2025-11-09,Orthopedics,24.0,39.0,23.7,0.0,59.0,199.0
2025-11-09,Pediatrics,38.0,36.0,23.7,0.0,59.0,199.0
2025-11-09,Pulmonology,29.0,41.0,23.7,0.0,59.0,199.0
2025-11-10,Cardiology,,23.0,24.6,0.0,61.9,195.0
2025-11-10,Dermatology,73.0,5.0,24.6,0.0,61.9,195.0
2025-11-10,ENT,108.0,8.0,24.6,0.0,61.9,195.0
2025-11-10,Emergency,48.0,119.0,24.6,0.0,61.9,195.0
2025-11-10,General Medicine,208.0,24.0,24.6,0.0,61.9,195.0
2025-11-10,Orthopedics,103.0,28.0,24.6,0.0,61.9,195.0
2025-11-10,Pediatrics,156.0,32.0,24.6,0.0,61.9,195.0
2025-11-10,Pulmonology,128.0,37.0,24.6,0.0,61.9,195.0
2025-11-11,Cardiology,74.0,24.0,25.5,12.9,61.5,148.0
2025-11-11,Dermatology,64.0,,25.5,12.9,61.5,148.0
2025-11-11,ENT,74.0,12.0,25.5,12.9,61.5,148.0
2025-11-11,Emergency,46.0,127.0,25.5,12.9,61.5,148.0
2025-11-11,General Medicine,197.0,30.0,25.5,12.9,61.5,148.0
2025-11-11,Orthopedics,68.0,38.0,25.5,12.9,61.5,148.0
2025-11-11,Pediatrics,161.0,45.0,25.5,12.9,61.5,148.0
2025-11-11,Pulmonology,85.0,22.0,25.5,12.9,61.5,148.0
2025-11-12,Cardiology,78.0,23.0,25.4,0.0,50.8,181.0
2025-11-12,Dermatology,48.0,4.0,25.4,0.0,50.8,181.0
2025-11-12,ENT,78.0,9.0,25.4,0.0,50.8,181.0
2025-11-12,Emergency,37.0,88.0,25.4,0.0,50.8,181.0
2025-11-12,General Medicine,192.0,20.0,25.4,0.0,50.8,181.0
2025-11-12,Orthopedics,97.0,34.0,25.4,0.0,50.8,181.0
2025-11-12,Pediatrics,134.0,36.0,25.4,0.0,50.8,181.0
2025-11-12,Pulmonology,111.0,30.0,25.4,0.0,50.8,181.0
2025-11-13,Cardiology,76.0,16.0,23.1,0.0,45.7,178.0
2025-11-13,Dermatology,42.0,6.0,23.1,0.0,45.7,
2025-11-13,ENT,70.0,11.0,23.1,0.0,45.7,178.0
2025-11-13,Emergency,32.0,122.0,23.1,0.0,45.7,178.0
2025-11-13,General Medicine,191.0,30.0,23.1,0.0,45.7,178.0
2025-11-13,Orthopedics,92.0,38.0,23.1,0.0,45.7,178.0
2025-11-13,Pediatrics,144.0,29.0,23.1,0.0,45.7,178.0
2025-11-13,Pulmonology,93.0,25.0,23.1,0.0,45.7,178.0
2025-11-14,Cardiology,82.0,28.0,22.2,0.0,49.7,167.0
2025-11-14,Dermatology,42.0,8.0,22.2,0.0,49.7,167.0
2025-11-14,ENT,75.0,7.0,22.2,0.0,49.7,167.0
2025-11-14,Emergency,32.0,103.0,22.2,0.0,49.7,167.0
2025-11-14,General Medicine,197.0,33.0,22.2,0.0,49.7,167.0
2025-11-14,Orthopedics,97.0,29.0,22.2,0.0,,167.0
2025-11-14,Pediatrics,128.0,33.0,22.2,0.0,49.7,167.0
2025-11-14,Pulmonology,87.0,14.0,22.2,0.0,49.7,167.0
2025-11-15,Cardiology,69.0,32.0,22.8,0.0,51.9,166.0
2025-11-15,Dermatology,44.0,9.0,22.8,0.0,51.9,166.0
2025-11-15,ENT,65.0,13.0,22.8,0.0,51.9,166.0
2025-11-15,Emergency,33.0,125.0,22.8,0.0,51.9,166.0
2025-11-15,General Medicine,190.0,33.0,22.8,0.0,51.9,166.0
2025-11-15,Orthopedics,82.0,40.0,22.8,0.0,51.9,166.0
2025-11-15,Pediatrics,123.0,34.0,22.8,0.0,51.9,166.0
2025-11-15,Pulmonology,79.0,26.0,22.8,0.0,51.9,166.0
2025-11-16,Cardiology,24.0,28.0,21.1,0.0,51.7,183.0
2025-11-16,Dermatology,17.0,4.0,21.1,0.0,51.7,183.0
2025-11-16,ENT,20.0,15.0,21.1,0.0,51.7,183.0
2025-11-16,Emergency,5.0,113.0,21.1,0.0,51.7,183.0
2025-11-16,General Medicine,58.0,28.0,21.1,0.0,51.7,183.0
2025-11-16,Orthopedics,31.0,40.0,21.1,0.0,51.7,183.0
2025-11-16,Pediatrics,39.0,39.0,21.1,0.0,51.7,183.0
2025-11-16,Pulmonology,34.0,23.0,21.1,0.0,51.7,183.0
2025-11-17,Cardiology,87.0,27.0,22.2,0.0,55.0,212.0
2025-11-17,Dermatology,52.0,9.0,22.2,0.0,,212.0
2025-11-17,ENT,106.0,9.0,22.2,0.0,55.0,212.0
2025-11-17,Emergency,46.0,103.0,22.2,0.0,55.0,212.0
2025-11-17,General Medicine,210.0,29.0,22.2,0.0,55.0,212.0
2025-11-17,Orthopedics,105.0,22.0,22.2,0.0,55.0,212.0
2025-11-17,Pediatrics,171.0,31.0,22.2,0.0,55.0,212.0
2025-11-17,Pulmonology,135.0,31.0,22.2,0.0,55.0,212.0
2025-11-18,Cardiology,79.0,21.0,21.8,11.4,54.7,211.0
2025-11-18,Dermatology,46.0,4.0,21.8,11.4,54.7,211.0
2025-11-18,ENT,93.0,8.0,21.8,11.4,54.7,211.0
2025-11-18,Emergency,45.0,125.0,21.8,11.4,54.7,211.0
2025-11-18,General Medicine,198.0,33.0,21.8,11.4,54.7,211.0
2025-11-18,Orthopedics,70.0,52.0,21.8,11.4,54.7,211.0
2025-11-18,Pediatrics,155.0,39.0,21.8,11.4,54.7,211.0
2025-11-18,Pulmonology,118.0,24.0,21.8,11.4,54.7,211.0
2025-11-19,Cardiology,78.0,26.0,21.3,0.0,53.8,210.0
2025-11-19,Dermatology,48.0,8.0,21.3,0.0,53.8,210.0
2025-11-19,ENT,95.0,7.0,21.3,0.0,53.8,210.0
2025-11-19,Emergency,43.0,134.0,21.3,0.0,53.8,210.0
2025-11-19,General Medicine,210.0,32.0,21.3,0.0,53.8,210.0
2025-11-19,Orthopedics,102.0,33.0,21.3,0.0,53.8,210.0
2025-11-19,Pediatrics,138.0,35.0,21.3,0.0,53.8,210.0
2025-11-19,Pulmonology,113.0,31.0,21.3,0.0,53.8,210.0
2025-11-20,Cardiology,79.0,22.0,22.2,0.0,48.8,219.0
2025-11-20,Dermatology,42.0,8.0,22.2,0.0,48.8,219.0
2025-11-20,ENT,93.0,9.0,22.2,0.0,48.8,219.0
2025-11-20,Emergency,37.0,96.0,22.2,0.0,48.8,219.0
2025-11-20,General Medicine,186.0,27.0,22.2,0.0,48.8,219.0
2025-11-20,Orthopedics,99.0,31.0,22.2,0.0,48.8,219.0
2025-11-20,Pediatrics,140.0,34.0,22.2,0.0,48.8,219.0
2025-11-20,Pulmonology,119.0,30.0,22.2,0.0,48.8,219.0
2025-11-21,Cardiology,79.0,28.0,22.4,0.0,49.4,213.0
2025-11-21,Dermatology,46.0,10.0,22.4,0.0,49.4,213.0
2025-11-21,ENT,89.0,12.0,22.4,0.0,49.4,213.0
2025-11-21,Emergency,42.0,126.0,22.4,0.0,49.4,213.0
2025-11-21,General Medicine,187.0,31.0,22.4,0.0,49.4,213.0
2025-11-21,Orthopedics,96.0,26.0,22.4,0.0,49.4,213.0
2025-11-21,Pediatrics,138.0,38.0,22.4,0.0,49.4,213.0
2025-11-21,Pulmonology,120.0,36.0,22.4,0.0,49.4,213.0
2025-11-22,Cardiology,74.0,29.0,21.6,0.0,49.5,205.0
2025-11-22,Dermatology,34.0,6.0,21.6,0.0,49.5,205.0
2025-11-22,ENT,81.0,8.0,21.6,0.0,49.5,205.0
2025-11-22,Emergency,27.0,141.0,21.6,0.0,49.5,205.0
2025-11-22,General Medicine,168.0,28.0,21.6,0.0,49.5,205.0
2025-11-22,Orthopedics,88.0,34.0,21.6,0.0,49.5,205.0
2025-11-22,Pediatrics,119.0,37.0,21.6,0.0,49.5,205.0
2025-11-22,Pulmonology,95.0,31.0,21.6,0.0,49.5,205.0
2025-11-23,Cardiology,23.0,24.0,22.8,0.0,50.4,193.0
2025-11-23,Dermatology,7.0,8.0,22.8,0.0,50.4,193.0
2025-11-23,ENT,24.0,11.0,22.8,0.0,50.4,193.0
2025-11-23,Emergency,14.0,116.0,22.8,0.0,50.4,193.0
2025-11-23,General Medicine,55.0,35.0,22.8,0.0,50.4,193.0
2025-11-23,Orthopedics,25.0,33.0,22.8,0.0,50.4,193.0
2025-11-23,Pediatrics,35.0,40.0,22.8,0.0,50.4,193.0
2025-11-23,Pulmonology,34.0,30.0,22.8,0.0,50.4,193.0
2025-11-24,Cardiology,92.0,25.0,20.8,0.0,49.8,176.0
2025-11-24,Dermatology,42.0,9.0,20.8,0.0,49.8,176.0
2025-11-24,ENT,81.0,9.0,20.8,0.0,49.8,176.0
2025-11-24,Emergency,40.0,103.0,20.8,0.0,49.8,176.0
2025-11-24,General Medicine,205.0,25.0,20.8,0.0,49.8,176.0
2025-11-24,Orthopedics,121.0,31.0,20.8,0.0,49.8,176.0
2025-11-24,Pediatrics,150.0,32.0,20.8,0.0,49.8,176.0
2025-11-24,Pulmonology,102.0,29.0,20.8,0.0,49.8,176.0
2025-11-25,Cardiology,77.0,25.0,21.5,0.0,49.7,183.0
2025-11-25,Dermatology,43.0,7.0,21.5,0.0,49.7,183.0
2025-11-25,ENT,87.0,7.0,21.5,0.0,49.7,183.0
2025-11-25,Emergency,37.0,134.0,21.5,0.0,49.7,183.0
2025-11-25,General Medicine,186.0,25.0,21.5,0.0,49.7,183.0
2025-11-25,Orthopedics,94.0,33.0,21.5,0.0,49.7,183.0
2025-11-25,Pediatrics,136.0,32.0,21.5,0.0,49.7,183.0
2025-11-25,Pulmonology,98.0,27.0,21.5,0.0,49.7,183.0
2025-11-26,Cardiology,68.0,31.0,21.9,0.0,52.9,196.0
2025-11-26,Dermatology,43.0,4.0,21.9,0.0,52.9,196.0
2025-11-26,ENT,92.0,10.0,21.9,0.0,52.9,196.0
2025-11-26,Emergency,36.0,105.0,21.9,0.0,52.9,196.0
2025-11-26,General Medicine,188.0,17.0,21.9,0.0,52.9,196.0
2025-11-26,Orthopedics,94.0,25.0,21.9,0.0,52.9,196.0
2025-11-26,Pediatrics,137.0,33.0,21.9,0.0,52.9,196.0
2025-11-26,Pulmonology,103.0,28.0,21.9,0.0,52.9,196.0
2025-11-27,Cardiology,81.0,22.0,21.0,0.0,50.8,202.0
2025-11-27,Dermatology,39.0,8.0,21.0,0.0,50.8,202.0
2025-11-27,ENT,92.0,11.0,21.0,0.0,50.8,202.0
2025-11-27,Emergency,40.0,108.0,21.0,0.0,50.8,202.0
2025-11-27,General Medicine,202.0,33.0,21.0,0.0,50.8,202.0
2025-11-27,Orthopedics,85.0,34.0,21.0,0.0,50.8,202.0
2025-11-27,Pediatrics,146.0,34.0,21.0,0.0,50.8,202.0
2025-11-27,Pulmonology,108.0,24.0,21.0,0.0,50.8,202.0
2025-11-28,Cardiology,76.0,28.0,21.2,0.0,45.2,201.0
2025-11-28,Dermatology,39.0,5.0,21.2,0.0,45.2,201.0
2025-11-28,ENT,82.0,13.0,21.2,0.0,45.2,201.0
2025-11-28,Emergency,35.0,107.0,21.2,0.0,45.2,201.0
2025-11-28,General Medicine,206.0,28.0,21.2,0.0,45.2,201.0
2025-11-28,Orthopedics,87.0,25.0,21.2,0.0,45.2,201.0
2025-11-28,Pediatrics,134.0,29.0,21.2,0.0,45.2,201.0
2025-11-28,Pulmonology,107.0,22.0,21.2,0.0,45.2,201.0
2025-11-29,Cardiology,73.0,26.0,19.3,0.0,54.3,193.0
2025-11-29,Dermatology,33.0,10.0,19.3,0.0,54.3,193.0
2025-11-29,ENT,79.0,14.0,19.3,0.0,54.3,193.0
2025-11-29,Emergency,34.0,114.0,19.3,0.0,54.3,193.0
2025-11-29,General Medicine,162.0,37.0,19.3,0.0,54.3,193.0
2025-11-29,Orthopedics,88.0,32.0,19.3,0.0,54.3,193.0
2025-11-29,Pediatrics,137.0,38.0,19.3,0.0,54.3,193.0
2025-11-29,Pulmonology,104.0,29.0,19.3,0.0,54.3,193.0
2025-11-30,Cardiology,26.0,28.0,20.7,0.0,57.6,209.0
2025-11-30,Dermatology,10.0,7.0,20.7,0.0,57.6,209.0
2025-11-30,ENT,27.0,11.0,20.7,0.0,57.6,209.0
2025-11-30,Emergency,7.0,143.0,20.7,0.0,57.6,209.0
2025-11-30,General Medicine,52.0,33.0,20.7,0.0,57.6,209.0
2025-11-30,Orthopedics,25.0,41.0,20.7,0.0,57.6,209.0
2025-11-30,Pediatrics,38.0,32.0,20.7,0.0,57.6,209.0
2025-11-30,Pulmonology,33.0,35.0,20.7,0.0,57.6,209.0
2025-12-01,Cardiology,83.0,23.0,20.2,0.0,50.7,
2025-12-01,Dermatology,41.0,5.0,20.2,0.0,50.7,194.0
2025-12-01,ENT,91.0,6.0,20.2,0.0,50.7,194.0
2025-12-01,Emergency,46.0,125.0,20.2,0.0,50.7,194.0
2025-12-01,General Medicine,221.0,25.0,20.2,0.0,50.7,194.0
2025-12-01,Orthopedics,103.0,27.0,20.2,0.0,50.7,194.0
2025-12-01,Pediatrics,159.0,34.0,20.2,0.0,50.7,194.0
2025-12-01,Pulmonology,126.0,27.0,20.2,0.0,50.7,194.0
2025-12-02,Cardiology,78.0,24.0,19.4,0.0,53.6,212.0
2025-12-02,Dermatology,42.0,3.0,19.4,0.0,53.6,212.0
2025-12-02,ENT,89.0,13.0,19.4,0.0,53.6,212.0
2025-12-02,Emergency,39.0,117.0,19.4,0.0,53.6,212.0
2025-12-02,General Medicine,178.0,29.0,19.4,0.0,53.6,212.0
2025-12-02,Orthopedics,91.0,27.0,19.4,0.0,53.6,212.0
2025-12-02,Pediatrics,132.0,31.0,19.4,0.0,53.6,212.0
2025-12-02,Pulmonology,129.0,27.0,19.4,0.0,53.6,212.0
2025-12-03,Cardiology,75.0,30.0,20.8,3.3,51.3,198.0
2025-12-03,Dermatology,38.0,,20.8,3.3,51.3,198.0
2025-12-03,ENT,82.0,10.0,20.8,3.3,51.3,198.0
2025-12-03,Emergency,44.0,120.0,20.8,3.3,51.3,198.0
2025-12-03,General Medicine,218.0,31.0,20.8,3.3,51.3,198.0
2025-12-03,Orthopedics,86.0,37.0,20.8,3.3,51.3,198.0
2025-12-03,Pediatrics,142.0,34.0,20.8,3.3,51.3,198.0
2025-12-03,Pulmonology,111.0,30.0,20.8,3.3,51.3,198.0
2025-12-04,Cardiology,70.0,28.0,19.5,0.0,52.2,195.0
2025-12-04,Dermatology,39.0,6.0,19.5,0.0,52.2,195.0
2025-12-04,ENT,86.0,14.0,19.5,0.0,52.2,195.0
2025-12-04,Emergency,35.0,134.0,19.5,0.0,52.2,195.0
2025-12-04,General Medicine,192.0,28.0,19.5,0.0,52.2,195.0
2025-12-04,Orthopedics,92.0,26.0,19.5,0.0,52.2,195.0
2025-12-04,Pediatrics,144.0,29.0,19.5,0.0,52.2,195.0
2025-12-04,Pulmonology,113.0,28.0,19.5,0.0,52.2,195.0
2025-12-05,Cardiology,78.0,21.0,17.8,0.0,53.6,182.0
2025-12-05,Dermatology,30.0,5.0,17.8,0.0,53.6,182.0
2025-12-05,ENT,86.0,8.0,17.8,0.0,53.6,182.0
2025-12-05,Emergency,35.0,102.0,17.8,0.0,53.6,182.0
2025-12-05,General Medicine,192.0,21.0,17.8,0.0,53.6,182.0
2025-12-05,Orthopedics,98.0,33.0,17.8,0.0,53.6,182.0
2025-12-05,Pediatrics,138.0,36.0,17.8,0.0,53.6,182.0
2025-12-05,Pulmonology,100.0,22.0,17.8,0.0,53.6,182.0
2025-12-06,Cardiology,76.0,24.0,16.4,0.0,52.7,186.0
2025-12-06,Dermatology,27.0,8.0,16.4,0.0,52.7,186.0
2025-12-06,ENT,65.0,9.0,16.4,0.0,52.7,186.0
2025-12-06,Emergency,40.0,131.0,16.4,0.0,52.7,186.0
2025-12-06,General Medicine,171.0,31.0,16.4,0.0,52.7,186.0
2025-12-06,Orthopedics,83.0,29.0,16.4,0.0,52.7,186.0
2025-12-06,Pediatrics,117.0,35.0,16.4,0.0,52.7,
2025-12-06,Pulmonology,80.0,29.0,16.4,0.0,52.7,186.0
2025-12-07,Cardiology,25.0,32.0,18.1,0.0,49.3,209.0
2025-12-07,Dermatology,5.0,5.0,18.1,0.0,49.3,209.0
2025-12-07,ENT,24.0,9.0,18.1,0.0,49.3,209.0
2025-12-07,Emergency,9.0,130.0,18.1,0.0,49.3,209.0
2025-12-07,General Medicine,55.0,37.0,18.1,0.0,49.3,209.0
2025-12-07,Orthopedics,25.0,35.0,18.1,0.0,49.3,209.0
2025-12-07,Pediatrics,38.0,40.0,18.1,0.0,49.3,209.0
2025-12-07,Pulmonology,31.0,32.0,18.1,0.0,49.3,209.0
2025-12-08,Cardiology,94.0,28.0,16.9,0.0,48.4,219.0
2025-12-08,Dermatology,33.0,6.0,16.9,0.0,48.4,219.0
2025-12-08,ENT,106.0,13.0,16.9,0.0,48.4,219.0
2025-12-08,Emergency,41.0,112.0,16.9,0.0,48.4,219.0
2025-12-08,General Medicine,216.0,32.0,16.9,0.0,48.4,219.0
2025-12-08,Orthopedics,113.0,35.0,16.9,0.0,48.4,219.0
2025-12-08,Pediatrics,147.0,37.0,16.9,0.0,48.4,219.0
2025-12-08,Pulmonology,132.0,29.0,16.9,0.0,48.4,219.0
2025-12-09,Cardiology,76.0,29.0,19.7,0.0,45.9,233.0
2025-12-09,Dermatology,36.0,7.0,19.7,0.0,45.9,233.0
2025-12-09,ENT,101.0,14.0,19.7,0.0,45.9,233.0
2025-12-09,Emergency,35.0,128.0,19.7,0.0,45.9,233.0
2025-12-09,General Medicine,193.0,33.0,19.7,0.0,45.9,233.0
2025-12-09,Orthopedics,88.0,31.0,19.7,0.0,45.9,233.0
2025-12-09,Pediatrics,147.0,34.0,19.7,0.0,45.9,233.0
2025-12-09,Pulmonology,125.0,28.0,19.7,0.0,45.9,233.0
2025-12-10,Cardiology,84.0,34.0,16.9,0.0,46.2,236.0
2025-12-10,Dermatology,27.0,5.0,16.9,0.0,46.2,236.0
2025-12-10,ENT,101.0,15.0,16.9,0.0,46.2,236.0
2025-12-10,Emergency,36.0,141.0,16.9,0.0,46.2,236.0
2025-12-10,General Medicine,194.0,32.0,16.9,0.0,46.2,236.0
2025-12-10,Orthopedics,88.0,23.0,16.9,0.0,46.2,236.0
2025-12-10,Pediatrics,138.0,32.0,16.9,0.0,46.2,236.0
2025-12-10,Pulmonology,142.0,34.0,16.9,0.0,46.2,236.0
2025-12-11,Cardiology,82.0,24.0,19.6,0.0,47.5,215.0
2025-12-11,Dermatology,30.0,5.0,19.6,0.0,47.5,215.0
2025-12-11,ENT,91.0,10.0,19.6,0.0,47.5,215.0
2025-12-11,Emergency,39.0,122.0,19.6,0.0,47.5,215.0
2025-12-11,General Medicine,185.0,24.0,19.6,0.0,47.5,215.0
2025-12-11,Orthopedics,88.0,31.0,19.6,0.0,47.5,215.0
2025-12-11,Pediatrics,132.0,29.0,19.6,0.0,47.5,215.0
2025-12-11,Pulmonology,102.0,27.0,19.6,0.0,47.5,215.0
2025-12-12,Cardiology,79.0,22.0,19.5,0.0,46.7,212.0
2025-12-12,Dermatology,32.0,3.0,19.5,0.0,46.7,212.0
2025-12-12,ENT,85.0,13.0,19.5,0.0,,212.0
2025-12-12,Emergency,38.0,95.0,19.5,0.0,46.7,212.0
2025-12-12,General Medicine,176.0,28.0,19.5,0.0,46.7,212.0
2025-12-12,Orthopedics,93.0,26.0,19.5,0.0,46.7,212.0
2025-12-12,Pediatrics,109.0,33.0,19.5,0.0,46.7,212.0
2025-12-12,Pulmonology,114.0,31.0,19.5,0.0,46.7,212.0
2025-12-13,Cardiology,72.0,33.0,19.1,0.0,51.2,203.0
2025-12-13,Dermatology,37.0,5.0,19.1,0.0,51.2,203.0
2025-12-13,ENT,74.0,10.0,19.1,0.0,51.2,203.0
2025-12-13,Emergency,38.0,149.0,19.1,0.0,51.2,203.0
2025-12-13,General Medicine,151.0,31.0,19.1,0.0,51.2,203.0
2025-12-13,Orthopedics,86.0,24.0,19.1,0.0,51.2,203.0
2025-12-13,Pediatrics,126.0,28.0,19.1,0.0,51.2,203.0
2025-12-13,Pulmonology,107.0,30.0,19.1,0.0,51.2,203.0
2025-12-14,Cardiology,27.0,28.0,18.2,0.0,56.9,226.0
2025-12-14,Dermatology,17.0,7.0,18.2,0.0,56.9,226.0
2025-12-14,ENT,26.0,8.0,18.2,0.0,56.9,226.0
2025-12-14,Emergency,18.0,131.0,18.2,0.0,56.9,226.0
2025-12-14,General Medicine,55.0,37.0,18.2,0.0,56.9,226.0
2025-12-14,Orthopedics,28.0,42.0,18.2,0.0,56.9,226.0
2025-12-14,Pediatrics,41.0,33.0,18.2,0.0,56.9,226.0
2025-12-14,Pulmonology,41.0,44.0,18.2,0.0,56.9,226.0
2025-12-15,Cardiology,84.0,25.0,18.7,0.0,52.8,207.0
2025-12-15,Dermatology,39.0,5.0,18.7,0.0,52.8,207.0
2025-12-15,ENT,98.0,15.0,18.7,0.0,52.8,207.0
2025-12-15,Emergency,43.0,94.0,18.7,0.0,52.8,207.0
2025-12-15,General Medicine,227.0,25.0,18.7,0.0,52.8,207.0
2025-12-15,Orthopedics,106.0,32.0,18.7,0.0,52.8,207.0
2025-12-15,Pediatrics,168.0,29.0,18.7,0.0,52.8,207.0
2025-12-15,Pulmonology,123.0,30.0,18.7,0.0,52.8,207.0
2025-12-16,Cardiology,77.0,35.0,18.5,,53.3,223.0
2025-12-16,Dermatology,31.0,0.0,18.5,0.0,53.3,223.0
2025-12-16,ENT,109.0,11.0,18.5,0.0,53.3,223.0
2025-12-16,Emergency,36.0,122.0,18.5,0.0,53.3,223.0
2025-12-16,General Medicine,187.0,29.0,18.5,0.0,53.3,223.0
2025-12-16,Orthopedics,89.0,21.0,18.5,0.0,53.3,223.0
2025-12-16,Pediatrics,155.0,37.0,18.5,0.0,53.3,223.0
2025-12-16,Pulmonology,124.0,36.0,18.5,0.0,53.3,223.0
2025-12-17,Cardiology,79.0,31.0,19.7,0.0,54.1,234.0
2025-12-17,Dermatology,37.0,7.0,19.7,0.0,54.1,234.0
2025-12-17,ENT,103.0,13.0,19.7,0.0,54.1,234.0
2025-12-17,Emergency,38.0,118.0,19.7,0.0,54.1,234.0
2025-12-17,General Medicine,199.0,32.0,19.7,0.0,54.1,234.0
2025-12-17,Orthopedics,106.0,28.0,19.7,0.0,54.1,234.0
2025-12-17,Pediatrics,157.0,34.0,19.7,0.0,54.1,234.0
2025-12-17,Pulmonology,144.0,37.0,19.7,0.0,54.1,234.0
2025-12-18,Cardiology,83.0,28.0,19.3,0.0,54.9,255.0
2025-12-18,Dermatology,41.0,6.0,19.3,0.0,54.9,255.0
2025-12-18,ENT,119.0,17.0,19.3,0.0,54.9,255.0
2025-12-18,Emergency,42.0,138.0,19.3,0.0,54.9,255.0
2025-12-18,General Medicine,228.0,31.0,19.3,0.0,54.9,255.0
2025-12-18,Orthopedics,101.0,27.0,19.3,0.0,54.9,255.0
2025-12-18,Pediatrics,153.0,44.0,19.3,0.0,54.9,255.0
2025-12-18,Pulmonology,169.0,52.0,19.3,0.0,54.9,255.0
2025-12-19,Cardiology,75.0,29.0,19.0,0.0,53.9,239.0
2025-12-19,Dermatology,39.0,7.0,19.0,0.0,53.9,239.0
2025-12-19,ENT,115.0,8.0,19.0,0.0,53.9,239.0
2025-12-19,Emergency,46.0,132.0,19.0,0.0,53.9,239.0
2025-12-19,General Medicine,201.0,26.0,19.0,0.0,53.9,239.0
2025-12-19,Orthopedics,87.0,29.0,19.0,0.0,53.9,239.0
2025-12-19,Pediatrics,158.0,38.0,19.0,0.0,53.9,239.0
2025-12-19,Pulmonology,138.0,44.0,19.0,0.0,53.9,239.0
2025-12-20,Cardiology,73.0,38.0,18.2,0.0,56.0,243.0
2025-12-20,Dermatology,32.0,7.0,18.2,0.0,56.0,243.0
2025-12-20,ENT,104.0,16.0,18.2,0.0,56.0,243.0
2025-12-20,Emergency,39.0,143.0,18.2,0.0,56.0,243.0
2025-12-20,General Medicine,191.0,37.0,18.2,0.0,56.0,243.0
2025-12-20,Orthopedics,71.0,32.0,18.2,0.0,56.0,243.0
2025-12-20,Pediatrics,136.0,34.0,18.2,0.0,56.0,243.0
2025-12-20,Pulmonology,142.0,42.0,18.2,0.0,56.0,243.0
2025-12-21,Cardiology,26.0,38.0,18.0,0.0,56.1,267.0
2025-12-21,Dermatology,14.0,9.0,18.0,0.0,56.1,267.0
2025-12-21,ENT,32.0,18.0,18.0,0.0,56.1,267.0
2025-12-21,Emergency,10.0,144.0,18.0,0.0,56.1,267.0
2025-12-21,General Medicine,53.0,37.0,18.0,0.0,56.1,267.0
2025-12-21,Orthopedics,26.0,34.0,18.0,0.0,56.1,267.0
2025-12-21,Pediatrics,54.0,50.0,18.0,,56.1,267.0
2025-12-21,Pulmonology,51.0,47.0,18.0,0.0,56.1,267.0
2025-12-22,Cardiology,99.0,31.0,18.3,0.0,50.1,244.0
2025-12-22,Dermatology,32.0,9.0,18.3,0.0,50.1,244.0
2025-12-22,ENT,124.0,12.0,18.3,0.0,50.1,244.0
2025-12-22,Emergency,42.0,140.0,18.3,0.0,50.1,
2025-12-22,General Medicine,213.0,33.0,18.3,0.0,50.1,244.0
2025-12-22,Orthopedics,92.0,30.0,18.3,0.0,50.1,244.0
2025-12-22,Pediatrics,179.0,39.0,18.3,0.0,50.1,244.0
2025-12-22,Pulmonology,166.0,44.0,18.3,0.0,50.1,244.0
2025-12-23,Cardiology,81.0,24.0,16.1,0.0,54.7,215.0
2025-12-23,Dermatology,31.0,6.0,16.1,0.0,54.7,215.0
2025-12-23,ENT,105.0,5.0,16.1,0.0,54.7,215.0
2025-12-23,Emergency,36.0,111.0,16.1,0.0,54.7,215.0
2025-12-23,General Medicine,199.0,30.0,16.1,0.0,54.7,215.0
2025-12-23,Orthopedics,92.0,37.0,16.1,0.0,54.7,215.0
2025-12-23,Pediatrics,134.0,29.0,16.1,0.0,54.7,215.0
2025-12-23,Pulmonology,121.0,21.0,16.1,0.0,54.7,215.0
2025-12-24,Cardiology,96.0,42.0,15.0,0.0,57.4,190.0
2025-12-24,Dermatology,36.0,6.0,15.0,0.0,57.4,190.0
2025-12-24,ENT,100.0,14.0,15.0,0.0,57.4,190.0
2025-12-24,Emergency,41.0,133.0,15.0,0.0,57.4,190.0
2025-12-24,General Medicine,215.0,36.0,15.0,0.0,57.4,190.0
2025-12-24,Orthopedics,100.0,34.0,15.0,0.0,57.4,190.0
2025-12-24,Pediatrics,150.0,44.0,15.0,0.0,57.4,190.0
2025-12-24,Pulmonology,115.0,32.0,15.0,0.0,57.4,190.0
2025-12-25,Cardiology,79.0,26.0,16.8,0.0,52.4,209.0
2025-12-25,Dermatology,29.0,3.0,16.8,0.0,52.4,209.0
2025-12-25,ENT,89.0,10.0,16.8,0.0,52.4,209.0
2025-12-25,Emergency,40.0,93.0,16.8,0.0,52.4,209.0
2025-12-25,General Medicine,186.0,27.0,16.8,0.0,52.4,209.0
2025-12-25,Orthopedics,96.0,34.0,,0.0,52.4,209.0
2025-12-25,Pediatrics,138.0,33.0,16.8,0.0,52.4,209.0
2025-12-25,Pulmonology,105.0,30.0,16.8,0.0,52.4,209.0
2025-12-26,Cardiology,77.0,23.0,17.3,0.0,52.4,185.0
2025-12-26,Dermatology,28.0,10.0,17.3,0.0,52.4,185.0
2025-12-26,ENT,87.0,6.0,17.3,0.0,52.4,185.0
2025-12-26,Emergency,36.0,118.0,17.3,0.0,52.4,185.0
2025-12-26,General Medicine,191.0,30.0,17.3,0.0,52.4,185.0
2025-12-26,Orthopedics,99.0,27.0,17.3,0.0,52.4,185.0
2025-12-26,Pediatrics,133.0,32.0,17.3,0.0,52.4,185.0
2025-12-26,Pulmonology,99.0,22.0,17.3,0.0,52.4,185.0
2025-12-27,Cardiology,72.0,33.0,17.1,0.0,54.9,190.0
2025-12-27,Dermatology,26.0,8.0,17.1,0.0,54.9,190.0
2025-12-27,ENT,73.0,12.0,17.1,0.0,54.9,190.0
2025-12-27,Emergency,35.0,108.0,17.1,0.0,54.9,190.0
2025-12-27,General Medicine,172.0,24.0,17.1,0.0,54.9,190.0
2025-12-27,Orthopedics,91.0,37.0,17.1,0.0,54.9,190.0
2025-12-27,Pediatrics,131.0,38.0,17.1,0.0,54.9,190.0
2025-12-27,Pulmonology,95.0,30.0,17.1,0.0,54.9,190.0
2025-12-28,Cardiology,25.0,30.0,17.2,0.0,53.1,205.0
2025-12-28,Dermatology,6.0,8.0,17.2,0.0,53.1,205.0
2025-12-28,ENT,26.0,15.0,17.2,0.0,53.1,205.0
2025-12-28,Emergency,11.0,110.0,17.2,0.0,53.1,205.0
2025-12-28,General Medicine,53.0,33.0,17.2,0.0,53.1,205.0
2025-12-28,Orthopedics,28.0,35.0,17.2,0.0,53.1,205.0
2025-12-28,Pediatrics,38.0,38.0,17.2,0.0,53.1,205.0
2025-12-28,Pulmonology,32.0,37.0,17.2,0.0,53.1,205.0
2025-12-29,Cardiology,90.0,25.0,17.7,3.0,57.1,210.0
2025-12-29,Dermatology,40.0,5.0,17.7,3.0,57.1,210.0
2025-12-29,ENT,105.0,12.0,17.7,3.0,57.1,210.0
2025-12-29,Emergency,45.0,133.0,17.7,3.0,57.1,210.0
2025-12-29,General Medicine,201.0,33.0,17.7,3.0,57.1,210.0
2025-12-29,Orthopedics,91.0,36.0,17.7,3.0,57.1,210.0
2025-12-29,Pediatrics,165.0,,17.7,3.0,57.1,210.0
2025-12-29,Pulmonology,131.0,26.0,17.7,3.0,57.1,210.0
2025-12-30,Cardiology,84.0,26.0,16.9,0.0,63.3,220.0
2025-12-30,Dermatology,41.0,6.0,16.9,0.0,63.3,220.0
2025-12-30,ENT,100.0,10.0,16.9,0.0,63.3,220.0
2025-12-30,Emergency,41.0,125.0,16.9,0.0,63.3,220.0
2025-12-30,General Medicine,213.0,31.0,16.9,0.0,63.3,220.0
2025-12-30,Orthopedics,93.0,33.0,16.9,0.0,63.3,220.0
2025-12-30,Pediatrics,152.0,33.0,16.9,0.0,63.3,220.0
2025-12-30,Pulmonology,133.0,34.0,16.9,0.0,63.3,220.0
2025-12-31,Cardiology,76.0,31.0,16.1,0.0,56.5,
2025-12-31,Dermatology,26.0,5.0,16.1,0.0,56.5,223.0
2025-12-31,ENT,103.0,12.0,16.1,0.0,56.5,
2025-12-31,Emergency,36.0,115.0,16.1,0.0,56.5,223.0
2025-12-31,General Medicine,198.0,31.0,16.1,0.0,56.5,223.0
2025-12-31,Orthopedics,86.0,32.0,16.1,0.0,56.5,223.0
2025-12-31,Pediatrics,154.0,32.0,16.1,0.0,56.5,223.0
2025-12-31,Pulmonology,122.0,29.0,16.1,0.0,56.5,223.0
